mask	swap_count	HYPER_abs_mean_log_response__24S_OHC	HYPER_abs_mean_log_response__25_OHC	HYPER_abs_mean_log_response__27_OHC	HYPER_abs_mean_log_response__7B_OHC	HYPER_abs_mean_log_response__7_KC	CONTROL_abs_mean_log_response__24S_OHC	CONTROL_abs_mean_log_response__25_OHC	CONTROL_abs_mean_log_response__27_OHC	CONTROL_abs_mean_log_response__7B_OHC	CONTROL_abs_mean_log_response__7_KC
0	0	0.8116716999246032	1.6960456575564422	0.55870993909453859	3.3545892213166928	3.4777672818744136	0.077308249695605374	0.15195757315169867	0.027731387271828511	0.03987505243131937	0.093612859856826061
1	1	0.87397682194696424	1.7284013311939952	0.53849370188684831	2.7060407612660327	2.8870965783134386	0.12921487887258426	0.070381984992526861	0.093907996586846273	0.062463968749708144	0.030595560292729151
2	1	0.5856042540592028	1.3625359273065787	0.39021247403501103	2.9579535063363438	3.001249940187201	0.089733527776045055	0.13969911833374002	0.024901160290695924	0.12888405506243908	0.0043133260325449426
3	2	0.64790937608156385	1.3948916009441312	0.36999623682732063	2.3094050462856837	2.410579236626226	0.1416401569530239	0.058123530174568214	0.041275449024321842	0.15147297138082788	0.067330625596641908
4	1	0.63952487943909142	1.4199812436957824	0.46326794122369452	2.6032538476774705	2.7566232024475359	0.059530463765074849	0.12731884132081003	0.0028076002372314306	0.06132023238437443	0.028532435598956785
5	2	0.70183000146145247	1.4523369173333354	0.44305170401600413	1.9547053876268095	2.1659524988865608	0.0076238345880959959	0.0457432531616382	0.068984209552249195	0.038731316065985608	0.091549735163053758
6	2	0.41345743357369108	1.0864715134459189	0.29477047616416707	2.206618132697121	2.2801058607603233	0.047105185684635176	0.11506038650285137	0.049824947325293002	0.02768877024674532	0.12645862148832787
7	3	0.47576255559605213	1.1188271870834714	0.27455423895647668	1.5580696726464605	1.6894351571993482	0.0048014434923436709	0.033484798343679546	0.016351661989724757	0.050277686565134094	0.18947592105242481
8	1	0.61414122412623762	1.4751587588929662	0.49134418372292499	2.7730499988596136	2.8870273241742792	0.022789720897925424	0.060162254482384103	0.02563156184487243	0.1090579132143833	0.059693190614317625
9	2	0.67644634614859878	1.5075144325305192	0.4711279465152346	2.1245015388089534	2.2963566206133046	0.074696350074904258	0.021413333676787709	0.091808171159890192	0.13164682953277212	0.12271049017841458
10	2	0.38807377826083733	1.1416490286431027	0.32284671866339748	2.376414283879265	2.410509982487067	0.035214998978365074	0.04790379966442547	0.027000985717652005	0.19806691584550301	0.15761937650368868
11	3	0.45037890028319849	1.1740047022806555	0.30263048145570715	1.7278658238286044	1.8198392789260918	0.087121628155343939	0.03367178849474637	0.039175623597365761	0.22065583216389184	0.22063667606778559
12	2	0.44199440364072584	1.1990943450323066	0.39590218585208103	2.0217146252203912	2.1658832447474019	0.11404899256275484	0.035523522651495443	0.00070777481027534952	0.0078626283986894981	0.1818384860701005
13	3	0.50429952566308711	1.2314500186698596	0.37568594864439064	1.3731661651697304	1.5752125411864264	0.062142363385775966	0.046052065507676376	0.066884384125293114	0.030451544717078317	0.24485578563419744
14	3	0.2159269577753255	0.86558461478244308	0.2274047207925535	1.6250789102400423	1.6893659030601893	0.10162371448231515	0.023265067833536792	0.051924772752249083	0.096871631029809252	0.27976467195947152
15	4	0.2782320797976866	0.89794028841999585	0.20718848358486311	0.97653045018938156	1.0986951994992138	0.049717085305336292	0.058310520325635017	0.014251836562768678	0.11946054734819803	0.34278197152356848
16	1	0.46282809283457488	1.2226059831358982	0.39003207959705666	2.5129920620432125	2.5324633377815156	0.0077048847498119351	0.17911788138351104	0.0068067838246301249	0.34137883138430719	0.17822812954397255
17	2	0.52513321485693587	1.254961656773451	0.36981584238936627	1.8644436019925519	1.94179263422054	0.059611513926790795	0.097542293224339202	0.059369825490387648	0.36396774770269602	0.24124542910806951
18	2	0.23676064696917445	0.88909625288603455	0.22153461453752912	2.116356347062863	2.0559459960943025	0.020130162830251607	0.16685942656555239	0.05943933138715455	0.43038783401542691	0.27615431543334357
19	3	0.29906576899153559	0.92145192652358732	0.20131837732983873	1.4678078870122029	1.4652752925333277	0.072036792007230468	0.085283838406380569	0.0067372779278632028	0.45297675033381574	0.33917161499744053
20	2	0.29068127234906305	0.94654156927523836	0.2945900817262127	1.7616566884039895	1.8113192583546376	0.12913382871086831	0.15447914955262237	0.031730570859227203	0.24018354656861343	0.30037342499975545
21	3	0.35298639437142415	0.97889724291279134	0.27437384451852231	1.1131082283533289	1.2206485547936623	0.077227199533889443	0.072903561393450556	0.034446038455790563	0.26277246288700223	0.36339072456385241
22	3	0.064613826483662734	0.61303183902537473	0.12609261666668509	1.3650209734236405	1.3348019166674248	0.11670855063042862	0.14222069473466373	0.084363118421751634	0.32919254919973306	0.39829961088912647
23	4	0.12691894850602384	0.6453875126629276	0.10587637945899471	0.7164725133729799	0.74413121310644981	0.064801921453449762	0.060645106575491915	0.018186509106733872	0.35178146551812189	0.46131691045322343
24	2	0.2652976170362093	1.0017190844724222	0.32266632422544311	1.931452839586133	1.9417233800813811	0.04681364404786803	0.087322562714196444	0.0089066092515862061	0.4105616921673711	0.3315341800151162
25	3	0.3276027390585704	1.0340747581099752	0.30245008701775278	1.2829043795354724	1.3510526765204058	0.0050929851291108162	0.0057469745550246341	0.057270000063431567	0.43315060848575992	0.39455147957921316
26	3	0.039230171170808972	0.66820935422255867	0.15416885916591555	1.5348171246057842	1.4652060383941685	0.03438836596742835	0.075064107896237811	0.061539156814110617	0.49957069479849087	0.42946036590448733
27	4	0.10153529319317009	0.70056502786011143	0.13395262195822516	0.88626866455512354	0.87453533483319335	0.017518263209550487	0.0065114802629340079	0.0046374525009071216	0.5221596111168797	0.49247766546858429
28	3	0.093150796550697579	0.7256546706117627	0.22722432635459916	1.18011746594691	1.2205793006545034	0.1836523575085483	0.062683830883307798	0.033830396286183284	0.30936640735167736	0.45367947547089915
29	4	0.15545591857305868	0.75801034424931557	0.20700808914690877	0.53156900589624978	0.62990859709352831	0.13174572833156942	0.018891757275864014	0.032346213028834482	0.33195532367006619	0.51669677503499611
30	4	0.13291664931470276	0.3921449403618989	0.058726861295071563	0.78348175096656114	0.74406195896729077	0.17122707942810861	0.050425376065349158	0.086462943848707716	0.39837540998279708	0.55160566136027023
31	5	0.07061152729234163	0.42450061399945171	0.038510624087381172	0.13493329091590081	0.15339125540631554	0.11932045025112976	0.031150212093822665	0.020286334533689953	0.42096432630118585	0.61462296092436719
32	1	0.55014427751953821	1.0801755431243305	0.30552986750998129	2.3648877172853453	2.4778334645880489	0.042307108002091753	0.17572564270196564	0.05295287798247654	0.24609474450469621	0.082995480319824441
33	2	0.61244939954189925	1.1125312167618833	0.2853136303022909	1.7163392572346854	1.8871627610270736	0.094213737179070584	0.094150054542793793	0.11912948729749429	0.26868366082308492	0.019978180755727534
34	2	0.32407683165413775	0.74666581287446676	0.13703240245045367	1.9682520023049968	2.0013161229008363	0.054732386082531427	0.16346718788400696	0.00032033041995211677	0.33510374713581587	0.014930705569546556
35	3	0.38638195367649891	0.77902148651201952	0.11681616524276328	1.3197035422543362	1.4106454193398608	0.10663901525951025	0.081891599724835146	0.066496939734969882	0.3576926634542047	0.077948005133643528
36	2	0.37799745703402643	0.8041111292636709	0.21008786963913728	1.613552343646123	1.7566893851611709	0.094531605458588477	0.15108691087107698	0.028029090947879476	0.14489945968900239	0.039149815135958402
37	3	0.44030257905638753	0.83646680290122366	0.18987163243144684	0.96500388359546252	1.1660186816001956	0.042624976281609626	0.069511322711905146	0.094205700262897235	0.16748837600739122	0.10216711470005538
38	3	0.15193001116862603	0.47060139901380699	0.041590404579609719	1.2169166286657738	1.2801720434739583	0.082106327378148811	0.13882845605311833	0.02460345661464497	0.23390846232012211	0.13707600102532949
39	4	0.21423513319098716	0.5029570726513598	0.021374167371919328	0.5683681686151133	0.68950133991298324	0.03019969820116996	0.057252867893946499	0.041573152700372804	0.25649737863851091	0.20009330058942645
40	2	0.35261380172117263	0.85928864446085473	0.23816411213836775	1.7833484948282667	1.8870935068879144	0.012211420795588217	0.083930324032651035	0.050853052555520459	0.31527760528776005	0.070310570151319252
41	3	0.41491892374353379	0.8916443180984075	0.21794787493067735	1.1348000347776062	1.2964228033269394	0.039695208381390637	0.0023547358734792218	0.1170296618705382	0.33786652160614883	0.13332786971541619
42	3	0.12654635585577229	0.52577891421099088	0.069666647078840141	1.3867127798479175	1.4105761652007021	0.0002138572848514486	0.071671869214692402	0.0017794950070039652	0.40428660791887977	0.1682367560406903
43	4	0.18885147787813344	0.55813458784854375	0.04945040987114975	0.73816431979725705	0.81990546163972677	0.052120486461830304	0.0099037189444794171	0.0643971143080138	0.4268755242372686	0.23125405560478723
44	3	0.18046698123566091	0.5832242306001949	0.14272211426752374	1.0320131211890438	1.1659494274610367	0.14905013425626845	0.059291592201762389	0.025929265520923395	0.21408232047206627	0.19245586560710215
45	4	0.24277210325802204	0.61557990423774778	0.12250587705983333	0.38346466113838329	0.57527872390006163	0.097143505079289594	0.022283995957409437	0.092105874835941154	0.2366712367904551	0.25547316517119911
46	4	0.045600464629739393	0.24971450035033102	0.025775350792003836	0.63537740620869465	0.68943208577382431	0.13662485617582881	0.047033137383803755	0.026703282041601051	0.30309132310318604	0.29038205149647311
47	5	0.01670465739262169	0.28207017398788398	0.045991587999694217	0.013171053841965551	0.098761382212848942	0.084718226998849927	0.034542450775368085	0.039473327273416722	0.32568023942157476	0.35339935106057008
48	2	0.20130067042950986	0.60673586870378649	0.13685200801249933	1.523290558011865	1.5325295204951503	0.027296256943701684	0.20288595093377798	0.018414706886017908	0.54759852345768401	0.18884550908097422
49	3	0.26360579245187094	0.63909154234133925	0.11663577080480894	0.8747420979612045	0.94185881693417506	0.024610372233277167	0.12131036277460616	0.084591316201035688	0.57018743977607278	0.2518628086450711
50	3	0.024766775435890499	0.27322613845392257	0.031645457047028216	1.1266548430315158	1.0560121788079377	0.014870978863262014	0.19062749611581933	0.034217840676506517	0.63660752608880367	0.28677169497034521
51	4	0.037538346586470629	0.3055818120914755	0.051861694254718593	0.4781063829808555	0.46534147524696268	0.037035650313716841	0.10905190795664751	0.031958768638511249	0.65919644240719255	0.34978899453444218
52	3	0.029153849943998066	0.33067145484312671	0.041410010141655351	0.7719551843726421	0.81138544106827248	0.16413497040438191	0.17824721910288929	0.0065090801485791685	0.44640323864199016	0.31099080453675704
53	4	0.091458971966359187	0.36302712848067953	0.021193772933964961	0.12340672432198171	0.22071473750729761	0.11222834122740308	0.096671630943717488	0.059667529166438603	0.46899215496037899	0.374008104100854
54	4	0.1969135959214022	0.0028382754067371565	0.12708745491787227	0.3753194693922931	0.3348680993810601	0.15170969232394227	0.16598876428493065	0.059141627711103595	0.53541224127310993	0.40891699042612811
55	5	0.1346084738990411	0.029517398230815783	0.14730369212556266	0.27322899065836748	0.25580260417991502	0.099803063146963411	0.084413176125758854	0.0070349816039141618	0.55800115759149871	0.47193428999022508
56	3	0.0037701946311443635	0.3858489700403106	0.069486252640885773	0.94175133555478574	0.94178956279501624	0.081814785741381665	0.1110906322644634	0.01631488145906183	0.61678138424074791	0.3421515595521179
57	4	0.066075316653505467	0.41820464367786342	0.049270015433195383	0.29320287550412527	0.35111885923404113	0.029908156564402804	0.029515044105291578	0.082491490774079607	0.63937030055913679	0.40516885911621481
58	4	0.22229725123425595	0.052339239790446725	0.099011212418641803	0.54511562057443674	0.46527222110780364	0.069389507660941985	0.098832177446504771	0.036317666103462598	0.70579038687186768	0.44007774544148892
59	5	0.15999212921189482	0.08469491342799966	0.11922744962633218	0.10343283947622392	0.12539848245317145	0.017482878483963134	0.017256589287332928	0.029858943211555168	0.72837930319025657	0.50309504500558588
60	4	0.16837662585436736	0.10978455617965086	0.025955745229958204	0.19041596191556298	0.22064548336813861	0.21865349920206195	0.08645190043357473	0.0086089055755352497	0.51558609942505418	0.4642968550079008
61	5	0.10607150383200623	0.14214022981720362	0.046171982437648584	0.45813249813509715	0.37002522019283624	0.16674687002508307	0.0048763122744029195	0.057567703739482522	0.53817501574344306	0.52731415457199771
62	5	0.3944440717197677	0.22372517407021295	0.19445321028948581	0.20621975306478629	0.25587185831907405	0.20622822112162226	0.074193445615616097	0.061241453138059662	0.60459510205617395	0.56222304089727193
63	6	0.33213894969740659	0.19136950043266002	0.2146694474971762	0.85476821311544637	0.84654256188004928	0.15432159194464337	0.0073821425435557199	0.0049351561769580806	0.62718401837456272	0.62524034046136878
64	1	0.64742842345981233	1.3739030105331629	0.51003103217913026	2.8816431360102888	3.1127028693801497	0.05149476551091766	0.067721589852887426	0.026549658320559565	0.54501168182176118	0.64196065269333746
65	2	0.70973354548217338	1.4062586841707159	0.48981479497143976	2.2330946759596286	2.5220321658191742	0.10340139468789653	0.14929717801205925	0.03962695099445819	0.52242276550337241	0.57894335312924061
66	2	0.42136097759441193	1.0403932802832994	0.34153356711960259	2.4850074210299398	2.6361855276929367	0.063920043591357334	0.079980044670846059	0.079182205883084	0.45600267919064147	0.5440344668039665
67	3	0.48366609961677298	1.0727489539208519	0.3213173299119122	1.8364589609792799	2.0455148241319616	0.11582667276833618	0.16155563283001789	0.013005596568066238	0.43341376287225264	0.48101716723986954
68	2	0.47528160297430055	1.0978385966725033	0.41458903430828614	2.1303077623710664	2.3915587899532715	0.085343947949762577	0.092360321683776059	0.051473445355156647	0.64620696663745503	0.51981535723755468
69	3	0.5375867249966616	1.130194270310056	0.39437279710059581	1.4817593023204059	1.8008880863922965	0.03343731877278372	0.17393590984294791	0.014703163959861109	0.62361805031906614	0.45679805767345771
70	3	0.24921415710890016	0.76432886642263953	0.24609156924875869	1.7336720473907175	1.9150414482660589	0.072918669869322911	0.10461877650173471	0.10410599291768108	0.55719796400633526	0.42188917134818354
71	4	0.31151927913126121	0.7966845400601924	0.2258753320410683	1.0851235873400569	1.3243707447050839	0.021012040692344042	0.18619436466090655	0.037929383602663312	0.53460904768794637	0.35887187178408664
72	2	0.44989794766144675	1.1530161118696871	0.44266527680751661	2.3001039135532104	2.5219629116800153	0.0030237632867622932	0.15951690852220199	0.028649483747515646	0.47582882103869723	0.48865460222219381
73	3	0.51220306968380791	1.1853717855072401	0.42244903959982621	1.6515554535025494	1.93129220811904	0.048882865890216544	0.24109249668137381	0.037527125567502109	0.4532399047203084	0.42563730265809685
74	3	0.22383050179604641	0.81950638161982337	0.2741678117479891	1.903468198572861	2.0454455699928027	0.0094015147936773562	0.17177536334016064	0.081282031310040082	0.38681981840757745	0.39072841633282274
75	4	0.28613562381840751	0.85186205525737635	0.25395157454029871	1.2549197385222004	1.4547748664318276	0.061308143970656218	0.25335095149933246	0.015105421995022319	0.36423090208918862	0.32771111676872589
76	3	0.27775112717593498	0.8769516980090275	0.3472232789366726	1.548768539913987	1.8008188322531375	0.13986247674744257	0.18415564035309068	0.053573270782112728	0.57702410585439101	0.36650930676641102
77	4	0.34005624919829608	0.90930737164658049	0.32700704172898221	0.90022007986332686	1.2101481286921623	0.087955847570463694	0.2657312285122625	0.012603338532905028	0.55443518953600213	0.30349200720231406
78	4	0.051683681310534677	0.54344196775916376	0.17872581387714509	1.1521328249336382	1.3243014905659247	0.12743719866700287	0.1964140951710493	0.10620581834463719	0.48801510322327124	0.26858312087703989
79	5	0.11398880333289578	0.57579764139671652	0.1585095766694547	0.50358436488297775	0.73363078700494955	0.075530569490024027	0.27798968333022112	0.040029209029619393	0.46542618690488247	0.20556582131294293
80	2	0.2985848163697839	0.90046333611261908	0.34135317268164822	2.0400459767368084	2.1673989252872512	0.018108599434875777	0.040561281621075064	0.061087829417018201	0.2435079028687733	0.37011966329253893
81	3	0.360889938392145	0.93281900975017196	0.32113693547395783	1.3914975166861481	1.5767282217262759	0.033798029742103074	0.12213686978024688	0.0050887798979995626	0.2209189865503845	0.30710236372844196
82	3	0.072517370504383616	0.56695360586275523	0.17285570762212071	1.6434102617564594	1.6908815836000386	0.0056833213544361053	0.052819736439033704	0.11372037697954265	0.1544989002376535	0.27219347740316785
83	4	0.13482249252674472	0.5993092795003081	0.15263947041443032	0.99486180170579885	1.1002108800390631	0.046223307822542747	0.13439532459820552	0.047543767664524873	0.13190998391926473	0.20917617783907089
84	3	0.12643799588427221	0.62439892225195925	0.24591117481080432	1.2887106030975854	1.4462548458603732	0.15494731289555602	0.065200013451963718	0.086011616451615286	0.34470318768446706	0.247974367836756
85	4	0.18874311790663331	0.65675459588951213	0.22569493760311393	0.64016214304692509	0.85558414229939805	0.10304068371857715	0.14677560161113554	0.019835007136597523	0.32211427136607823	0.18495706827265898
86	4	0.099629449981128104	0.2908891920020954	0.077413709751276705	0.89207488811723645	0.96973750417316062	0.14252203481511633	0.077458468269922365	0.13864416401413973	0.2556941850533474	0.1500481819473849
87	5	0.037324327958766987	0.32324486563964827	0.057197472543586314	0.24352642806657601	0.37906680061218562	0.090615405638137483	0.15903405642909418	0.072467554699121944	0.23310526873495857	0.087030882383287961
88	3	0.10105434057141846	0.6795764374491432	0.27398741731003473	1.4585067542797294	1.5766589675871168	0.072627128232555752	0.13235660029038962	0.063187654843974289	0.17432504208570934	0.21681361282139525
89	4	0.16335946259377959	0.71193211108669607	0.25377118010234434	0.80995829422906884	0.98598826402614159	0.020720499055576897	0.21393218844956147	0.0029889544710434814	0.15173612576732051	0.1537963132572982
90	4	0.12501310529398188	0.34606670719927929	0.10548995225050717	1.0618710392993802	1.1001416258999044	0.060201850152116078	0.14461505510834827	0.11582020240649873	0.085316039454589626	0.11888742693202407
91	5	0.062707983271620721	0.37842238083683216	0.085273715042816778	0.41332257924871962	0.50947092233892921	0.0082952209751372234	0.22619064326752011	0.049643593091480955	0.06272712313620081	0.055870127367927111
92	4	0.071092479914093246	0.40351202358848343	0.17854541943919075	0.70717138064050633	0.85551488816023902	0.20946584169323601	0.15699533212127831	0.088111441878571367	0.27552032690140316	0.094668317365612237
93	5	0.0087873578917321733	0.43586769722603619	0.15832918223150036	0.058622920589846042	0.26484418459926412	0.15755921251625712	0.2385709202804501	0.021934832563553604	0.25293141058301433	0.031651017801515281
94	5	0.29715992577949363	0.070002293338619584	0.010047954379663149	0.31053566566015728	0.37899754647302658	0.19704056361279632	0.16925378693923693	0.14074398944109581	0.18651132427028339	0.0032578685237588138
95	6	0.23485480375713252	0.10235796697617243	0.010168282828027241	0.3380127943905028	0.21167315708794851	0.14513393443581749	0.2508293750984088	0.074567380126078026	0.16392240795189461	0.066275168087855746
96	2	0.38590100105474734	0.75803289610105129	0.25685096059457291	1.8919416319789419	2.1127690520937845	0.016493623817404036	0.043953520302620473	0.0013281676099115348	0.33879198974838437	0.63134327315633587
97	3	0.44820612307710839	0.79038856973860416	0.23663472338688249	1.2433931719282814	1.5220983485328092	0.068400252994382876	0.1255291084617923	0.064848441705106244	0.31620307342999554	0.56832597359223891
98	3	0.15983355518934692	0.42452316585118749	0.088353495535045276	1.4953059169985927	1.6362517104065719	0.028918901897843706	0.056211975120579127	0.053960715172435961	0.24978298711726463	0.53341708726696491
99	4	0.22213867721170805	0.45687883948874025	0.068137258327354885	0.84675745694793247	1.0455810068455966	0.080825531074822543	0.13778756327975095	0.012215894142581795	0.22719407079887582	0.47039978770286794
100	3	0.21375418056923551	0.48196848224039146	0.16140896272372887	1.140606258339719	1.3916249726669065	0.1203450896432762	0.068592252133509141	0.026251954644508614	0.43998727456407816	0.50919797770055308
101	4	0.27605930259159661	0.51432415587794433	0.14119272551603845	0.49205779828905855	0.80095426910593148	0.068438460466297354	0.15016784029268093	0.039924654670509138	0.41739835824568933	0.44618067813645607
102	4	0.012313265296164833	0.14845875199052766	0.0070885023357986961	0.74397054335937007	0.91510763097969394	0.10791981156283655	0.080850706951467774	0.078884502207033053	0.35097827193295839	0.41127179181118195
103	5	0.049991856726196292	0.18081442562808053	0.027304739543489089	0.095422083308709382	0.32443692741871893	0.056013182385857688	0.16242629511063958	0.012707892892015283	0.32838935561456967	0.34825449224708505
104	3	0.18837052525638179	0.53714599743757541	0.18948520522295934	1.3104024095218627	1.5220290943936503	0.038024904980275942	0.13574883897193504	0.0034279930368676164	0.26960912896532047	0.47803722268519222
105	4	0.25067564727874292	0.56950167107512828	0.16926896801526894	0.66185394947120224	0.93135839083267502	0.013881724196702916	0.21732442713110686	0.062748616278150163	0.24702021264693164	0.41501992312109526
106	4	0.037696920609018525	0.20363626718771152	0.020987740163431724	0.91376669454151371	1.0455117527064377	0.025599626899836265	0.14800729378989369	0.056060540599392042	0.18060012633420069	0.38011103679582114
107	5	0.024608201413342558	0.23599194082526437	0.00077150295574133219	0.26521823449085319	0.45484104914546258	0.02630700227714259	0.22958288194906551	0.010116068715625714	0.15801121001581189	0.31709373723172418
108	4	0.01622370477087004	0.26108158357691558	0.094043207352115313	0.55906703588263995	0.80088501496677245	0.17486361844095621	0.16038757080282368	0.028351780071464695	0.3708044137810142	0.35589192722940932
109	5	0.078528826793231143	0.29343725721446845	0.073826970144424922	0.089481424168020671	0.21021431140579735	0.12295698926397733	0.24196315896199555	0.037824829243553057	0.34821549746262537	0.29287462766531236
110	5	0.20984374109453027	0.07242814667294821	0.074454257707412236	0.16243132090229082	0.32436767327956006	0.16243834036051652	0.17264602562078232	0.080984327633989134	0.28179541114989448	0.2579657413400383
111	6	0.14753861907216917	0.040072473035395254	0.094670494915102682	0.48611713914836951	0.26630303028141511	0.11053171118353763	0.25422161377995417	0.014807718318971364	0.25920649483150571	0.19494844177594131
112	3	0.037057393964718979	0.2845932216805071	0.088173101097090936	1.0503444727054609	1.167465108000886	0.053109741128389412	0.016793212070808122	0.035866338706370161	0.037288210795396438	0.35950228375553722
113	4	0.099362515987080083	0.31694889531805998	0.067956863889400546	0.40179601265480064	0.57679440443991092	0.0012031119514105515	0.09836880022997993	0.030310270608647594	0.014699294477007662	0.29648498419144037
114	4	0.18901005190068135	0.048916508569356656	0.080324363962436612	0.65370875772511206	0.69094776631367361	0.040684463047949739	0.029051666888766765	0.0884988862688946	0.05172079183572327	0.2615760978661662
115	5	0.12670492987832022	0.016560834931803714	0.10054060117012704	0.0051602976744517196	0.10027706275269832	0.011222166129029121	0.11062725504793858	0.022322276953876837	0.074309708154112086	0.19855879830206924
116	4	0.13508942652079278	0.0085288078198474844	0.0072688967737530637	0.29900909906623829	0.44632102857400835	0.18994845458906967	0.041431943901696779	0.060790125740967239	0.13848349561109025	0.23735698829975438
117	5	0.072784304498431623	0.040884481457400243	0.027485133981443456	0.34953936098442223	0.14434967498696677	0.13804182541209081	0.1230075320608686	0.0053864835740505155	0.11589457929270142	0.17433968873565736
118	5	0.3611568723861931	0.32498092243001631	0.17576636183328068	0.097626615914110634	0.030196313113204275	0.17752317650862998	0.053690398719655433	0.11342267330349169	0.04947449297997053	0.13943080241038328
119	6	0.29885175036383199	0.29262524879246338	0.19598259904097107	0.74617507596477117	0.62086701667417921	0.12561654733165112	0.13526598687882724	0.047246063988473905	0.026885576661581711	0.076413502846286341
120	4	0.16047308183364647	0.063706323017031274	0.020807345725477357	0.46880525024838199	0.576725150300752	0.10762826992606937	0.10858853074012269	0.037966164133326243	0.031894649987667487	0.20619623328439354
121	5	0.098167959811285371	0.09606199665458412	0.00059110851778696458	0.1797432098022787	0.013945553260223242	0.055721640749090529	0.19016411889929449	0.028210445181691513	0.054483566306056261	0.14317893372029658
122	5	0.38654052769904684	0.26980340723283247	0.14769011933405021	0.072169535268032978	0.10020780861353931	0.095202991845629706	0.12084698555808134	0.090598711695850681	0.12090365261878719	0.10827004739502247
123	6	0.32423540567668574	0.23744773359527951	0.1679063565417406	0.57637892478262753	0.49046289494743556	0.043296362668650855	0.2024225737172532	0.024422102380832918	0.14349256893717602	0.045252747830925498
124	5	0.33261990231915822	0.21235809084362831	0.074634652145366603	0.28253012339084094	0.14441892912612581	0.24446698338674966	0.13322726257101136	0.062889951167923314	0.069300634828026314	0.084050937828610617
125	6	0.27031478029679712	0.18000241720607554	0.09485088935305705	0.93107858344150107	0.7350896326871007	0.19256035420977077	0.21480285073018318	0.0032866581470944343	0.046711718509637491	0.021033638264513661
126	6	0.55868734818455867	0.54586782109349219	0.24313211720489422	0.67916583837118982	0.62093627081333813	0.23204170530630996	0.14548571738897001	0.11552249873044777	0.01970836780309344	0.013875248060760428
127	7	0.4963822261621974	0.51351214745593921	0.26334835441258458	1.3277142984218506	1.2116069743743139	0.18013507612933113	0.2270613055481418	0.049345889415429986	0.042297284121482218	0.076892547624857352
128	1	0.84230431759559576	1.1602992825923113	0.47836054391139921	2.4308391258684603	2.4784875602996106	0.049565323174817974	0.26123800659487073	0.040611809439115173	0.099089512025487519	0.041046377942973021
129	2	0.9046094396179567	1.1926549562298643	0.45814430670370881	1.7822906658177999	1.8878168567386351	0.10147195235179685	0.17966241843569891	0.10678841875413295	0.12167842834387629	0.10406367750706995
130	2	0.61623687173019537	0.82678955234244778	0.30986307885187164	2.0342034108881109	2.0019702186123975	0.061990601255257648	0.24897955177691208	0.012020738123409253	0.18809851465660724	0.13897256383234405
131	3	0.67854199375255642	0.85914522598000054	0.28964684164418125	1.3856549508374509	1.4112995150514225	0.1138972304322365	0.16740396361774029	0.054155871191608508	0.21068743097499604	0.20198986339644098
132	2	0.67015749711008399	0.8842348687316518	0.3829185460405552	1.6795037522292375	1.7573434808727324	0.087273390285862271	0.2365992747639821	0.015688022404518102	0.0021057727902062729	0.1631916733987559
133	3	0.73246261913244504	0.91659054236920467	0.36270230883286481	1.030955292178577	1.1666727773117573	0.03536676110888342	0.15502368660481025	0.081864631719535869	0.020483143528182545	0.22620897296285283
134	3	0.44409005124468359	0.55072513848178806	0.21442108098102769	1.2828680372488885	1.2808261391855198	0.074848112205422604	0.22434081994602342	0.036944525158006322	0.086903229840913476	0.26111785928812692
135	4	0.50639517326704464	0.58308081211934093	0.1942048437733373	0.63431957719822796	0.69015543562454462	0.022941483028443749	0.1427652317868516	0.02923208415701143	0.10949214615930225	0.32413515885222383
136	2	0.64477384179723018	0.93941238392883564	0.41099478853978566	1.8492999034113811	1.8877476025994759	0.0049532056228620055	0.16944268792555617	0.038511984012159092	0.16827237280855145	0.19435242841411673
137	3	0.70707896381959134	0.9717680575663884	0.39077855133209527	1.2007514433607205	1.2970768990385009	0.046953423554116858	0.087867099766384321	0.10468859332717687	0.19086128912694028	0.25736972797821361
138	3	0.41870639593182979	0.605902653678972	0.2424973234802581	1.4526641884310323	1.4112302609122636	0.00747207245757765	0.15718423310759752	0.014120563550365334	0.25728137543967111	0.29227861430348773
139	4	0.481011517954191	0.63825832731652477	0.22228108627256771	0.80411572838037171	0.82055955735128827	0.059378701634556531	0.075608644948425674	0.052056045764652427	0.27987029175805994	0.35529591386758469
140	3	0.47262702131171841	0.66334797006817592	0.31555279066894165	1.0979645297721583	1.1666035231725984	0.14179191908354224	0.14480395609466751	0.013588196977562019	0.067077087992857651	0.31649772386989955
141	4	0.53493214333407957	0.6957036437057289	0.29533655346125126	0.44941606972149789	0.57593281961162313	0.089885289906563387	0.063228367935495661	0.079764806292579787	0.089666004311246467	0.37951502343399651
142	4	0.24655957544631812	0.32983823981831223	0.14705532560941409	0.70132881479180931	0.6900861814853857	0.12936664100310261	0.13254550127670886	0.039044350584962403	0.15608609062397741	0.41442390975927068
143	5	0.30886469746867917	0.36219391345586505	0.1268390884017237	0.052780354741148908	0.099415477924410481	0.07746001182612372	0.050969913117537027	0.027132258730055349	0.17867500694236618	0.47744120932336759
144	2	0.49346071050556739	0.6868596081717675	0.30968268441391728	1.5892419665949795	1.5331836162067118	0.020038041770975484	0.2883983148266831	0.0060736383426565456	0.4005932909784754	0.31288736734377165
145	3	0.55576583252792844	0.71921528180932037	0.28946644720622688	0.94069350654431916	0.94251291264573656	0.031868587406003387	0.20682272666751125	0.072250247657674321	0.42318220729686418	0.37590466690786861
146	3	0.26739326464016705	0.35334987792190375	0.14118521935438971	1.1926062516146305	1.0566662745194992	0.0076127636905358124	0.27613986000872448	0.046558909219867869	0.48960229360959506	0.41081355323314267
147	4	0.32969838666252815	0.38570555155945663	0.12096898214669931	0.54405779156397005	0.46599557095852412	0.044293865486443061	0.19456427184955261	0.019617700095149872	0.51219120992798384	0.47383085279723963
148	3	0.32131389002005561	0.41079519431110778	0.21424068654307332	0.83790659295575676	0.81203953677983398	0.15687675523165573	0.26375958299579444	0.018850148691940533	0.29939800616278162	0.43503266279955455
149	4	0.38361901204241672	0.44315086794866065	0.19402444933538293	0.18935813290509626	0.22136883321885889	0.10497012605467688	0.18218399483662262	0.047326460623077229	0.32198692248117045	0.49804996236365151
150	4	0.095246444154655288	0.077285464061243994	0.045743221483545704	0.44127087797540765	0.33552219509262154	0.14445147715121606	0.25150112817783576	0.071482696254464975	0.38840700879390128	0.53295884868892562
151	5	0.15755156617701641	0.10964113769879684	0.025526984275855313	0.20727758207525282	0.25514850846835357	0.09254484797423719	0.16992554001866395	0.005306086939447203	0.41099592511229011	0.59597614825302259
152	3	0.29593023470720187	0.46597270950829167	0.24231692904230373	1.0077027441379005	0.94244365850657774	0.074556570568655445	0.19660299615736848	0.0039738129157004644	0.46977615176153931	0.46619341781491536
153	4	0.35823535672956297	0.49832838314584454	0.22210069183461334	0.35915428408723987	0.35177295494560257	0.022649941391676604	0.11502740799819669	0.07015042223071824	0.49236506807992803	0.52921071737901237
154	4	0.06986278884180154	0.1324629792584279	0.073819463982776168	0.6110670291575514	0.46592631681936519	0.062131292488215771	0.18434454133940986	0.048658734646823951	0.55878515439265897	0.56411960370428649
155	5	0.13216791086416266	0.16481865289598074	0.053603226775085777	0.037481430893109201	0.12474438674160999	0.01022466331123693	0.10276895318023804	0.017517874668193791	0.58137407071104774	0.62713690326838345
156	4	0.12378341422169015	0.18990829564763195	0.14687493117145975	0.25636737049867753	0.22129957907969997	0.21139528402933569	0.17196426432647988	0.020949974118896614	0.36858086694584558	0.58833871327069831
157	5	0.18608853624405125	0.2222639692851848	0.12665869396376936	0.39218108955198289	0.36937112448127513	0.15948865485235686	0.09038867616730803	0.045226635196121148	0.39116978326423435	0.65135601283479527
158	5	0.10228403164371022	0.14360143460223185	0.021622533888067851	0.14026834448167155	0.25521776260751261	0.19897000594889599	0.15970580950852123	0.073582521681421056	0.45758986957696529	0.68626489916006927
159	6	0.039978909621349111	0.111245760964679	0.041838771095758245	0.78881680453233194	0.8458884661684879	0.14706337677191716	0.078130221349349369	0.0074059123664032833	0.48017878589535401	0.74928219872416624
160	2	0.58077689519053077	0.54442916816019982	0.22518047232684188	1.4411376218371128	1.4785537430132452	0.014564181481304329	0.28500607614513773	0.065833300149763213	0.30530920409886431	0.051663757479974634
161	3	0.64308201721289182	0.57678484179775258	0.20496423511915149	0.79258916178645267	0.88788303945226998	0.066470810658283183	0.20343048798596586	0.13200990946478097	0.32789812041725314	0.11468105704407157
162	3	0.35470944932513032	0.21091943791033599	0.056683007267314275	1.0445019068567638	1.0020364013260326	0.026989459561744023	0.272747621327179	0.013200752587238787	0.39431820672998408	0.14958994336934567
163	4	0.41701457134749143	0.24327511154788883	0.036466770059623885	0.39595344680610356	0.41136569776505755	0.078896088738722864	0.19117203316800721	0.079377361902256555	0.41690712304837285	0.2126072429334426
164	3	0.40863007470501894	0.26836475429954004	0.12973847445599787	0.68980224819789027	0.75740966358636741	0.12227453197937592	0.26036734431424902	0.040909513115166142	0.20411391928317055	0.17380905293575749
165	4	0.47093519672738005	0.30072042793709286	0.10952223724830745	0.041253788147229728	0.16673896002539229	0.070367902802397048	0.1787917561550772	0.10708612243018389	0.22670283560155938	0.23682635249985445
166	4	0.1825626288396186	0.065144975950323758	0.038758990603529699	0.29316653321754121	0.28089232189915492	0.10984925389893622	0.2481088894962904	0.0117230344473583	0.29312292191429024	0.27173523882512851
167	5	0.2448677508619797	0.032789302312770927	0.058975227811220075	0.35538192683311937	0.30977838166182015	0.057942624721957381	0.16653330133711855	0.05445357486765947	0.31571183823267901	0.33475253838922553
168	3	0.38324641939216519	0.32354226949672393	0.15781471695522833	0.8595983993800338	0.88781378531311095	0.039954347316375642	0.19321075747582311	0.063733474722807132	0.37449206488192821	0.20496980795111833
169	4	0.4455515414145263	0.35589794313427675	0.13759847974753794	0.21104993932937338	0.297143081752136	0.011952281860603209	0.11163516931665125	0.12991008403782489	0.39708098120031704	0.26798710751521526
170	4	0.15717897352676485	0.0099674607531399003	0.010682748104299278	0.46296268439968485	0.41129644362589862	0.027529069235935972	0.18095230265786447	0.011100927160282706	0.46350106751304798	0.30289599384048932
171	5	0.21948409554912601	0.02238821288441295	0.030898985311989667	0.18558577565097564	0.17937425993507658	0.024377559941042903	0.09937671449869262	0.077277536475300473	0.4860899838314367	0.36591329340458628
172	4	0.21109959890665345	0.047477855636064145	0.062372719084384312	0.10826302574081099	0.16666970588623337	0.17679306077705589	0.16857202564493443	0.038809687688210061	0.27329678006623448	0.3271151034069012
173	5	0.27340472092901458	0.079833529273617004	0.042156481876693921	0.54028543430984943	0.42400099767474175	0.12488643160007702	0.086996437485762607	0.10498629700322781	0.2958856963846232	0.39013240297099816
174	5	0.014967846958746867	0.2860318746137997	0.10612474597514324	0.28837268923953807	0.30984763580097918	0.1643677826966162	0.15631357082697578	0.013822859874314381	0.36230578269735425	0.42504128929627233
175	6	0.047337275063614258	0.25367620097624677	0.12634098318283363	0.93692114929019821	0.90051833936195447	0.11246115351963737	0.074737982667803959	0.052353749440703388	0.38489469901574297	0.48805858886036929
176	3	0.23193328810050237	0.070989493739655685	0.056502612829359922	0.59954046256363225	0.53324979892034707	0.055039183464489105	0.31216638437695005	0.031295129053304581	0.60681298305185216	0.32350474688077324
177	4	0.2942384101228635	0.10334516737720853	0.036286375621669531	0.0490079974870282	0.057420904640628212	0.0031325542875102531	0.23059079621777823	0.097471738368322347	0.62940189937024082	0.3865220464448702
178	4	0.0058658422351020702	0.26252023651020817	0.11199485223016761	0.2029047475832832	0.056732457233134428	0.042613905384049432	0.29990792955899137	0.021337418509219847	0.69582198568297182	0.42143093277014437
179	5	0.06817096425746319	0.23016456287265524	0.132211089437858	0.44564371246737722	0.53393824632784059	0.0092927237929294141	0.21833234139981958	0.044839190805797915	0.7184109020013606	0.48444823233424134
180	4	0.059786467614990638	0.20507492012100403	0.038939385041484066	0.15179491107559057	0.18789428050653084	0.19187789692516938	0.28752765254606139	0.0063713420187075012	0.50561769823615832	0.44565004233655625
181	5	0.12209158963735176	0.17271924648345111	0.059155622249174443	0.80034337112625098	0.77856498406750574	0.13997126774819049	0.20595206438688957	0.072547951333725269	0.52820661455454709	0.5086673419006531
182	5	0.16628097825040969	0.53858465037086789	0.20743685010101162	0.54843062605593951	0.66441162219374328	0.17945261884472968	0.27526919772810271	0.046261205543816922	0.59462670086727809	0.54357622822592722
183	6	0.10397585622804857	0.50622897673331502	0.22765308730870201	1.1969790861066003	1.2550823257547186	0.12754598966775083	0.19369360956893092	0.019915403771200831	0.61721561718566686	0.60659352779002418
184	4	0.034402812302136945	0.14989740492382014	0.010863142542253646	0.01800124010655315	0.057490158779787137	0.10955771226216911	0.22037106570763548	0.0291953036263485	0.67599584383491607	0.476810797351917
185	5	0.096707934324498021	0.1175417312862673	0.031079379749944035	0.63054721994410745	0.6481608623407622	0.057651083085190222	0.13879547754846361	0.095371912941366266	0.69858476015330484	0.53982809691601397
186	5	0.19166463356326341	0.48340713517368405	0.17936060760178116	0.37863447487379592	0.53400750046699963	0.097132434181729413	0.20811261088967684	0.023437243936175928	0.76500484646603584	0.57473698324128808
187	6	0.12935951154090231	0.45105146153613107	0.19957684480947155	1.0271829349244566	1.1246782040279748	0.045225805004750555	0.12653702273050499	0.042739365378841834	0.78759376278442472	0.63775428280538504
188	5	0.13774400818337482	0.42596181878447992	0.1063051404130976	0.73333413353266974	0.77863423820666477	0.24639642572284934	0.19573233387674679	0.0042715165917514199	0.57480055901922233	0.5989560928076999
189	6	0.075438886161013713	0.39360614514692716	0.12652137762078799	1.3818825935833303	1.3693049417676397	0.19448979654587045	0.11415674571757495	0.070448125906769188	0.59738947533761111	0.66197339237179686
190	6	0.36381145404877518	0.75947154903434388	0.27480260547262519	1.129969848513019	1.2551515798938775	0.23397114764240964	0.18347387905878815	0.048361030970773003	0.66380956165034211	0.69688227869707098
191	7	0.30150633202641408	0.7271158753967909	0.29501884268031564	1.7785183085636795	1.8458222834548526	0.18206451846543081	0.1018982908996163	0.017815578344244749	0.68639847796873077	0.75989957826116794
192	2	0.67806104113080479	0.8381566355690323	0.42968163699599077	1.957893040562056	2.1134231478053462	0.02375183899013026	0.041558843590284625	0.013669236153272899	0.48579722222759303	0.50730141489353842
193	3	0.74036616315316583	0.87051230920658518	0.40946539978830038	1.3093445805113961	1.5227524442443707	0.075658468167109111	0.040016744568887194	0.05250737316174485	0.46320830590920431	0.44428411532944151
194	3	0.4519935952654045	0.50464690531916856	0.26118417193646326	1.5612573255817073	1.6369058061181332	0.036177117070569934	0.029300388772325981	0.066301783715797341	0.39678821959647337	0.40937522900416734
195	4	0.51429871728776555	0.53700257895672132	0.24096793472877284	0.91270886553104691	1.0462351025571581	0.088083746247548791	0.052275199386845841	0.00012517440077956798	0.37419930327808454	0.34635792944007043
196	3	0.50591422064529312	0.56209222170837259	0.33423963912514681	1.2065576669228339	1.392279068378468	0.11308687447054999	0.016920111759395975	0.038593023187869981	0.58699250704328687	0.38515611943775557
197	4	0.56821934266765406	0.59444789534592546	0.31402340191745642	0.55800920687217315	0.80160836481749287	0.061180245293571134	0.064655476399775869	0.027583586127147786	0.5644035907248981	0.32213881987365861
198	4	0.27984677477989273	0.22858249145850879	0.16574217406561925	0.80992195194248462	0.91576172669125544	0.10066159639011033	0.0046616569414373223	0.091225570750394419	0.4979835044121671	0.28722993354838444
199	5	0.34215189680225377	0.2609381650960616	0.14552593685792886	0.16137349189182409	0.32509102313028038	0.04875496721313146	0.076913931217734516	0.025048961435376649	0.47539458809377833	0.22421263398428759
200	3	0.48053056533243926	0.61726973690555642	0.36231588162437728	1.3763538181049775	1.5226831901052118	0.030766689807549725	0.050236475079029952	0.01576906158022898	0.41661436144452912	0.35399536442239471
201	4	0.54283568735480048	0.64962541054310941	0.34209964441668689	0.72780535805431679	0.93201248654423652	0.02113993936942914	0.13181206323820174	0.050407547734788782	0.39402544512614029	0.29097806485829775
202	4	0.25446311946703898	0.28376000665569262	0.19381841656484969	0.97971810312462826	1.046165848417999	0.018341411727110062	0.062494929896988592	0.068401609142753422	0.32760535881340924	0.25606917853302369
203	5	0.31676824148940008	0.31611568029324549	0.1736021793571593	0.33116964307396779	0.45549514485702403	0.03356521744986881	0.14407051805616039	0.0022249998277356501	0.30501644249502047	0.19305187896892673
204	4	0.30838374484692754	0.3412053230448967	0.26687388375353327	0.6250184444657545	0.80153911067833383	0.16760540326822998	0.074875206909918626	0.040692848614826062	0.51780964626022286	0.23185006896661187
205	5	0.37068886686928865	0.37356099668244963	0.24665764654584285	0.023530015584905951	0.21086840711735882	0.11569877409125114	0.1564507950690904	0.025483760700191704	0.49522072994183403	0.16883276940251485
206	5	0.082316298981527244	0.0076955927950329572	0.09837641869400568	0.22838272948540544	0.32502176899112145	0.15518012518779031	0.087133661727877246	0.0933253961773505	0.42880064362910308	0.13392388307724074
207	6	0.14462142100388836	0.040051266432585809	0.078160181486315289	0.42016573056525502	0.26564893456985367	0.10327349601081144	0.16870924988704905	0.027148786862332731	0.40621172731071437	0.070906583513143828
208	3	0.32921743404077647	0.36471696114848823	0.26100377749850889	1.1162958812885755	1.1681192037124477	0.045851525955663198	0.06871915182209698	0.048207407249731535	0.18429344327460506	0.23546042549273979
209	4	0.39152255606313757	0.39707263478604116	0.24078754029081847	0.46774742123791524	0.57744850015147242	0.0060551032213156499	0.012856436337074844	0.017969202065286231	0.16170452695621629	0.1724431259286428
210	4	0.10314998817537617	0.031207230898624493	0.092506312438981303	0.71966016630822671	0.69160186202523499	0.033426247875223532	0.05646069700413834	0.10083995481225597	0.09528444064348536	0.13753423960336872
211	5	0.16545511019773729	0.063562904536177342	0.072290075231290912	0.071111706257566271	0.10093115846425986	0.018480381301755344	0.025114891155033486	0.034663345497238207	0.072695524325096586	0.074516940039271756
212	4	0.15707061355526478	0.088652547287828537	0.16556177962766488	0.36496050764935289	0.44697512428556979	0.18269023941634344	0.044080419991208326	0.073131194284328613	0.28548872809029885	0.11331513003695688
213	5	0.21937573557762588	0.1210082209253814	0.14534554241997449	0.28358795240130757	0.14369557927540533	0.13078361023936461	0.0374951681679635	0.0069545849693108536	0.26289981177191002	0.05029783047285992
214	5	0.068996832310135578	0.24485718296203524	0.0029356854318627113	0.031675207330996089	0.029542217401642736	0.1702649613359038	0.031821965173249679	0.12576374184685304	0.19647972545917916	0.015388944147585812
215	6	0.0066917102877744657	0.21250150932448247	0.023151922639553103	0.68022366738165663	0.62021292096261771	0.11835833215892491	0.04975362298592214	0.059587132531835271	0.17389080914079033	0.047628355416511128
216	4	0.13168695824241103	0.1438300624850124	0.19363802212689532	0.53475665883149659	0.5773792460123135	0.10037005475334318	0.0230761668472176	0.050307232676687616	0.11511058249154116	0.082154375021596088
217	5	0.19399208026477216	0.17618573612256525	0.17342178491920493	0.11379180121916396	0.013291457548661701	0.048463425576364315	0.10465175500638942	0.01586937663833015	0.092521666173152356	0.019137075457499104
218	5	0.094380487622989367	0.18967966776485135	0.025140557067367765	0.13812094385114754	0.10086190432510093	0.087944776672903499	0.035334621665176244	0.10293978023921205	0.026101579860421477	0.015771810867775009
219	6	0.032075365600628201	0.15732399412729858	0.0049243198596773622	0.5104275161995131	0.48980879923587411	0.036038147495924648	0.11691020982434805	0.036763170924194288	0.0035126635420326567	0.078789110431871978
220	5	0.040459862243100719	0.13223435137564729	0.098196024256051326	0.21657871480772634	0.14376483341456434	0.23720876821402342	0.047714898678106257	0.075231019711284694	0.21630586730723494	0.039990920434186852
221	6	0.021845259779260405	0.099878677738094446	0.077979787048360935	0.86512717485838664	0.73443553697553932	0.18530213903704457	0.12929048683727803	0.0090544103962669348	0.19371695098884611	0.10300821999828383
222	6	0.26652730810850112	0.46574408162551106	0.070301440803476251	0.61321442978807539	0.62028217510177674	0.22478349013358373	0.059973353496064898	0.12786356727380913	0.1272968646761152	0.13791710632355791
223	7	0.20422218608614001	0.4333884079879583	0.090517678011166641	1.2617628898387356	1.2109528786627519	0.17287686095660487	0.14154894165523674	0.061686957958791352	0.10470794835772643	0.20093440588765482
224	3	0.41653361872573991	0.22228652113692049	0.17650156541143347	0.96819153653070911	1.113489330518981	0.011249302703383385	0.065326913140551571	0.011552254557375135	0.27957753015421616	0.49668403535653677
225	4	0.4788387407481009	0.25464219477447336	0.15628532820374308	0.3196430764800488	0.52281862695800574	0.040657326473595469	0.016248675018620255	0.077728863872392903	0.25698861383582738	0.43366673579243981
226	4	0.19046617286033948	0.11122320911294326	0.0080041003519058622	0.57155582155036011	0.63697198883176831	0.0011759753770562819	0.053068458322592924	0.041080293005149295	0.19056852752309644	0.3987578494671658
227	5	0.25277129488270061	0.07886753547539041	0.012212136855784528	0.076992638500300276	0.046301285270793267	0.053082604554035143	0.028507129836578899	0.025096316309868472	0.16797961120470761	0.33574054990306884
228	4	0.24438679824022808	0.053777892723739229	0.081059567540589433	0.21685616289148646	0.39234525109210316	0.14808801616406364	0.04068818130966291	0.013371532477221939	0.38077281496991	0.37453873990075393
229	5	0.30669192026258918	0.021422219086186377	0.06084333033289905	0.43169229715917412	0.19832545246887193	0.096181386987084783	0.040887406849508909	0.052805076837795804	0.35818389865152123	0.31152144033665696
230	5	0.018319352374827746	0.38728762297360309	0.087437897518938101	0.17977955208886262	0.08417209059510937	0.13566273808362395	0.028429726491704266	0.066004080039746379	0.29176381233879017	0.27661255401138285
231	6	0.080624474397188867	0.35493194933605016	0.10765413472662848	0.82832801213952334	0.6748427941560845	0.083756108906645102	0.053145861667467556	0.00017252927527138806	0.26917489602040146	0.21359525444728589
232	4	0.21900314292737436	0.0013996224734446506	0.10913581003981991	0.3866523140736301	0.52274937281884681	0.065767831501063356	0.026468405528762999	0.0094524291304190541	0.2103946693711522	0.34337798488539312
233	5	0.28130826494973549	0.0337552961109975	0.088919572832129506	0.26189614597703048	0.067921330742128333	0.013861202324084504	0.1080439936879348	0.075629038445436822	0.1878057530527634	0.28036068532129615
234	5	0.0070643029380260012	0.33211010777641919	0.059361655019707679	0.0099834009067190088	0.046232031131634342	0.053342553420623683	0.03872686034672166	0.043180118432105376	0.12138566674003252	0.2454517989960221
235	6	0.055240819084335126	0.29975443413886627	0.07957789222739807	0.65853186095737937	0.54443867242934074	0.0014359242436448373	0.12030244850589344	0.022996490882912387	0.098796750421643709	0.18243449943192508
236	5	0.046856322441862608	0.27466479138721506	0.013693812168975894	0.36468305956559288	0.19839470660803094	0.20260654496174363	0.051107137359651666	0.01547135790417802	0.31158995418684599	0.22123268942961025
237	6	0.10916144446422371	0.24230911774966229	0.006522425038714497	1.0132315196162534	0.789065410169006	0.15069991578476474	0.13268272551882349	0.050705251410839737	0.28900103786845721	0.15821538986551326
238	6	0.17921112342353776	0.60817452163707897	0.15480365289055165	0.76131877454594177	0.67491204829524332	0.19018126688130393	0.063365592177610314	0.068103905466702461	0.22258095155572627	0.12330650354023913
239	7	0.11690600140117664	0.57581884799952598	0.17501989009824204	1.4098672345966023	1.2655827518562186	0.13827463770432508	0.1449411803367821	0.0019272961516846939	0.1999920352373375	0.060289203976142167
240	4	0.067690011635711547	0.25115315328362353	0.0078237059139515171	0.12659437725722836	0.16818538642608277	0.08085266764917684	0.092487221372363912	0.022985916539083495	0.021926248798771718	0.22484304595573817
241	5	0.12999513365807264	0.21879747964607077	0.012392531293738874	0.52195408279343214	0.4224853171348924	0.028946038472197972	0.01091163321319211	0.043190692775934271	0.044515165117160492	0.16182574639164118
242	5	0.15837743422968881	0.58466288353348739	0.16067375914557602	0.27004133772312067	0.30833195526112978	0.06842738956873716	0.080228766554405279	0.075618464101607927	0.11093525142989143	0.12691686006636707
243	6	0.096072312207327704	0.55230720989593451	0.18088999635326641	0.91858979777378091	0.89900265882210506	0.016520760391758298	0.0013468216047665433	0.0094418547865901675	0.13352416774828024	0.063899560502270122
244	5	0.10445680884980027	0.52721756714428325	0.087618291956892469	0.62474099638199454	0.55295869300079503	0.21769138110985709	0.067848489541475265	0.047909703573680573	0.079269036016922076	0.10269775049995522
245	6	0.042151686827439104	0.49486189350673049	0.10783452916458285	1.2732894564326549	1.1436293965617703	0.1657847519328782	0.013727098617696559	0.018266905741337183	0.05668011969853326	0.0396804509358583
246	6	0.33052425471520058	0.86072729739414733	0.25611575701642003	1.0213767113623433	1.0294760346880076	0.20526610302941739	0.055590034723516625	0.100542251136205	0.009739966614197626	0.0047715646105841976
247	7	0.26821913269283948	0.82837162375659434	0.27633199422411042	1.6699251714130043	1.6201467382489825	0.15335947385243856	0.025985553435655201	0.034365641821187246	0.032328882932586442	0.058245734953512741
248	5	0.12984046416265396	0.47204005194709941	0.059542049457662047	0.45494484519985068	0.42255457127405138	0.13537119644685683	0.00069190270304935462	0.025085741966039576	0.091109109581835643	0.071536995484594426
249	6	0.067535342140292845	0.43968437830954665	0.079758286665352437	1.1034933052505114	1.0132252748350266	0.083464567269877957	0.080883685456122484	0.04109086734897819	0.11369802590022442	0.0085196959204974915
250	6	0.35590791002805433	0.80554978219696349	0.22803951451718957	0.85158056018019967	0.8990719129612641	0.12294591836641713	0.011566552114909295	0.077718289528564008	0.18011811221295534	0.026389190404776618
251	7	0.29360278800569317	0.7731941085594104	0.24825575172487996	1.5001290202308604	1.4897426165222389	0.071039289189438276	0.093142140274081117	0.011541680213546249	0.20270702853134415	0.089406489968873598
252	6	0.30198728464816571	0.74810446580775924	0.15498404732850601	1.2062802188390738	1.1436986507009292	0.27220990990753702	0.023946829127839315	0.050009529000636654	0.010086175233858153	0.050608299971188465
253	7	0.23968216262580461	0.71574879217020648	0.1752002845361964	1.8548286788897344	1.7343693542619039	0.22030328073055819	0.1055224172870111	0.016167080314381105	0.012502741084530667	0.11362559953528543
254	7	0.52805473051356611	1.0816141960576231	0.32348151238803363	1.6029159338194225	1.6202159923881414	0.25978463182709738	0.036205283945797959	0.10264207656316109	0.0789228273972616	0.14853448586055953
255	8	0.46574960849120489	1.0492585224200703	0.34369774959572397	2.2514643938700836	2.2108866959491169	0.20787800265011852	0.11778087210496975	0.036465467248143327	0.10151174371565037	0.21155178542465641
256	1	0.69030647810564894	1.3414432204600346	0.45180881482051183	2.8721571579641383	2.8780932709531011	0.10164395796530265	0.15419544724310189	0.021098418018558295	0.16122088962437256	0.18451840582370072
257	2	0.75261160012800998	1.3737988940975874	0.43159257761282149	2.2236086979134777	2.2874225673921256	0.15355058714228154	0.072619859083930094	0.087275027333576061	0.13863197330598379	0.12150110625960379
258	2	0.46423903224024859	1.0079334902101711	0.28331134976098427	2.4755214429837893	2.401575929265888	0.11406923604574234	0.14193699242514324	0.031534129543966137	0.072211886993252844	0.086592219934329709
259	3	0.52654415426260959	1.0402891638477236	0.26309511255329388	1.8269729829331289	1.8109052257049132	0.16597586522272118	0.060361404265971454	0.034642479771051629	0.049622970674864028	0.02357492037023274
260	2	0.51815965762013716	1.0653788065993748	0.35636681694966782	2.1208217843249151	2.1569491915262229	0.035194755495377573	0.12955671541221325	0.0038253690160387844	0.26241617444006637	0.062373110367917858
261	3	0.58046477964249821	1.0977344802369278	0.33615057974197743	1.4722733242742549	1.5662784879652478	0.016711873681601284	0.047981127253041427	0.062351240298978983	0.23982725812167754	0.00064418919617910408
262	3	0.29209221175473676	0.73186907634951104	0.18786935189014028	1.7241860693445665	1.6804318498390107	0.0227694774149379	0.11729826059425461	0.056457916578563215	0.1734071718089466	0.035553075521453217
263	4	0.35439733377709792	0.7642247499870638	0.16765311468244989	1.0756376092939057	1.0897611462780352	0.029137151762040958	0.035722672435082779	0.0097186927364545424	0.15081825549055783	0.098570375085550152
264	2	0.49277600230728336	1.1205563217965586	0.38444305944889828	2.2906179355070591	2.2873533132529666	0.04712542916762269	0.062400128573787336	0.018998592591602213	0.092038028841308628	0.031212355352557019
265	3	0.55508112432964452	1.1529119954341116	0.36422682224120789	1.6420694754563985	1.6966826096919916	0.099032058344601548	0.019175459585384486	0.085175201906619979	0.069449112522919812	0.031804944211539919
266	3	0.26670855644188307	0.78704659154669498	0.21594559438937072	1.8939822205267103	1.8108359715657543	0.059550707248062364	0.050141673755828696	0.033633954970922218	0.0030290262101889233	0.066713830536814039
267	4	0.32901367846424423	0.81940226518424775	0.19572935718168033	1.2454337604760497	1.2201652680047788	0.11145733642504121	0.031433914403343137	0.032542654344095548	0.019559890108199897	0.12973113010091095
268	3	0.32062918182177164	0.8444919079358989	0.28900106157805427	1.5392825618678363	1.5662092338260889	0.089713284293057555	0.037761396742898676	0.0059251944429948656	0.19323331365700241	0.090932940103225862
269	4	0.38293430384413274	0.87684758157345188	0.26878482437036388	0.89073410181717561	0.97553853026511361	0.03780665511607869	0.043814191416273143	0.060251414872022901	0.17064439733861361	0.1539502396673228
270	4	0.094561735956371296	0.51098217768603527	0.12050359651852671	1.1426468468874873	1.0896918921388763	0.077288006212617888	0.025502941924940025	0.058557742005519296	0.10422431102588267	0.18885912599259691
271	5	0.1568668579787324	0.54333785132358803	0.10028735931083632	0.49409838683682672	0.49902118857790112	0.02538137703563902	0.056072646234231784	0.0076188673094984612	0.081635394707493897	0.25187642555669387
272	2	0.34146287101562056	0.86800354603949048	0.2831309553230299	2.0305599986906571	1.9327893268602026	0.03204059301950922	0.18135575547491425	0.013439753077900341	0.1402828893286153	0.087322583577097906
273	3	0.40376799303798167	0.90035921967704335	0.26291471811533951	1.3820115386399969	1.342118623299227	0.083947222196488078	0.099780167315742435	0.052736856237117435	0.16287180564700407	0.15033988314119487
274	3	0.11539542515022023	0.53449381578962674	0.11463349026350234	1.6339242837103085	1.4562719851729899	0.044465871099948893	0.16909730065695561	0.066072300640424769	0.22929189195973496	0.18524876946646898
275	4	0.17770054717258135	0.5668494894271795	0.094417253055811945	0.98537582365964804	0.86560128161201477	0.096372500276927758	0.087521712497783802	0.0001043086745929872	0.25188080827812376	0.24826606903056594
276	3	0.16931605053010884	0.59193913217883076	0.18768895745218592	1.2792246250514345	1.2116452474333246	0.10479812044117102	0.15671702364402557	0.038363540112497416	0.039087604512921523	0.20946787903288083
277	4	0.23162117255246994	0.62429480581638364	0.16747272024449553	0.63067616500077406	0.62097454387234952	0.052891491264192167	0.075141435484853789	0.027813069202520347	0.061676520831310346	0.2724851785969778
278	4	0.05675139533529152	0.25842940192896691	0.019191492392658327	0.88258891007108564	0.7351279057461122	0.092372842360731358	0.14445856882606695	0.090996087675021847	0.1280966071440412	0.30739406492225185
279	5	0.0055537266870695932	0.29078507556651978	0.0010247448150320637	0.23404045002042501	0.14445720218513713	0.040466213183752493	0.062882980666895127	0.024819478360004088	0.15068552346243003	0.37041136448634882
280	3	0.14393239521725509	0.6471166473760146	0.21576519995141635	1.4490207762335785	1.3420493691600683	0.022477935778170754	0.089560436805599691	0.015539578504856422	0.20946575011167923	0.24062863404824159
281	4	0.2062375172396162	0.67947232101356758	0.19554896274372596	0.80047231618291759	0.75137866559909328	0.029428693398808103	0.0079848486464278636	0.050637030810161354	0.23205466643006795	0.30364593361233855
282	4	0.082135050648145261	0.3136069171261508	0.047267734891888791	1.0523850612532293	0.86553202747285574	0.010052657697731077	0.077301981987641044	0.068172126067380837	0.298474752742799	0.33855481993761266
283	5	0.019829928625784143	0.34596259076370367	0.0270514976841984	0.40383660120256859	0.27486132391188073	0.041853971479247777	0.0042736061715307775	0.0019955167523630934	0.32106366906118777	0.40157211950170968
284	4	0.028214425268256661	0.37105223351535488	0.12032320208057237	0.6976854025943553	0.62090528973319059	0.159316649238851	0.064921704974711031	0.040463365539453497	0.10827046529598543	0.36277392950402454
285	5	0.034090696754104456	0.4034079071529077	0.10010696487288198	0.049136942543694939	0.030234586172215572	0.10741002006187213	0.016653883184460788	0.025713243775564266	0.13085938161437424	0.4257912290681215
286	5	0.25428187113365702	0.037542503265491113	0.048174262978955232	0.30104968761400624	0.14438794804597813	0.1468913711584113	0.052663250156752398	0.093095913101977928	0.19727946792710516	0.46070011539339556
287	6	0.19197674911129589	0.069898176903043965	0.068390500186645622	0.34749877243665406	0.4462827555149973	0.094984741981432474	0.028912338002419442	0.026919303786960169	0.21986838424549396	0.52371741495749258
288	2	0.428779055700584	0.7255731060279228	0.1986287432359545	1.8824556539327908	1.8781594536667359	0.066642816271789043	0.17796351679336886	0.046319908729206327	0.044998802449004248	0.1739010262866991
289	3	0.49108417772294499	0.75792877966547556	0.17841250602826411	1.2339071938821307	1.2874887501057606	0.11854944544876789	0.096387928634197026	0.11249651804422409	0.067587718767393029	0.11088372672260219
290	3	0.20271160983518355	0.39206337577805889	0.030131278176426902	1.4858199389524418	1.401642111979523	0.07906809435222871	0.16570506197541018	0.0063126388333180992	0.13400780508012394	0.075974840397328089
291	4	0.26501673185754465	0.42441904941561176	0.0099150409687365111	0.83727147890178133	0.8109714084185482	0.13097472352920753	0.084129473816238393	0.059863970481699669	0.15659672139851274	0.012957540833231126
292	3	0.25663223521507217	0.44950869216726302	0.10318674536511048	1.1311202802935683	1.1570153742398579	0.070195897188891215	0.1533247849624802	0.021396121694609256	0.056196482366689525	0.051755730830916245
293	4	0.31893735723743333	0.48186436580481579	0.082970508157420075	0.48257182024290757	0.56634467067888294	0.01828926801191235	0.071749196803308379	0.087572731009627008	0.033607566048300709	0.011261568733180719
294	4	0.030564789349671793	0.1159989619173992	0.065310719694417069	0.73448456531321904	0.68049803255264563	0.057770619108451535	0.14106633014452155	0.031236425867915186	0.032812520264430177	0.04617045505845483
295	5	0.092869911372032904	0.14835463555495204	0.085526956902107459	0.08593610526255846	0.089827328991670452	0.0058639899314726854	0.059490741985349739	0.034940183447102591	0.055401436582818972	0.10918775462255181
296	3	0.23124857990221842	0.50468620736444691	0.13126298786434093	1.3009164314757118	1.2874194959666014	0.012124287474109064	0.086168198124054268	0.044220083302250246	0.11418166323206816	0.020594975815555402
297	4	0.29355370192457952	0.53704188100199968	0.11104675065665055	0.65236797142505121	0.69674879240562659	0.064030916651087927	0.0045926099648824518	0.11039669261726801	0.13677057955045696	0.042422323748541532
298	4	0.0051811340368180577	0.17117647711458306	0.037234477195186653	0.90428071649536257	0.81090215427938916	0.024549565554548736	0.073909743306095635	0.0084124642602741804	0.20319066586318782	0.077331210073815645
299	5	0.067486256059179184	0.20353215075213588	0.057450714402877044	0.25573225644470216	0.22023145071841413	0.076456194731527594	0.0076658448530761928	0.057764145054743588	0.22577958218157662	0.14034850963791262
300	4	0.059101759416706659	0.22862179350378709	0.035820989993496935	0.54958105783648881	0.56627541653972402	0.1247144259865712	0.061529466293165622	0.019296296267653175	0.0129863784163744	0.1015503196402275
301	5	0.12140688143906778	0.26097746714133996	0.015604752785806541	0.098967402214171593	0.02439528702125111	0.072807796809592332	0.020046121866006211	0.085472905582670927	0.035575294734763174	0.16456761920432444
302	5	0.16696568644869364	0.1048879367460767	0.13267647506603061	0.15294534285613981	0.089758074852511527	0.11228914790613151	0.049271011475206974	0.033336251294871264	0.1019953810474941	0.19947650552959853
303	6	0.10466056442633254	0.072532263108523759	0.152892712273721	0.49560311719452049	0.50091262870846387	0.060382518729152658	0.032304576683964845	0.03284035802014651	0.12458429736588288	0.26249380509369546
304	3	0.079935448610555598	0.25213343160737861	0.029950883738472545	1.0408584946593102	0.93285550957383756	0.0029605486740044039	0.20512382502518117	0.011781737632747697	0.34650258140199214	0.097939963114099554
305	4	0.1422405706329167	0.28448910524493148	0.0097346465307821539	0.3923100346086496	0.34218480601286244	0.048946080502974457	0.12354823686600938	0.077958346947765461	0.36909149772038086	0.16095726267819649
306	4	0.14613199725484471	0.081376298642485162	0.13854658132105499	0.64422277967896102	0.45633816788662507	0.009464729406435269	0.19286537020722255	0.04085080992977673	0.4355115840331118	0.1958661490034706
307	5	0.083826875232483597	0.049020625004932247	0.15876281852874538	0.0043256803716993806	0.13433253567435002	0.061371358583414123	0.11128978204805076	0.025325799385241033	0.45810050035150063	0.25888344856756756
308	4	0.092211371874956163	0.023930982253281052	0.065491114132371436	0.28952312102008726	0.21171143014695987	0.13979926213468469	0.18048509319429251	0.013142049401849385	0.24530729658629821	0.22008525856988242
309	5	0.029906249852595046	0.0084246913842717982	0.085707351340061827	0.35902533903057315	0.37895927341401514	0.087892632957705802	0.098909505035120721	0.05303455991316839	0.26789621290468701	0.28310255813397939
310	5	0.31827881774035649	0.35744071250314491	0.23398857919189903	0.10711259396026174	0.26480591154025263	0.12737398405424499	0.16822663837633386	0.065774596964373808	0.33431629921741807	0.31801144445925345
311	6	0.25597369571799533	0.32508503886559198	0.25420481639958942	0.75566105401092232	0.85547661510122786	0.075467354877266121	0.086651050217162087	0.00040201235064394605	0.3569052155358069	0.38102874402335041
312	4	0.11759502718780986	0.031246532943902828	0.037414871633141021	0.45931927220223095	0.34211555187370352	0.057479077471684389	0.11332850635586664	0.0096819122057916155	0.4156854421850561	0.25124601358524329
313	5	0.05528990516544878	0.063602206581455656	0.057631108840831412	0.18922918784842963	0.24855515168727157	0.0055724482947055289	0.031752918196694811	0.07585852152080938	0.43827435850344487	0.31426331314934014
314	5	0.34366247305321018	0.30226319730596102	0.20591233669266856	0.062683557221881875	0.13440178981350903	0.045053799391244716	0.101070051537908	0.042950635356732811	0.50469444481617587	0.34917219947461431
315	6	0.28135735103084908	0.26990752366840809	0.22612857390035895	0.5858649028287789	0.72507249337448432	0.0068528297857341491	0.019494463378736157	0.023225973958284948	0.52728336113456464	0.41218949903871127
316	5	0.28974184767332162	0.24481788091675688	0.13285686950398498	0.29201610143699186	0.37902852755317418	0.19431779093236465	0.088689774524977977	0.015241874828805466	0.31449015736936231	0.37339130904102613
317	6	0.22743672565096049	0.21246220727920412	0.15307310671167537	0.94056456148765188	0.96969923111414913	0.14241116175538576	0.007114186365806149	0.050934734486212309	0.33707907368775114	0.43640860860512315
318	6	0.51580929353872196	0.57832761116662079	0.30135433456351257	0.68865181641734119	0.85554586924038689	0.18189251285192495	0.07643131970701933	0.067874422391329875	0.40349916000048208	0.47131749493039726
319	7	0.4535041715163608	0.54597193752906781	0.32157057177120296	1.3372002764680011	1.4462165728013621	0.12998588367494612	0.0051442684521524921	0.0016978130763121344	0.4260880763188708	0.53433479449449417
320	2	0.52606320164085807	1.0193005734367553	0.4031299079051035	2.3992110726577343	2.5130288584588367	0.075830473780614943	0.065483715761484179	0.033182627573829782	0.746107623877453	0.73286619866021208
321	3	0.58836832366321912	1.0516562470743083	0.38291367069741306	1.7506626126070741	1.9223581548978614	0.12773710295759383	0.14705930392065603	0.032993981741187971	0.72351870755906433	0.66984889909611522
322	3	0.29999575577545767	0.68579084318689154	0.23463244284557586	2.0025753576773853	2.0365115167716237	0.088255751861054624	0.077742170579442826	0.085815175136354213	0.65709862124633334	0.63494001277084111
323	4	0.36230087779781878	0.7181465168244443	0.21441620563788547	1.3540268976267249	1.4458408132106486	0.14016238103803347	0.15931775873861467	0.019638565821336454	0.63450970492794456	0.57192271320674415
324	3	0.35391638115534624	0.74323615957609557	0.30768791003425944	1.6478756990185119	1.791884779031959	0.061008239680065302	0.09012244759237284	0.05810641460842686	0.84730290869314684	0.61072090320442929
325	4	0.41622150317770734	0.77559183321364844	0.28747167282656905	0.99932723896785092	1.2012140754709835	0.0091016105030864436	0.17169803575154469	0.0080701947065908945	0.82471399237475806	0.54770360364033233
326	4	0.12784893528994593	0.40972642932623177	0.13919044497473188	1.2512399840381625	1.3153674373447459	0.048582961599625628	0.10238090241033149	0.11073896217095129	0.75829390606202707	0.51279471731505821
327	5	0.190154057312307	0.44208210296378458	0.11897420776704148	0.60269152398750192	0.72469673378377109	0.0033236675773532396	0.18395649056950333	0.044562352855933532	0.73570498974363829	0.44977741775096119
328	3	0.32853272584249249	0.7984136747732794	0.3357641525334899	1.8176718502006555	1.9222889007587025	0.021311944982934972	0.15727903443079877	0.035282453000785863	0.67692476309438909	0.57956014818906842
329	4	0.39083784786485365	0.83076934841083239	0.31554791532579951	1.1691233901499944	1.331618197197727	0.073218574159913827	0.23885462258997059	0.03089415631423189	0.65433584677600032	0.51654284862497146
330	4	0.10246527997709218	0.46490394452341555	0.16726668747396228	1.4210361352203063	1.4457715590714897	0.033737223063374643	0.16953748924875742	0.087915000563310294	0.58791576046326932	0.48163396229969735
331	5	0.16477040199945331	0.49725961816096848	0.14705045026627189	0.77248767516964567	0.85510085551051473	0.085643852240353507	0.25111307740792921	0.021738391248292535	0.56532684414488055	0.41861666273560044
332	4	0.15638590535698077	0.52234926091261968	0.24032215466264586	1.0663364765614323	1.2011448213318245	0.11552676847774528	0.18191776626168746	0.060206240035382941	0.77812004791008282	0.45741485273328558
333	5	0.21869102737934187	0.55470493455017267	0.22010591745495547	0.41778801651077185	0.61047411777084948	0.063620139300766418	0.26349335442085925	0.0059703692796348132	0.75553113159169405	0.39439755316918867
334	5	0.069681540508419543	0.18883953066275591	0.071824689603118302	0.66970076158108327	0.72462747964461216	0.10310149039730561	0.19417622107964611	0.11283878759790737	0.68911104527896305	0.35948866684391451
335	6	0.0073764184860584557	0.22119520430030876	0.051608452395427919	0.021152301530422867	0.13395677608363687	0.051194861220326751	0.27575180923881792	0.046662178282889613	0.66652212896057439	0.29647136727981754
336	3	0.1772195945508297	0.54586089901621127	0.23445204840762149	1.5576139133842535	1.5677249143659382	0.0062271088348215039	0.038323407529671824	0.067720798670288421	0.4446038449244652	0.46102520925941348
337	4	0.2395247165731908	0.57821657265376414	0.2142358111999311	0.90906545333359323	0.97705421080496302	0.058133738011800364	0.11989899568884366	0.0015441893552706524	0.42201492860607648	0.39800790969531658
338	4	0.04884785131457061	0.21235116876634744	0.065954583348093926	1.1609781984039045	1.0912075726787256	0.018652386915261176	0.050581862347630471	0.12035334623281284	0.35559484229334543	0.36309902337004246
339	5	0.013457270707790481	0.24470684240390028	0.045738346140403528	0.51242973835324412	0.50053686911775053	0.070559016092240037	0.1321574505068023	0.054176736917795086	0.33300592597495671	0.3000817238059455
340	4	0.0050727740653179424	0.26979648515555149	0.13901005053677751	0.80627853974503072	0.84658083493906044	0.13061160462585875	0.062962139360560485	0.092644585704885499	0.54579912974015898	0.33887991380363058
341	5	0.067377896087679079	0.30215215879310431	0.11879381332908712	0.15773007969437022	0.25591013137808527	0.078704975448879888	0.14453772751973232	0.026467976389867743	0.52321021342177021	0.27586261423953362
342	5	0.22099467180008237	0.06371324509431231	0.02948741452275009	0.40964282476468161	0.37006349325184795	0.11818632654541905	0.075220594178519132	0.14527713326740993	0.45679012710903927	0.24095372791425956
343	6	0.15868954977772126	0.031357571456759478	0.04970365173044048	0.23890563528597886	0.22060721030912708	0.066279697368440221	0.15679618233769096	0.079100523952392157	0.43420121079065044	0.1779364283501626
344	4	0.020310881247535773	0.32497400035273538	0.16708629303600792	0.97607469092717447	0.97698495666580398	0.048291419962858476	0.1301187261989864	0.069820624097244502	0.37542098414140124	0.30771915878826983
345	5	0.041994240774825345	0.3573296739902882	0.14687005582831753	0.32752623087651384	0.38631425310482898	0.0036152092141203849	0.21169431435815828	0.0036440147822267336	0.35283206782301246	0.24470185922417284
346	5	0.24637832711293614	0.008535729897128452	0.0014111720235196134	0.57943897594682536	0.5004676149785916	0.035866141882418802	0.14237718101694505	0.12245317165976892	0.28641198151028158	0.20979297289889876
347	6	0.18407320509057498	0.023819943740424399	0.021627409231210017	0.069109484103835245	0.090203088582383503	0.016040487294560056	0.22395276917611689	0.056276562344751167	0.2638230651918928	0.14677567333480177
348	5	0.19245770173304749	0.048909586492075621	0.071644295165163949	0.22473931728795149	0.25584087723892635	0.18513013342353873	0.15475745802987509	0.09474441113184158	0.47661626895709508	0.18557386333248688
349	6	0.13015257971068639	0.081265260129628467	0.051428057957473558	0.42380914276270881	0.33482982632204866	0.13322350424655988	0.23633304618904688	0.028567801816823824	0.45402735263870631	0.12255656376838993
350	6	0.41852514759844794	0.28460014375778819	0.096853169894363642	0.17189639769239759	0.22067646444828609	0.17270485534309904	0.16701591284783374	0.14737695869436601	0.38760726632597536	0.087647677443115829
351	7	0.35622002557608679	0.25224447012023532	0.11706940710205402	0.82044485774305753	0.81134716800926143	0.1207982261661202	0.24859150100700558	0.081200349379348238	0.36501835000758653	0.024630377879018915
352	3	0.26453577923579308	0.40343045900464347	0.14994983632054609	1.4095095686263872	1.5130950411724717	0.040829332087101322	0.04171564621121724	0.0079611368631817506	0.53988793180407624	0.72224881912321048
353	4	0.32684090125815418	0.43578613264219629	0.1297335991128557	0.76096110857572663	0.92242433761149645	0.092735961264080152	0.12329123437038909	0.058215472451836024	0.51729901548568757	0.65923151955911352
354	4	0.038468333370392682	0.069920728754779657	0.018547628738981515	1.0128738536460378	1.0365776994852589	0.053254610167540996	0.053974101029175894	0.060593684425706174	0.45087892917295658	0.62432263323383952
355	5	0.1007734553927538	0.10227640239233252	0.038763865946671902	0.36432539359537752	0.44590699592428396	0.10516123934451982	0.13554968918834773	0.0055829248893115805	0.4282900128545678	0.56130533366974256
356	4	0.092388958750281275	0.1273660451439837	0.054507838449702063	0.65817419498716423	0.79195096174559387	0.096009381373578923	0.066354378042105894	0.032884923897778827	0.64108321661976997	0.6001035236674277
357	5	0.15469408077264241	0.15972171878153657	0.034291601242011673	0.0096257349365036944	0.2012802581846187	0.044102752196600079	0.14792996620127771	0.033291685417238925	0.61849430030138119	0.53708622410333073
358	5	0.13367848711511904	0.20614368510588008	0.11398962660982548	0.26153848000681518	0.31543362005838133	0.083584103293139256	0.078612832860064541	0.085517471460303265	0.55207421398865031	0.50217733777805651
359	6	0.071373365092757934	0.17378801146832723	0.13420586381751587	0.38700998004384546	0.27523708350259385	0.031677474116160412	0.16018842101923636	0.019340862145285499	0.52948529767026153	0.4391600382139596
360	4	0.067005303437427541	0.18254356034116762	0.08258408094893252	0.82797034616930776	0.92235508347233741	0.013689196710578666	0.13351096488053182	0.010060962290137832	0.47070507102101233	0.56894276865206683
361	5	0.12931042545978866	0.21489923397872043	0.062367843741242136	0.17942188611864734	0.33168437991136235	0.038217432466400206	0.21508655303970364	0.056115647024879943	0.4481161547026235	0.50592546908796987
362	5	0.15906214242797279	0.15096616990869621	0.08591338411059507	0.43133463118895882	0.44583774178512503	0.0012639186301389826	0.1457694196984905	0.062693509852662255	0.38169606838989267	0.4710165827626957
363	6	0.096757020405611668	0.11861049627114335	0.10612962131828545	0.21721382886170168	0.14483296177585009	0.050642710546839872	0.22734500785766229	0.0034830994623554989	0.35910715207150384	0.40799928319859874
364	5	0.10514151704808419	0.093520853519492159	0.012857916921911483	0.076634972530085041	0.20121100404545977	0.15052791017125894	0.15814969671142048	0.034984749324734908	0.57190035583670606	0.44679747319628388
365	6	0.042836395025723097	0.061165179881939299	0.033074154129601872	0.57191348752057558	0.3894596995155154	0.098621280994280053	0.23972528487059233	0.031191859990282844	0.54931143951831729	0.38378017363218697
366	6	0.33120896291348456	0.42703058376935593	0.18135538198143902	0.32000074245026405	0.27530633764175272	0.13810263209081924	0.1704081515293791	0.087617296887259347	0.4828913532055864	0.34887128730691291
367	7	0.2689038408911234	0.394674910131803	0.20157161918912941	0.96854920250092424	0.865977041202728	0.086196002913840372	0.25198373968855098	0.02144068757224158	0.46030243688719763	0.28585398774281595
368	4	0.084307827854235254	0.070009215415900619	0.018728023176935858	0.56791240935290621	0.56779109707957343	0.028774032858692133	0.014555337979404897	0.042499307959640374	0.23838415285108833	0.45040782972241178
369	5	0.022002705831874157	0.037653541778347788	0.038944260384626249	0.08063605069775423	0.022879606481401814	0.023132596318286736	0.096130926138576725	0.023677301355377375	0.21579523653269961	0.38739053015831498
370	5	0.31037527371963558	0.40351894566576441	0.1872254882364634	0.17127669437255716	0.091273755392360822	0.016348754778252463	0.026813792797363539	0.095131855522164813	0.14937515021996867	0.35248164383304081
371	6	0.24807015169727448	0.37116327202821148	0.20744172544415379	0.47727176567810314	0.49939694816861452	0.035557874398726409	0.10838938095653536	0.028955246207147057	0.12678623390157984	0.28946434426894385
372	5	0.25645464833974707	0.34607362927656027	0.11417002104777985	0.1834229642863166	0.15335298234730438	0.16561274631937239	0.039194069810293539	0.067423094994237459	0.33957943766678217	0.32826253426662899
373	6	0.19414952631738588	0.31371795563900751	0.13438625825547024	0.83197142433697702	0.74402368590827961	0.11370611714239351	0.1207696579694654	0.0012464856792196999	0.31699052134839334	0.26524523470253203
374	6	0.4825220942051473	0.67958335952642401	0.28266748610730741	0.58005867926666554	0.62987032403451715	0.1531874682389327	0.051452524628252193	0.12005564255676189	0.25057043503566245	0.23033634837725794
375	7	0.42021697218278631	0.64722768588887125	0.3028837233149978	1.2286071393173259	1.220541027595492	0.10128083906195384	0.13302811278742405	0.053879033241744125	0.22798151871727362	0.16731904881316101
376	5	0.28183830365260076	0.29089611407937649	0.086093778548549438	0.013626813104172885	0.02294886062056074	0.083292561656372111	0.10635065664871948	0.044599133386596455	0.16920129206802442	0.29710177925126813
377	6	0.21953318163023963	0.25854044044182362	0.10631001575623981	0.6621752731548336	0.61361956418153607	0.031385932479393253	0.18792624480789127	0.021577475928421293	0.14661237574963565	0.23408447968717122
378	6	0.50790574951800116	0.62440584432924029	0.25459124360807694	0.4102625280845219	0.4994662023077735	0.070867283575932444	0.11860911146667812	0.097231680949120894	0.080192289436904735	0.19917559336189711
379	7	0.44560062749563994	0.59205017069168731	0.27480748081576734	1.0588109881351824	1.0901369058687485	0.018960654398953579	0.20018469962584998	0.031055071634103138	0.057603373118515912	0.13615829379780015
380	6	0.45398512413811254	0.56696052794003615	0.18153577641939339	0.76496218674339578	0.74409294004743864	0.22013127511705238	0.13098938847960814	0.06952292042119354	0.27039657688371826	0.17495648379548528
381	7	0.39168000211575138	0.53460485430248339	0.20175201362708378	1.4135106467940559	1.3347636436084136	0.1682246459400735	0.21256497663877996	0.0033463111061757802	0.24780766056532944	0.11193918423138831
382	7	0.68005257000351294	0.90047025818990001	0.35003324147892101	1.1615979017237446	1.2206102817346509	0.20770599703661269	0.14324784329756679	0.12215546798371797	0.18138757425259849	0.077030297906114223
383	8	0.61774744798115166	0.86811458455234702	0.3702494786866114	1.8101463617744051	1.8112809852956264	0.15579936785963383	0.22482343145673861	0.055978858668700206	0.15879865793420972	0.014012998342017299
384	2	0.7209390957766415	0.8056968454959037	0.37145941963737245	1.9484070625159056	1.8788135493782978	0.073901031444515264	0.26347588068627392	0.033978840185844961	0.1020064300302044	0.049859168023901626
385	3	0.78324421779900244	0.83805251913345669	0.35124318242968211	1.299858602465245	1.2881428458173221	0.12580766062149412	0.18190029252710213	0.10015544950086275	0.079417513711815629	0.013158131540195298
386	3	0.49487164991124111	0.47218711524604001	0.20296195457784488	1.5517713475355563	1.4022962076910845	0.086326309524954931	0.2512174258683153	0.018653707376679467	0.012997427399084693	0.048067017865469387
387	4	0.55717677193360216	0.50454278888359272	0.18274571737015446	0.9032228874848961	0.8116255041301097	0.13823293870193379	0.16964183770914348	0.047522901938338288	0.0095914889193041246	0.11108431742956634
388	3	0.54879227529112973	0.52963243163524398	0.27601742176652844	1.1970716888766826	1.1576694699514194	0.062937682016164995	0.23883714885538532	0.0090550531512478862	0.20320171484589816	0.072286127431881231
389	4	0.61109739731349078	0.56198810527279686	0.25580118455883805	0.54852322882602211	0.56699876639044455	0.011031052839186145	0.15726156069621347	0.075231662466265642	0.18061279852750939	0.13530342699597819
390	4	0.32272482942572933	0.19612270138538032	0.10751995670700087	0.80043597389633381	0.68115212826420712	0.050512403935725328	0.22657869403742664	0.043577494411276542	0.11419271221477845	0.17021231332125231
391	5	0.38502995144809044	0.22847837502293319	0.087303719499310484	0.15188751384567309	0.090481424703231908	0.0013942252412535328	0.14500310587825482	0.02259911490374121	0.091603795896389673	0.23322961288534921
392	3	0.52340861997827592	0.58480994683242782	0.3040936642657589	1.3668678400588263	1.2880735916781629	0.019382502646835265	0.17168056201695939	0.031879014758888879	0.032823569247140472	0.10344688244724207
393	4	0.58571374200063708	0.6171656204699808	0.28387742705806851	0.71831938000816575	0.6974028881171882	0.071289131823814147	0.090104973857787568	0.098055624073906666	0.010234652928751652	0.166464182011339
394	4	0.29734117411287558	0.25130021658256424	0.13559619920623128	0.97023212507847734	0.81155624999095066	0.031807780727274935	0.15942210719900074	0.020753532803635549	0.05618543338397923	0.20137306833661311
395	5	0.35964629613523674	0.283655890220117	0.11537996199854091	0.32168366502781681	0.22088554642997557	0.083714409904253814	0.077846519039828907	0.045423076511382207	0.078774349702368074	0.26439036790071008
396	4	0.35126179949276415	0.30874553297176821	0.20865166639491489	0.61553246641960335	0.56692951225128563	0.11745621081384497	0.1470418301860707	0.0069552277242918041	0.13401885406283426	0.22559217790302494
397	5	0.41356692151512531	0.34110120660932114	0.18843542918722447	0.033015993631056964	0.023741191309689658	0.065549581636866111	0.065466242026898908	0.073131837039309561	0.11142993774444546	0.2886094774671219
398	5	0.12519435362736386	0.024764197278095534	0.040154201335387302	0.21889675143925444	0.090412170564072983	0.10503093273340532	0.13478337536811208	0.045677319838232623	0.045009851431714522	0.32351836379239607
399	6	0.18749947564972497	0.0075914763594573161	0.019937964127696911	0.42965170861140595	0.50025853299690226	0.053124303556426444	0.05320778720894026	0.020499289476785129	0.022420935113325748	0.38653566335649292
400	3	0.37209548868661313	0.33225717107535974	0.20278156013989052	1.1068099032424246	0.93350960528539895	0.0042976664987217968	0.29063618891808629	0.00055933091061367011	0.19949734892278354	0.22198182137689701
401	4	0.43440061070897418	0.36461284471291266	0.1825653229322001	0.45826144319176426	0.34283890172442383	0.056204295675700656	0.20906060075891447	0.065617278404404095	0.22208626524117223	0.284999120940994
402	4	0.14602804282121279	0.0012525591745039977	0.034284095080362925	0.71017418826207579	0.45699226359818657	0.016722944579161469	0.27837773410012767	0.053191878473138089	0.28850635155390314	0.319908007266268
403	5	0.20833316484357392	0.031103114463048854	0.014067857872672535	0.061625728211415168	0.13367843996278855	0.068629573756140344	0.19680214594095582	0.012984730841879658	0.31109526787229197	0.38292530683036496
404	4	0.19994866820110141	0.056192757214700052	0.10733956226904651	0.35547452960320192	0.21236552585852131	0.13254104696195843	0.26599745708719763	0.02548311794521075	0.098302064107089707	0.34412711683267988
405	5	0.26225379022346246	0.088548430852252905	0.087123325061356116	0.29307393044745861	0.37830517770245387	0.080634417784979595	0.18442186892802584	0.04069349136980701	0.12089098042547852	0.4071444163967769
406	5	0.026118777664298952	0.27731697303516378	0.06115790279048109	0.04116118537714715	0.26415181582869118	0.12011576888151879	0.25373900226923901	0.078115665507735188	0.18731106673820944	0.44205330272205101
407	6	0.036186344358062159	0.24496129939761097	0.081374139998171474	0.68970964542780766	0.85482251938966647	0.068209139704539914	0.17216341411006716	0.011939056192717418	0.20989998305659824	0.50507060228614797
408	4	0.17456501288824766	0.11137027241188394	0.13541580476827692	0.52527068078534567	0.34276964758526496	0.050220862298958169	0.1988408702487717	0.0026591563375697506	0.26868020970584744	0.37528787184804069
409	5	0.23687013491060877	0.14372594604943678	0.11519956756058654	0.12327777926531498	0.24790105597571013	0.0016857668780206781	0.1172652820895999	0.063517452977448013	0.29126912602423616	0.43830517141213771
410	5	0.051502432977152693	0.22213945783797989	0.033081660291250613	0.1286349658049965	0.13374769410194759	0.037795584218518495	0.18658241543081305	0.05529170390009417	0.3576892123369671	0.47321405773741188
411	6	0.010802689045208425	0.18978378420042702	0.053297897498941017	0.51991349424566402	0.72441839766292271	0.014111044958460351	0.10500682727164126	0.010884905414923577	0.38027812865535593	0.53623135730150884
412	5	0.002418192402735908	0.16469414144877584	0.039973806897432955	0.22606469285387734	0.37837443184161274	0.18705957575963841	0.17420213841788307	0.027582943372166831	0.16748492489015362	0.4974331673038237
413	6	0.064723314425097017	0.13233846781122299	0.019757569689742564	0.87461315290453778	0.96904513540258796	0.13515294658265958	0.092626550258711263	0.038593665942850928	0.19007384120854243	0.56045046686792066
414	6	0.22364925346266448	0.49820387169863967	0.12852365816209463	0.62270040783422642	0.8548917735288255	0.17463429767919872	0.16194368359992445	0.080215490934691269	0.25649392752127331	0.59535935319319466
415	7	0.16134413144030338	0.46584819806108679	0.14873989536978502	1.2712488678848868	1.4455624770898008	0.12272766850221987	0.080368095440752602	0.0140388816196735	0.27908284383966214	0.65837665275729162
416	3	0.45941167337157651	0.18982673106379203	0.11827934805281508	0.95870555848455796	0.87887973209193238	0.038899889751001615	0.28724395023654092	0.059200330896492993	0.10421326204317242	0.039241788486900006
417	4	0.52171679539393756	0.2221824047013449	0.098063110845124687	0.31015709843389783	0.28820902853095731	0.090806518927980473	0.20566836207736908	0.12537694021151077	0.12680217836156121	0.023775511077196911
418	4	0.23334422750617612	0.1436829991860718	0.050218117006712512	0.56206984350420908	0.40236239040471977	0.051325167831441289	0.27498549541858225	0.0065677833339685713	0.1932222646742921	0.058684397402471
419	5	0.29564934952853716	0.11132732554851894	0.070434354214402903	0.086478616546451281	0.18830831315625515	0.10323179700842014	0.19340990725941043	0.072744392648986328	0.2158111809926809	0.12170169696656796
420	4	0.28726485288606468	0.086237682796867693	0.022837350181971066	0.20737018484533545	0.15773565266505471	0.09793882370967863	0.26260521840565226	0.034276543861895922	0.0030179772274786299	0.082903506968882851
421	5	0.34956997490842584	0.053882009159314868	0.0026211129742806706	0.44117827520532515	0.43293505089592055	0.046032194532699779	0.18102963024648039	0.1004531531769137	0.025606893545867447	0.14592080653297981
422	5	0.061197407020664361	0.41974741304673158	0.14566011487755648	0.18926553013501363	0.31878168902215775	0.085513545629238963	0.25034676358769359	0.018356003700628516	0.09202697985859834	0.18082969285825393
423	6	0.12350252904302547	0.3873917394091787	0.16587635208524687	0.83781399018567415	0.90945239258313304	0.033606916452260105	0.16877117542852177	0.047820605614389257	0.11461589617698716	0.24384699242235092
424	4	0.26188119757321093	0.03106016759968384	0.050913592681201526	0.37716633602747907	0.28813977439179828	0.015618639046678368	0.19544863156722631	0.057100505469536912	0.17339612282623637	0.11406426198424369
425	5	0.32418631959557204	0.0012955060378690097	0.030697355473511139	0.27138212402318151	0.30253092916917673	0.036287990130300499	0.11387304340805451	0.12327711478455469	0.1959850391446252	0.17708156154834062
426	5	0.035813751707810627	0.36456989784954769	0.11758387237832606	0.019469378952870021	0.18837756729541416	0.0031933609662386951	0.18319017674926769	0.0044679579070124901	0.262405125457356	0.21199044787361471
427	6	0.098118873730171752	0.33221422421199487	0.13780010958601646	0.6680178390035304	0.7790482708563895	0.048713268210740165	0.10161458859009587	0.070644567222030247	0.28499404177574483	0.27500774743771167
428	5	0.089734377087699227	0.30712458146034366	0.044528405189642475	0.37416903761174386	0.43300430503507936	0.15245735250735862	0.17080989973633764	0.032176718434939841	0.072200838010542556	0.23620955744002656
429	6	0.15203949911006034	0.27476890782279079	0.064744642397332852	1.0227174976624043	1.0236750085960546	0.10055072333037976	0.08923431157716584	0.098353327749957614	0.09478975432893133	0.29922685700412355
430	6	0.13633306877770107	0.64063431171020757	0.21302587024917	0.77080475259209291	0.90952164672229208	0.14003207442691892	0.158551444918379	0.020455829127584597	0.1612098406416623	0.33413574332939766
431	7	0.074027946755339968	0.60827863807265459	0.23324210745686039	1.4193532126427535	1.5001923502832673	0.088125445249940079	0.076975856759207192	0.045720780187433176	0.1837987569600511	0.39715304289349462
432	4	0.11056806628154817	0.28361294335675213	0.050398511444666859	0.11710839921107734	0.066424212000965668	0.030703475194791829	0.31440425846835324	0.024662159800034365	0.40571704099616024	0.23259920091389863
433	5	0.17287318830390927	0.25125726971919926	0.070614748652357257	0.53144006083958317	0.657094915561941	0.021203153982187029	0.23282867030918145	0.090838769115052148	0.42830595731454901	0.29561650047799559
434	5	0.11549937958385215	0.61712267360661599	0.21889597650419437	0.27952731576927164	0.54294155368817842	0.018278197114352156	0.30214580365039462	0.027970387762490063	0.4947260436272799	0.33052538680326971
435	6	0.053194257561491029	0.58476699996906301	0.23911221371188476	0.92807577581993217	1.1336122572491534	0.033628432062626702	0.2205702154912228	0.038206221552527696	0.51731495994566878	0.39354268636736667
436	5	0.061578754203963595	0.55967735721741185	0.14584050931551085	0.63422697442814546	0.78756829142784368	0.16754218865547207	0.28976552663746458	0.00026162723456271409	0.3045217561804664	0.35474449636968158
437	6	0.00072636781839752196	0.52732168357985887	0.16605674652320124	1.2827754344788058	1.3782389949888185	0.1156355594784932	0.20818993847829276	0.065914982080455056	0.32711067249885523	0.41776179593377849
438	6	0.28764620006936392	0.89318708746727571	0.31433797437503841	1.0308626894084945	1.2640856331150561	0.15511691057503238	0.27750707181950596	0.052894174797087135	0.39353075881158617	0.4526706822590526
439	7	0.22534107804700282	0.86083141382972284	0.3345542115827288	1.6794111494591555	1.8547563366760311	0.10321028139805355	0.19593148366033414	0.013282434517930616	0.416119675129975	0.51568798182314957
440	5	0.086962409516817288	0.50449984202022802	0.11776426681628042	0.46443082324600171	0.65716416970109992	0.085222003992471818	0.22260893979903867	0.022562334373078283	0.4748999017792242	0.38590525138504234
441	6	0.024657287494456216	0.47214416838267514	0.13798050402397083	1.1129792832966623	1.247834873262075	0.033315374815492946	0.14103335163986683	0.088738943688096053	0.49748881809761303	0.44892255094913935
442	6	0.31302985538221767	0.83800957227009187	0.28626173187580795	0.86106653822635093	1.1336815113883125	0.072796725912032137	0.21035048498108005	0.030070213189446145	0.56390890441034391	0.48383143727441347
443	7	0.25072473335985657	0.80565389863253889	0.30647796908349834	1.5096149982770115	1.7243522149492876	0.020890096735053276	0.12877489682190818	0.036106396125571615	0.5864978207287328	0.54684873683851043
444	6	0.25910923000232911	0.78056425588088763	0.21320626468712436	1.2157661968852245	1.3783082491279777	0.22206071745315206	0.19797020796815001	0.0023614526615187946	0.37370461696353041	0.50805054684082529
445	7	0.19680410797996797	0.74820858224333486	0.23342250189481475	1.8643146569358848	1.9689789526889523	0.17015408827617318	0.11639461980897821	0.063815156653498975	0.39629353328191924	0.57106784640492225
446	7	0.4851766758677295	1.1140739861307516	0.38170372974665195	1.6124019118655739	1.8548255908151901	0.20963543937271237	0.18571175315019137	0.054994000224043216	0.46271361959465018	0.60597673273019637
447	8	0.42287155384536829	1.0817183124931986	0.40191996695434246	2.260950371916234	2.4454962943761656	0.15772881019573354	0.10413616499101956	0.011182609090974535	0.4853025359130389	0.66899403229429333
448	3	0.55669581931185053	0.48355419847262449	0.32278051272196406	1.4754609772095015	1.5137491368840332	0.048087547259827522	0.043796717681687851	0.020302205406543115	0.68689316428328495	0.59820696086041303
449	4	0.61900094133421157	0.51590987211017736	0.30256427551427367	0.8269125171588414	0.92307843332305795	0.099994176436806401	0.037778870477483961	0.045874403908474637	0.66430424796489618	0.53518966129631607
450	4	0.33062837344645019	0.15004446822276082	0.15428304766243645	1.0788252622291523	1.0372317951968202	0.060512825340267216	0.031538262863729218	0.072934752969067554	0.59788416165216529	0.50028077497104195
451	5	0.39293349546881129	0.18240014186031359	0.13406681045474605	0.43027680217849207	0.44656109163584529	0.11241945451724607	0.050037325295442601	0.0067581436540497834	0.57529524533377641	0.43726347540694499
452	4	0.38454899882633875	0.20748978461196482	0.22733851485112005	0.724125603570279	0.79260505745715526	0.08875116620085273	0.019157985850799204	0.045225992441140193	0.78808844909897879	0.47606166540463013
453	5	0.44685412084869985	0.23984545824951775	0.20712227764342966	0.075577143519618334	0.20193435389618025	0.036844537023873865	0.062417602308372636	0.020950616873877566	0.76549953278058991	0.41304436584053317
454	5	0.15848155296093847	0.12601994563789898	0.058841049791592458	0.32748988858992983	0.31608771576994277	0.076325888120413049	0.0068995310328405527	0.097858540003664632	0.69907944646785902	0.37813547951525905
455	6	0.22078667498329957	0.093664272000346133	0.038624812583902074	0.32105857146073075	0.27458298779103241	0.024419258943434184	0.074676057126331269	0.031681930688646866	0.67649053014947014	0.3151181799511622
456	4	0.35916534351348506	0.26266729980914871	0.25541475735035052	0.89392175475242264	0.92300917918389891	0.006430981537852448	0.047998600987626719	0.022402030833499197	0.61771030350022094	0.44490091038926927
457	5	0.42147046553584622	0.29502297344670164	0.23519852014266013	0.24537329470176195	0.33233847562292385	0.045475647639126406	0.12957418914679852	0.04377457848151857	0.59512138718183216	0.38188361082517236
458	5	0.13309789764808475	0.070842430440715101	0.086917292290822873	0.49728603977207336	0.44649183749668631	0.0059942965425872187	0.060257055805585359	0.075034578396023635	0.52870130086910128	0.3469747244998983
459	6	0.19540301967044588	0.03848675680316227	0.066701055083132482	0.15126242027858705	0.14417886606428865	0.057900925719566079	0.14183264396475717	0.0088579690810058655	0.50611238455071239	0.28395742493580134
460	5	0.18701852302797334	0.013397114051511071	0.15997275947950645	0.1425863811131996	0.20186509975702122	0.14326969499853268	0.072637332818515393	0.047325817868096275	0.71890558831591478	0.32275561493348648
461	6	0.24932364505033444	0.018958559586041868	0.13975652227181606	0.50596207893746081	0.38880560380395396	0.091363065821553846	0.15421292097768718	0.018850791446921485	0.69631667199752589	0.25973831536938952
462	6	0.039048922837426982	0.34690684430137486	0.0085247055800210976	0.2540493338671494	0.27465224193019122	0.13084441691809304	0.084895787636474027	0.099958365430620713	0.62989658568479501	0.22482942904411543
463	7	0.023256199184934111	0.31455117066382199	0.028740942787711488	0.90259779391780981	0.86532294549116651	0.078937787741114179	0.16647137579564583	0.033781756115602947	0.60730766936640623	0.1618121294800185
464	4	0.20785221222182226	0.010114524052080465	0.15410265322448208	0.63386381793602065	0.56844519279113492	0.021515817685965923	0.070957025913500213	0.054840376503001755	0.38538938533029699	0.32636597145961443
465	5	0.27015733424418331	0.042470197689633407	0.13388641601679169	0.014684642114639601	0.022225510769840362	0.030390811491012935	0.01061856224567162	0.011336232812016017	0.36280046901190827	0.26334867189551747
466	5	0.018215233643578067	0.32339520619778328	0.014394811835045485	0.23722810295567182	0.091927851103922278	0.009090539605526254	0.058698571095541573	0.10747292406552618	0.29638038269917732	0.22843978557024341
467	6	0.044089888378783047	0.29103953256023046	0.034611049042735875	0.4113203570949886	0.49874285245705285	0.042816089571452609	0.02287701706363026	0.04129631475050842	0.2737914663807885	0.16542248600614642
468	5	0.035705391736310522	0.26594988980857925	0.05866065535363809	0.11747155570320196	0.15269888663574291	0.15835453114664616	0.046318294082611552	0.079764163537598826	0.48658467014599083	0.20422067600383156
469	6	0.098010513758671647	0.23359421617102641	0.038444418145947706	0.76602001575386247	0.74336959019671822	0.10644790196966732	0.035257294076560267	0.01358755422258107	0.463995753827602	0.14120337643973457
470	6	0.19036205412908985	0.599459620058443	0.10983680970588949	0.514107270683551	0.62921622832295543	0.14592925306620649	0.034059839264652912	0.13239671110012324	0.39757566751487106	0.10629449011446046
471	7	0.12805693210672869	0.56710394642089024	0.13005304691357988	1.1626557307342114	1.2198869318839305	0.094022623889227636	0.047515748894518907	0.066220101785105484	0.37498675119648228	0.043277190550363519
472	5	0.010321736423456795	0.21077237461139536	0.086736897852868505	0.052324595478941749	0.022294764908999287	0.07603434648364589	0.020838292755814374	0.056940201929957836	0.31620652454723308	0.17305992098847073
473	6	0.072626858445817913	0.17841670097384252	0.066520660645178115	0.59622386457171883	0.61296546846997446	0.024127717306667039	0.1024138809149862	0.0092364073850599356	0.29361760822884431	0.11004262142437375
474	6	0.21574570944194363	0.54428210486125916	0.081760567206659016	0.34431111950140736	0.49881210659621189	0.063609068403206223	0.033096747573773011	0.10957274949248226	0.22719752191611339	0.075133735099099638
475	7	0.15344058741958247	0.5119264312237064	0.10197680441434942	0.99285957955206783	1.089482810157187	0.011702439226227374	0.11467233573294484	0.043396140177464501	0.20460860559772459	0.012116435535002676
476	6	0.16182508406205498	0.48683678847205514	0.0087051000179754531	0.69901077816028123	0.74343884433587704	0.21287305994432612	0.045477024586703017	0.081863988964554907	0.41740180936292692	0.050914625532687795
477	7	0.099519962039693821	0.45448111483450226	0.028921337225665845	1.3475592382109418	1.3341095478968521	0.16096643076734729	0.12705261274587482	0.015687379649537151	0.39481289304453809	0.012102674031409169
478	7	0.38789252992745538	0.82034651872191877	0.17720256507750304	1.0956464931406302	1.2199561860230896	0.20044778186388643	0.057735479404661658	0.13449653652707932	0.32839280673180715	0.04701156035668326
479	8	0.32558740790509427	0.78799084508436601	0.19741880228519343	1.7441949531912904	1.8106268895840647	0.1485411526869076	0.13931106756383352	0.068319927212061565	0.30580389041341832	0.11002885992078018
480	4	0.29516839690678559	0.13231591595948727	0.069600441137406668	0.48575947317815427	0.51381531959766835	0.013086405566313897	0.067564787231954804	0.0049192853041049199	0.48067347220990808	0.58758958132341133
481	5	0.35747351892914669	0.099960242321934428	0.049384203929716278	0.16278898687250604	0.076855383963306906	0.064993034743292752	0.014010800927217033	0.07109589461912269	0.45808455589151931	0.52457228175931436
482	5	0.06910095104138525	0.46582564620935107	0.098897023922120936	0.08912375819780527	0.037297977910455596	0.025511683646753568	0.055306332413996143	0.047713262258419507	0.39166446957878842	0.48966339543404036
483	6	0.13140607306374635	0.4334699725717982	0.11911326112981131	0.55942470185285509	0.55337272565051943	0.077418312823732433	0.026269255745175673	0.018463347056598252	0.36907555326039959	0.4266460958699434
484	5	0.12302157642127384	0.40838032982014705	0.025841556733437344	0.26557590046106838	0.20732875982920951	0.12375230789436635	0.042926055401066143	0.020004501730492154	0.58186875702560192	0.46544428586762854
485	6	0.18532669844363497	0.37602465618259417	0.046057793941127731	0.91412436051172885	0.79799946339018479	0.071845678717387493	0.038649532758105676	0.046172107584525592	0.55927984070721304	0.40242698630353158
486	6	0.10304586944412648	0.74189006007001079	0.19433902179296489	0.66221161544141749	0.68384610151642211	0.11132702981392666	0.030667600583107503	0.072637049293016592	0.49285975439448215	0.36751809997825746
487	7	0.040740747421765366	0.70953438643245792	0.21455525900065525	1.3107600754920781	1.2745168050773972	0.059420400636947826	0.050907987576064316	0.0064604399779988279	0.47027083807609332	0.3045008004141605
488	5	0.097637921108420109	0.35320281462296316	0.0022346857657931209	0.095779749278924783	0.076924638102465928	0.041432123231366087	0.024230531437359776	0.0028194598771488387	0.41149061142684412	0.43428353085226767
489	6	0.1599430431307812	0.32084714098541028	0.017981551441897271	0.74432820932958532	0.66759534166344103	0.010474505945612778	0.10580611959653159	0.068996069192166609	0.38890169510845529	0.37126623128817077
490	6	0.12842952475698022	0.68671254487282696	0.16626277929373448	0.49241546425927385	0.55344197978967846	0.029006845150926407	0.03648898625531842	0.049813087685375589	0.32248160879572446	0.33635734496289671
491	7	0.0661244027346191	0.65435687123527397	0.18647901650142487	1.1409639243099341	1.1441126833506536	0.022899784026052451	0.11806457441449023	0.016363521629642171	0.29989269247733563	0.27334004539879975
492	6	0.074508899377091625	0.62926722848362293	0.093207312105050871	0.84711512291814761	0.79806871752934383	0.17827083669204632	0.048869263268248433	0.022104327157448235	0.51268589624253802	0.31213823539648489
493	7	0.012203777354730527	0.59691155484607017	0.11342354931274126	1.4956635829688083	1.3887394210903188	0.12636420751506744	0.13044485142742027	0.044072282157569517	0.49009697992414913	0.2491209358323879
494	7	0.30057634524249199	0.96277695873348679	0.26170477716457841	1.2437508378984965	1.2745860592165561	0.16584555861160663	0.061127718086207074	0.074736874719972674	0.42367689361141825	0.21421204950711381
495	8	0.23827122322013089	0.9304212850959338	0.2819210143722688	1.8922992979491575	1.8652567627775312	0.1139389294346278	0.14270330624537891	0.0085602654049549091	0.40108797729302942	0.15119474994301682
496	5	0.053675210183242686	0.60575559038003135	0.099077418360075248	0.35583768609532651	0.43148862449522996	0.056516959379479557	0.094725095463767145	0.029618885792353711	0.1791696932569202	0.31574859192261279
497	6	0.008629911839118409	0.57339991674247859	0.11929365556776564	1.0043861461459869	1.0221593280562051	0.0046103302025006952	0.01314950730459534	0.036557723522664051	0.15658077693853142	0.25273129235851582
498	6	0.27974265604864307	0.93926532062989521	0.26757488341960278	0.75247340107567551	0.90800596618244267	0.044091681299039884	0.082466640645808512	0.08225143335487814	0.090160690625800496	0.21782240603324174
499	7	0.21743753402628196	0.90690964699234233	0.28779112062729317	1.4010218611263361	1.498676669743418	0.0078149478779389828	0.00089105248663668704	0.016074824039860384	0.067571774307411681	0.15480510646914478
500	6	0.22582203066875453	0.88182000424069107	0.19451941623091926	1.1071730597345493	1.1526327039221078	0.19335567284015981	0.070086363632878498	0.054542672826950786	0.28036497807261396	0.19360329646682989
501	7	0.16351690864639337	0.8494643306031382	0.21473565343860962	1.7557215197852103	1.7433034074830829	0.14144904366318092	0.011489224526293335	0.01163393648806697	0.25777606175422518	0.13058599690273295
502	7	0.45188947653415479	1.2153297344905549	0.36301688129044679	1.5038087747148985	1.6291500456093204	0.18093039475972011	0.057827908814919837	0.10717522038947522	0.1913559754414943	0.09567711057745884
503	8	0.38958435451179374	1.1829740608530019	0.38323311849813718	2.1523572347655588	2.219820749170295	0.12902376558274126	0.023747679344251975	0.040998611074457458	0.16876705912310547	0.032659811013361906
504	6	0.2512056859816082	0.82664248904350723	0.16644317373168885	0.93737690855240563	1.0222285821953643	0.11103548817715954	0.0029297767944525847	0.031718711219309789	0.10998683247385628	0.16244254145146908
505	7	0.18890056395924709	0.79428681540595436	0.18665941093937924	1.5859253686030663	1.6128992857563393	0.059128859000180681	0.078645811364719237	0.03445789809570797	0.087397916155467506	0.099425241887372146
506	7	0.47727313184700859	1.1601522192933711	0.33494063879121633	1.3340126235327545	1.4987459238825769	0.098610210096719858	0.0093286780235060703	0.084351258781834221	0.020977829842736571	0.064516355562098032
507	8	0.41496800982464743	1.1277965456558181	0.35515687599890672	1.9825610835834155	2.0894166274435517	0.046703580919741007	0.090904266182677912	0.018174649466816465	0.0016110864756522457	0.0014990559980010616
508	7	0.42335250646712003	1.102706902904167	0.26188517160253277	1.6887122821916285	1.7433726616222418	0.24787420163783977	0.021708955036436089	0.056642498253906867	0.21118211728955005	0.040297245995686182
509	8	0.36104738444475887	1.070351229266614	0.28210140881022316	2.3372607422422886	2.3340433651832169	0.19596757246086088	0.1032845431956079	0.0095341110611108885	0.18859320097116125	0.022720053568410784
510	8	0.64941995233252037	1.4362166331540309	0.4303826366620605	2.0853479971719779	2.2198900033094544	0.23544892355740007	0.033967409854394726	0.1092750458164313	0.12217311465843032	0.057628939893684873
511	9	0.58711483031015921	1.4038609595164779	0.45059887386975078	2.7338964572226381	2.8105607068704299	0.18354229438042124	0.11554299801356653	0.04309843650141354	0.099584198340041549	0.12064623945778179
512	1	0.58711483031015921	1.4038609595164779	0.45059887386975078	2.7338964572226381	2.8105607068704299	0.18354229438042124	0.11554299801356653	0.04309843650141354	0.099584198340041549	0.12064623945778179
513	2	0.64941995233252037	1.4362166331540309	0.4303826366620605	2.0853479971719779	2.2198900033094544	0.23544892355740007	0.033967409854394726	0.1092750458164313	0.12217311465843032	0.057628939893684873
514	2	0.36104738444475887	1.070351229266614	0.28210140881022316	2.3372607422422886	2.3340433651832169	0.19596757246086088	0.1032845431956079	0.0095341110611108885	0.18859320097116125	0.022720053568410784
515	3	0.42335250646712003	1.102706902904167	0.26188517160253277	1.6887122821916285	1.7433726616222418	0.24787420163783977	0.021708955036436089	0.056642498253906867	0.21118211728955005	0.040297245995686182
516	2	0.41496800982464743	1.1277965456558181	0.35515687599890672	1.9825610835834155	2.0894166274435517	0.046703580919741007	0.090904266182677912	0.018174649466816465	0.0016110864756522457	0.0014990559980010616
517	3	0.47727313184700859	1.1601522192933711	0.33494063879121633	1.3340126235327545	1.4987459238825769	0.098610210096719858	0.0093286780235060703	0.084351258781834221	0.020977829842736571	0.064516355562098032
518	3	0.18890056395924709	0.79428681540595436	0.18665941093937924	1.5859253686030663	1.6128992857563393	0.059128859000180681	0.078645811364719237	0.03445789809570797	0.087397916155467506	0.099425241887372146
519	4	0.2512056859816082	0.82664248904350723	0.16644317373168885	0.93737690855240563	1.0222285821953643	0.11103548817715954	0.0029297767944525847	0.031718711219309789	0.10998683247385628	0.16244254145146908
520	2	0.38958435451179374	1.1829740608530019	0.38323311849813718	2.1523572347655588	2.219820749170295	0.12902376558274126	0.023747679344251975	0.040998611074457458	0.16876705912310547	0.032659811013361906
521	3	0.45188947653415479	1.2153297344905549	0.36301688129044679	1.5038087747148985	1.6291500456093204	0.18093039475972011	0.057827908814919837	0.10717522038947522	0.1913559754414943	0.09567711057745884
522	3	0.16351690864639337	0.8494643306031382	0.21473565343860962	1.7557215197852103	1.7433034074830829	0.14144904366318092	0.011489224526293335	0.01163393648806697	0.25777606175422518	0.13058599690273295
523	4	0.22582203066875453	0.88182000424069107	0.19451941623091926	1.1071730597345493	1.1526327039221078	0.19335567284015981	0.070086363632878498	0.054542672826950786	0.28036497807261396	0.19360329646682989
524	3	0.21743753402628196	0.90690964699234233	0.28779112062729317	1.4010218611263361	1.498676669743418	0.0078149478779389828	0.00089105248663668704	0.016074824039860384	0.067571774307411681	0.15480510646914478
525	4	0.27974265604864307	0.93926532062989521	0.26757488341960278	0.75247340107567551	0.90800596618244267	0.044091681299039884	0.082466640645808512	0.08225143335487814	0.090160690625800496	0.21782240603324174
526	4	0.008629911839118409	0.57339991674247859	0.11929365556776564	1.0043861461459869	1.0221593280562051	0.0046103302025006952	0.01314950730459534	0.036557723522664051	0.15658077693853142	0.25273129235851582
527	5	0.053675210183242686	0.60575559038003135	0.099077418360075248	0.35583768609532651	0.43148862449522996	0.056516959379479557	0.094725095463767145	0.029618885792353711	0.1791696932569202	0.31574859192261279
528	2	0.23827122322013089	0.9304212850959338	0.2819210143722688	1.8922992979491575	1.8652567627775312	0.1139389294346278	0.14270330624537891	0.0085602654049549091	0.40108797729302942	0.15119474994301682
529	3	0.30057634524249199	0.96277695873348679	0.26170477716457841	1.2437508378984965	1.2745860592165561	0.16584555861160663	0.061127718086207074	0.074736874719972674	0.42367689361141825	0.21421204950711381
530	3	0.012203777354730527	0.59691155484607017	0.11342354931274126	1.4956635829688083	1.3887394210903188	0.12636420751506744	0.13044485142742027	0.044072282157569517	0.49009697992414913	0.2491209358323879
531	4	0.074508899377091625	0.62926722848362293	0.093207312105050871	0.84711512291814761	0.79806871752934383	0.17827083669204632	0.048869263268248433	0.022104327157448235	0.51268589624253802	0.31213823539648489
532	3	0.0661244027346191	0.65435687123527397	0.18647901650142487	1.1409639243099341	1.1441126833506536	0.022899784026052451	0.11806457441449023	0.016363521629642171	0.29989269247733563	0.27334004539879975
533	4	0.12842952475698022	0.68671254487282696	0.16626277929373448	0.49241546425927385	0.55344197978967846	0.029006845150926407	0.03648898625531842	0.049813087685375589	0.32248160879572446	0.33635734496289671
534	4	0.1599430431307812	0.32084714098541028	0.017981551441897271	0.74432820932958532	0.66759534166344103	0.010474505945612778	0.10580611959653159	0.068996069192166609	0.38890169510845529	0.37126623128817077
535	5	0.097637921108420109	0.35320281462296316	0.0022346857657931209	0.095779749278924783	0.076924638102465928	0.041432123231366087	0.024230531437359776	0.0028194598771488387	0.41149061142684412	0.43428353085226767
536	3	0.040740747421765366	0.70953438643245792	0.21455525900065525	1.3107600754920781	1.2745168050773972	0.059420400636947826	0.050907987576064316	0.0064604399779988279	0.47027083807609332	0.3045008004141605
537	4	0.10304586944412648	0.74189006007001079	0.19433902179296489	0.66221161544141749	0.68384610151642211	0.11132702981392666	0.030667600583107503	0.072637049293016592	0.49285975439448215	0.36751809997825746
538	4	0.18532669844363497	0.37602465618259417	0.046057793941127731	0.91412436051172885	0.79799946339018479	0.071845678717387493	0.038649532758105676	0.046172107584525592	0.55927984070721304	0.40242698630353158
539	5	0.12302157642127384	0.40838032982014705	0.025841556733437344	0.26557590046106838	0.20732875982920951	0.12375230789436635	0.042926055401066143	0.020004501730492154	0.58186875702560192	0.46544428586762854
540	4	0.13140607306374635	0.4334699725717982	0.11911326112981131	0.55942470185285509	0.55337272565051943	0.077418312823732433	0.026269255745175673	0.018463347056598252	0.36907555326039959	0.4266460958699434
541	5	0.06910095104138525	0.46582564620935107	0.098897023922120936	0.08912375819780527	0.037297977910455596	0.025511683646753568	0.055306332413996143	0.047713262258419507	0.39166446957878842	0.48966339543404036
542	5	0.35747351892914669	0.099960242321934428	0.049384203929716278	0.16278898687250604	0.076855383963306906	0.064993034743292752	0.014010800927217033	0.07109589461912269	0.45808455589151931	0.52457228175931436
543	6	0.29516839690678559	0.13231591595948727	0.069600441137406668	0.48575947317815427	0.51381531959766835	0.013086405566313897	0.067564787231954804	0.0049192853041049199	0.48067347220990808	0.58758958132341133
544	2	0.32558740790509427	0.78799084508436601	0.19741880228519343	1.7441949531912904	1.8106268895840647	0.1485411526869076	0.13931106756383352	0.068319927212061565	0.30580389041341832	0.11002885992078018
545	3	0.38789252992745538	0.82034651872191877	0.17720256507750304	1.0956464931406302	1.2199561860230896	0.20044778186388643	0.057735479404661658	0.13449653652707932	0.32839280673180715	0.04701156035668326
546	3	0.099519962039693821	0.45448111483450226	0.028921337225665845	1.3475592382109418	1.3341095478968521	0.16096643076734729	0.12705261274587482	0.015687379649537151	0.39481289304453809	0.012102674031409169
547	4	0.16182508406205498	0.48683678847205514	0.0087051000179754531	0.69901077816028123	0.74343884433587704	0.21287305994432612	0.045477024586703017	0.081863988964554907	0.41740180936292692	0.050914625532687795
548	3	0.15344058741958247	0.5119264312237064	0.10197680441434942	0.99285957955206783	1.089482810157187	0.011702439226227374	0.11467233573294484	0.043396140177464501	0.20460860559772459	0.012116435535002676
549	4	0.21574570944194363	0.54428210486125916	0.081760567206659016	0.34431111950140736	0.49881210659621189	0.063609068403206223	0.033096747573773011	0.10957274949248226	0.22719752191611339	0.075133735099099638
550	4	0.072626858445817913	0.17841670097384252	0.066520660645178115	0.59622386457171883	0.61296546846997446	0.024127717306667039	0.1024138809149862	0.0092364073850599356	0.29361760822884431	0.11004262142437375
551	5	0.010321736423456795	0.21077237461139536	0.086736897852868505	0.052324595478941749	0.022294764908999287	0.07603434648364589	0.020838292755814374	0.056940201929957836	0.31620652454723308	0.17305992098847073
552	3	0.12805693210672869	0.56710394642089024	0.13005304691357988	1.1626557307342114	1.2198869318839305	0.094022623889227636	0.047515748894518907	0.066220101785105484	0.37498675119648228	0.043277190550363519
553	4	0.19036205412908985	0.599459620058443	0.10983680970588949	0.514107270683551	0.62921622832295543	0.14592925306620649	0.034059839264652912	0.13239671110012324	0.39757566751487106	0.10629449011446046
554	4	0.098010513758671647	0.23359421617102641	0.038444418145947706	0.76602001575386247	0.74336959019671822	0.10644790196966732	0.035257294076560267	0.01358755422258107	0.463995753827602	0.14120337643973457
555	5	0.035705391736310522	0.26594988980857925	0.05866065535363809	0.11747155570320196	0.15269888663574291	0.15835453114664616	0.046318294082611552	0.079764163537598826	0.48658467014599083	0.20422067600383156
556	4	0.044089888378783047	0.29103953256023046	0.034611049042735875	0.4113203570949886	0.49874285245705285	0.042816089571452609	0.02287701706363026	0.04129631475050842	0.2737914663807885	0.16542248600614642
557	5	0.018215233643578067	0.32339520619778328	0.014394811835045485	0.23722810295567182	0.091927851103922278	0.009090539605526254	0.058698571095541573	0.10747292406552618	0.29638038269917732	0.22843978557024341
558	5	0.27015733424418331	0.042470197689633407	0.13388641601679169	0.014684642114639601	0.022225510769840362	0.030390811491012935	0.01061856224567162	0.011336232812016017	0.36280046901190827	0.26334867189551747
559	6	0.20785221222182226	0.010114524052080465	0.15410265322448208	0.63386381793602065	0.56844519279113492	0.021515817685965923	0.070957025913500213	0.054840376503001755	0.38538938533029699	0.32636597145961443
560	3	0.023256199184934111	0.31455117066382199	0.028740942787711488	0.90259779391780981	0.86532294549116651	0.078937787741114179	0.16647137579564583	0.033781756115602947	0.60730766936640623	0.1618121294800185
561	4	0.039048922837426982	0.34690684430137486	0.0085247055800210976	0.2540493338671494	0.27465224193019122	0.13084441691809304	0.084895787636474027	0.099958365430620713	0.62989658568479501	0.22482942904411543
562	4	0.24932364505033444	0.018958559586041868	0.13975652227181606	0.50596207893746081	0.38880560380395396	0.091363065821553846	0.15421292097768718	0.018850791446921485	0.69631667199752589	0.25973831536938952
563	5	0.18701852302797334	0.013397114051511071	0.15997275947950645	0.1425863811131996	0.20186509975702122	0.14326969499853268	0.072637332818515393	0.047325817868096275	0.71890558831591478	0.32275561493348648
564	4	0.19540301967044588	0.03848675680316227	0.066701055083132482	0.15126242027858705	0.14417886606428865	0.057900925719566079	0.14183264396475717	0.0088579690810058655	0.50611238455071239	0.28395742493580134
565	5	0.13309789764808475	0.070842430440715101	0.086917292290822873	0.49728603977207336	0.44649183749668631	0.0059942965425872187	0.060257055805585359	0.075034578396023635	0.52870130086910128	0.3469747244998983
566	5	0.42147046553584622	0.29502297344670164	0.23519852014266013	0.24537329470176195	0.33233847562292385	0.045475647639126406	0.12957418914679852	0.04377457848151857	0.59512138718183216	0.38188361082517236
567	6	0.35916534351348506	0.26266729980914871	0.25541475735035052	0.89392175475242264	0.92300917918389891	0.006430981537852448	0.047998600987626719	0.022402030833499197	0.61771030350022094	0.44490091038926927
568	4	0.22078667498329957	0.093664272000346133	0.038624812583902074	0.32105857146073075	0.27458298779103241	0.024419258943434184	0.074676057126331269	0.031681930688646866	0.67649053014947014	0.3151181799511622
569	5	0.15848155296093847	0.12601994563789898	0.058841049791592458	0.32748988858992983	0.31608771576994277	0.076325888120413049	0.0068995310328405527	0.097858540003664632	0.69907944646785902	0.37813547951525905
570	5	0.44685412084869985	0.23984545824951775	0.20712227764342966	0.075577143519618334	0.20193435389618025	0.036844537023873865	0.062417602308372636	0.020950616873877566	0.76549953278058991	0.41304436584053317
571	6	0.38454899882633875	0.20748978461196482	0.22733851485112005	0.724125603570279	0.79260505745715526	0.08875116620085273	0.019157985850799204	0.045225992441140193	0.78808844909897879	0.47606166540463013
572	5	0.39293349546881129	0.18240014186031359	0.13406681045474605	0.43027680217849207	0.44656109163584529	0.11241945451724607	0.050037325295442601	0.0067581436540497834	0.57529524533377641	0.43726347540694499
573	6	0.33062837344645019	0.15004446822276082	0.15428304766243645	1.0788252622291523	1.0372317951968202	0.060512825340267216	0.031538262863729218	0.072934752969067554	0.59788416165216529	0.50028077497104195
574	6	0.61900094133421157	0.51590987211017736	0.30256427551427367	0.8269125171588414	0.92307843332305795	0.099994176436806401	0.037778870477483961	0.045874403908474637	0.66430424796489618	0.53518966129631607
575	7	0.55669581931185053	0.48355419847262449	0.32278051272196406	1.4754609772095015	1.5137491368840332	0.048087547259827522	0.043796717681687851	0.020302205406543115	0.68689316428328495	0.59820696086041303
576	2	0.42287155384536829	1.0817183124931986	0.40191996695434246	2.260950371916234	2.4454962943761656	0.15772881019573354	0.10413616499101956	0.011182609090974535	0.4853025359130389	0.66899403229429333
577	3	0.4851766758677295	1.1140739861307516	0.38170372974665195	1.6124019118655739	1.8548255908151901	0.20963543937271237	0.18571175315019137	0.054994000224043216	0.46271361959465018	0.60597673273019637
578	3	0.19680410797996797	0.74820858224333486	0.23342250189481475	1.8643146569358848	1.9689789526889523	0.17015408827617318	0.11639461980897821	0.063815156653498975	0.39629353328191924	0.57106784640492225
579	4	0.25910923000232911	0.78056425588088763	0.21320626468712436	1.2157661968852245	1.3783082491279777	0.22206071745315206	0.19797020796815001	0.0023614526615187946	0.37370461696353041	0.50805054684082529
580	3	0.25072473335985657	0.80565389863253889	0.30647796908349834	1.5096149982770115	1.7243522149492876	0.020890096735053276	0.12877489682190818	0.036106396125571615	0.5864978207287328	0.54684873683851043
581	4	0.31302985538221767	0.83800957227009187	0.28626173187580795	0.86106653822635093	1.1336815113883125	0.072796725912032137	0.21035048498108005	0.030070213189446145	0.56390890441034391	0.48383143727441347
582	4	0.024657287494456216	0.47214416838267514	0.13798050402397083	1.1129792832966623	1.247834873262075	0.033315374815492946	0.14103335163986683	0.088738943688096053	0.49748881809761303	0.44892255094913935
583	5	0.086962409516817288	0.50449984202022802	0.11776426681628042	0.46443082324600171	0.65716416970109992	0.085222003992471818	0.22260893979903867	0.022562334373078283	0.4748999017792242	0.38590525138504234
584	3	0.22534107804700282	0.86083141382972284	0.3345542115827288	1.6794111494591555	1.8547563366760311	0.10321028139805355	0.19593148366033414	0.013282434517930616	0.416119675129975	0.51568798182314957
585	4	0.28764620006936392	0.89318708746727571	0.31433797437503841	1.0308626894084945	1.2640856331150561	0.15511691057503238	0.27750707181950596	0.052894174797087135	0.39353075881158617	0.4526706822590526
586	4	0.00072636781839752196	0.52732168357985887	0.16605674652320124	1.2827754344788058	1.3782389949888185	0.1156355594784932	0.20818993847829276	0.065914982080455056	0.32711067249885523	0.41776179593377849
587	5	0.061578754203963595	0.55967735721741185	0.14584050931551085	0.63422697442814546	0.78756829142784368	0.16754218865547207	0.28976552663746458	0.00026162723456271409	0.3045217561804664	0.35474449636968158
588	4	0.053194257561491029	0.58476699996906301	0.23911221371188476	0.92807577581993217	1.1336122572491534	0.033628432062626702	0.2205702154912228	0.038206221552527696	0.51731495994566878	0.39354268636736667
589	5	0.11549937958385215	0.61712267360661599	0.21889597650419437	0.27952731576927164	0.54294155368817842	0.018278197114352156	0.30214580365039462	0.027970387762490063	0.4947260436272799	0.33052538680326971
590	5	0.17287318830390927	0.25125726971919926	0.070614748652357257	0.53144006083958317	0.657094915561941	0.021203153982187029	0.23282867030918145	0.090838769115052148	0.42830595731454901	0.29561650047799559
591	6	0.11056806628154817	0.28361294335675213	0.050398511444666859	0.11710839921107734	0.066424212000965668	0.030703475194791829	0.31440425846835324	0.024662159800034365	0.40571704099616024	0.23259920091389863
592	3	0.074027946755339968	0.60827863807265459	0.23324210745686039	1.4193532126427535	1.5001923502832673	0.088125445249940079	0.076975856759207192	0.045720780187433176	0.1837987569600511	0.39715304289349462
593	4	0.13633306877770107	0.64063431171020757	0.21302587024917	0.77080475259209291	0.90952164672229208	0.14003207442691892	0.158551444918379	0.020455829127584597	0.1612098406416623	0.33413574332939766
594	4	0.15203949911006034	0.27476890782279079	0.064744642397332852	1.0227174976624043	1.0236750085960546	0.10055072333037976	0.08923431157716584	0.098353327749957614	0.09478975432893133	0.29922685700412355
595	5	0.089734377087699227	0.30712458146034366	0.044528405189642475	0.37416903761174386	0.43300430503507936	0.15245735250735862	0.17080989973633764	0.032176718434939841	0.072200838010542556	0.23620955744002656
596	4	0.098118873730171752	0.33221422421199487	0.13780010958601646	0.6680178390035304	0.7790482708563895	0.048713268210740165	0.10161458859009587	0.070644567222030247	0.28499404177574483	0.27500774743771167
597	5	0.035813751707810627	0.36456989784954769	0.11758387237832606	0.019469378952870021	0.18837756729541416	0.0031933609662386951	0.18319017674926769	0.0044679579070124901	0.262405125457356	0.21199044787361471
598	5	0.32418631959557204	0.0012955060378690097	0.030697355473511139	0.27138212402318151	0.30253092916917673	0.036287990130300499	0.11387304340805451	0.12327711478455469	0.1959850391446252	0.17708156154834062
599	6	0.26188119757321093	0.03106016759968384	0.050913592681201526	0.37716633602747907	0.28813977439179828	0.015618639046678368	0.19544863156722631	0.057100505469536912	0.17339612282623637	0.11406426198424369
600	4	0.12350252904302547	0.3873917394091787	0.16587635208524687	0.83781399018567415	0.90945239258313304	0.033606916452260105	0.16877117542852177	0.047820605614389257	0.11461589617698716	0.24384699242235092
601	5	0.061197407020664361	0.41974741304673158	0.14566011487755648	0.18926553013501363	0.31878168902215775	0.085513545629238963	0.25034676358769359	0.018356003700628516	0.09202697985859834	0.18082969285825393
602	5	0.34956997490842584	0.053882009159314868	0.0026211129742806706	0.44117827520532515	0.43293505089592055	0.046032194532699779	0.18102963024648039	0.1004531531769137	0.025606893545867447	0.14592080653297981
603	6	0.28726485288606468	0.086237682796867693	0.022837350181971066	0.20737018484533545	0.15773565266505471	0.09793882370967863	0.26260521840565226	0.034276543861895922	0.0030179772274786299	0.082903506968882851
604	5	0.29564934952853716	0.11132732554851894	0.070434354214402903	0.086478616546451281	0.18830831315625515	0.10323179700842014	0.19340990725941043	0.072744392648986328	0.2158111809926809	0.12170169696656796
605	6	0.23334422750617612	0.1436829991860718	0.050218117006712512	0.56206984350420908	0.40236239040471977	0.051325167831441289	0.27498549541858225	0.0065677833339685713	0.1932222646742921	0.058684397402471
606	6	0.52171679539393756	0.2221824047013449	0.098063110845124687	0.31015709843389783	0.28820902853095731	0.090806518927980473	0.20566836207736908	0.12537694021151077	0.12680217836156121	0.023775511077196911
607	7	0.45941167337157651	0.18982673106379203	0.11827934805281508	0.95870555848455796	0.87887973209193238	0.038899889751001615	0.28724395023654092	0.059200330896492993	0.10421326204317242	0.039241788486900006
608	3	0.16134413144030338	0.46584819806108679	0.14873989536978502	1.2712488678848868	1.4455624770898008	0.12272766850221987	0.080368095440752602	0.0140388816196735	0.27908284383966214	0.65837665275729162
609	4	0.22364925346266448	0.49820387169863967	0.12852365816209463	0.62270040783422642	0.8548917735288255	0.17463429767919872	0.16194368359992445	0.080215490934691269	0.25649392752127331	0.59535935319319466
610	4	0.064723314425097017	0.13233846781122299	0.019757569689742564	0.87461315290453778	0.96904513540258796	0.13515294658265958	0.092626550258711263	0.038593665942850928	0.19007384120854243	0.56045046686792066
611	5	0.002418192402735908	0.16469414144877584	0.039973806897432955	0.22606469285387734	0.37837443184161274	0.18705957575963841	0.17420213841788307	0.027582943372166831	0.16748492489015362	0.4974331673038237
612	4	0.010802689045208425	0.18978378420042702	0.053297897498941017	0.51991349424566402	0.72441839766292271	0.014111044958460351	0.10500682727164126	0.010884905414923577	0.38027812865535593	0.53623135730150884
613	5	0.051502432977152693	0.22213945783797989	0.033081660291250613	0.1286349658049965	0.13374769410194759	0.037795584218518495	0.18658241543081305	0.05529170390009417	0.3576892123369671	0.47321405773741188
614	5	0.23687013491060877	0.14372594604943678	0.11519956756058654	0.12327777926531498	0.24790105597571013	0.0016857668780206781	0.1172652820895999	0.063517452977448013	0.29126912602423616	0.43830517141213771
615	6	0.17456501288824766	0.11137027241188394	0.13541580476827692	0.52527068078534567	0.34276964758526496	0.050220862298958169	0.1988408702487717	0.0026591563375697506	0.26868020970584744	0.37528787184804069
616	4	0.036186344358062159	0.24496129939761097	0.081374139998171474	0.68970964542780766	0.85482251938966647	0.068209139704539914	0.17216341411006716	0.011939056192717418	0.20989998305659824	0.50507060228614797
617	5	0.026118777664298952	0.27731697303516378	0.06115790279048109	0.04116118537714715	0.26415181582869118	0.12011576888151879	0.25373900226923901	0.078115665507735188	0.18731106673820944	0.44205330272205101
618	5	0.26225379022346246	0.088548430852252905	0.087123325061356116	0.29307393044745861	0.37830517770245387	0.080634417784979595	0.18442186892802584	0.04069349136980701	0.12089098042547852	0.4071444163967769
619	6	0.19994866820110141	0.056192757214700052	0.10733956226904651	0.35547452960320192	0.21236552585852131	0.13254104696195843	0.26599745708719763	0.02548311794521075	0.098302064107089707	0.34412711683267988
620	5	0.20833316484357392	0.031103114463048854	0.014067857872672535	0.061625728211415168	0.13367843996278855	0.068629573756140344	0.19680214594095582	0.012984730841879658	0.31109526787229197	0.38292530683036496
621	6	0.14602804282121279	0.0012525591745039977	0.034284095080362925	0.71017418826207579	0.45699226359818657	0.016722944579161469	0.27837773410012767	0.053191878473138089	0.28850635155390314	0.319908007266268
622	6	0.43440061070897418	0.36461284471291266	0.1825653229322001	0.45826144319176426	0.34283890172442383	0.056204295675700656	0.20906060075891447	0.065617278404404095	0.22208626524117223	0.284999120940994
623	7	0.37209548868661313	0.33225717107535974	0.20278156013989052	1.1068099032424246	0.93350960528539895	0.0042976664987217968	0.29063618891808629	0.00055933091061367011	0.19949734892278354	0.22198182137689701
624	4	0.18749947564972497	0.0075914763594573161	0.019937964127696911	0.42965170861140595	0.50025853299690226	0.053124303556426444	0.05320778720894026	0.020499289476785129	0.022420935113325748	0.38653566335649292
625	5	0.12519435362736386	0.024764197278095534	0.040154201335387302	0.21889675143925444	0.090412170564072983	0.10503093273340532	0.13478337536811208	0.045677319838232623	0.045009851431714522	0.32351836379239607
626	5	0.41356692151512531	0.34110120660932114	0.18843542918722447	0.033015993631056964	0.023741191309689658	0.065549581636866111	0.065466242026898908	0.073131837039309561	0.11142993774444546	0.2886094774671219
627	6	0.35126179949276415	0.30874553297176821	0.20865166639491489	0.61553246641960335	0.56692951225128563	0.11745621081384497	0.1470418301860707	0.0069552277242918041	0.13401885406283426	0.22559217790302494
628	5	0.35964629613523674	0.283655890220117	0.11537996199854091	0.32168366502781681	0.22088554642997557	0.083714409904253814	0.077846519039828907	0.045423076511382207	0.078774349702368074	0.26439036790071008
629	6	0.29734117411287558	0.25130021658256424	0.13559619920623128	0.97023212507847734	0.81155624999095066	0.031807780727274935	0.15942210719900074	0.020753532803635549	0.05618543338397923	0.20137306833661311
630	6	0.58571374200063708	0.6171656204699808	0.28387742705806851	0.71831938000816575	0.6974028881171882	0.071289131823814147	0.090104973857787568	0.098055624073906666	0.010234652928751652	0.166464182011339
631	7	0.52340861997827592	0.58480994683242782	0.3040936642657589	1.3668678400588263	1.2880735916781629	0.019382502646835265	0.17168056201695939	0.031879014758888879	0.032823569247140472	0.10344688244724207
632	5	0.38502995144809044	0.22847837502293319	0.087303719499310484	0.15188751384567309	0.090481424703231908	0.0013942252412535328	0.14500310587825482	0.02259911490374121	0.091603795896389673	0.23322961288534921
633	6	0.32272482942572933	0.19612270138538032	0.10751995670700087	0.80043597389633381	0.68115212826420712	0.050512403935725328	0.22657869403742664	0.043577494411276542	0.11419271221477845	0.17021231332125231
634	6	0.61109739731349078	0.56198810527279686	0.25580118455883805	0.54852322882602211	0.56699876639044455	0.011031052839186145	0.15726156069621347	0.075231662466265642	0.18061279852750939	0.13530342699597819
635	7	0.54879227529112973	0.52963243163524398	0.27601742176652844	1.1970716888766826	1.1576694699514194	0.062937682016164995	0.23883714885538532	0.0090550531512478862	0.20320171484589816	0.072286127431881231
636	6	0.55717677193360216	0.50454278888359272	0.18274571737015446	0.9032228874848961	0.8116255041301097	0.13823293870193379	0.16964183770914348	0.047522901938338288	0.0095914889193041246	0.11108431742956634
637	7	0.49487164991124111	0.47218711524604001	0.20296195457784488	1.5517713475355563	1.4022962076910845	0.086326309524954931	0.2512174258683153	0.018653707376679467	0.012997427399084693	0.048067017865469387
638	7	0.78324421779900244	0.83805251913345669	0.35124318242968211	1.299858602465245	1.2881428458173221	0.12580766062149412	0.18190029252710213	0.10015544950086275	0.079417513711815629	0.013158131540195298
639	8	0.7209390957766415	0.8056968454959037	0.37145941963737245	1.9484070625159056	1.8788135493782978	0.073901031444515264	0.26347588068627392	0.033978840185844961	0.1020064300302044	0.049859168023901626
640	2	0.61774744798115166	0.86811458455234702	0.3702494786866114	1.8101463617744051	1.8112809852956264	0.15579936785963383	0.22482343145673861	0.055978858668700206	0.15879865793420972	0.014012998342017299
641	3	0.68005257000351294	0.90047025818990001	0.35003324147892101	1.1615979017237446	1.2206102817346509	0.20770599703661269	0.14324784329756679	0.12215546798371797	0.18138757425259849	0.077030297906114223
642	3	0.39168000211575138	0.53460485430248339	0.20175201362708378	1.4135106467940559	1.3347636436084136	0.1682246459400735	0.21256497663877996	0.0033463111061757802	0.24780766056532944	0.11193918423138831
643	4	0.45398512413811254	0.56696052794003615	0.18153577641939339	0.76496218674339578	0.74409294004743864	0.22013127511705238	0.13098938847960814	0.06952292042119354	0.27039657688371826	0.17495648379548528
644	3	0.44560062749563994	0.59205017069168731	0.27480748081576734	1.0588109881351824	1.0901369058687485	0.018960654398953579	0.20018469962584998	0.031055071634103138	0.057603373118515912	0.13615829379780015
645	4	0.50790574951800116	0.62440584432924029	0.25459124360807694	0.4102625280845219	0.4994662023077735	0.070867283575932444	0.11860911146667812	0.097231680949120894	0.080192289436904735	0.19917559336189711
646	4	0.21953318163023963	0.25854044044182362	0.10631001575623981	0.6621752731548336	0.61361956418153607	0.031385932479393253	0.18792624480789127	0.021577475928421293	0.14661237574963565	0.23408447968717122
647	5	0.28183830365260076	0.29089611407937649	0.086093778548549438	0.013626813104172885	0.02294886062056074	0.083292561656372111	0.10635065664871948	0.044599133386596455	0.16920129206802442	0.29710177925126813
648	3	0.42021697218278631	0.64722768588887125	0.3028837233149978	1.2286071393173259	1.220541027595492	0.10128083906195384	0.13302811278742405	0.053879033241744125	0.22798151871727362	0.16731904881316101
649	4	0.4825220942051473	0.67958335952642401	0.28266748610730741	0.58005867926666554	0.62987032403451715	0.1531874682389327	0.051452524628252193	0.12005564255676189	0.25057043503566245	0.23033634837725794
650	4	0.19414952631738588	0.31371795563900751	0.13438625825547024	0.83197142433697702	0.74402368590827961	0.11370611714239351	0.1207696579694654	0.0012464856792196999	0.31699052134839334	0.26524523470253203
651	5	0.25645464833974707	0.34607362927656027	0.11417002104777985	0.1834229642863166	0.15335298234730438	0.16561274631937239	0.039194069810293539	0.067423094994237459	0.33957943766678217	0.32826253426662899
652	4	0.24807015169727448	0.37116327202821148	0.20744172544415379	0.47727176567810314	0.49939694816861452	0.035557874398726409	0.10838938095653536	0.028955246207147057	0.12678623390157984	0.28946434426894385
653	5	0.31037527371963558	0.40351894566576441	0.1872254882364634	0.17127669437255716	0.091273755392360822	0.016348754778252463	0.026813792797363539	0.095131855522164813	0.14937515021996867	0.35248164383304081
654	5	0.022002705831874157	0.037653541778347788	0.038944260384626249	0.08063605069775423	0.022879606481401814	0.023132596318286736	0.096130926138576725	0.023677301355377375	0.21579523653269961	0.38739053015831498
655	6	0.084307827854235254	0.070009215415900619	0.018728023176935858	0.56791240935290621	0.56779109707957343	0.028774032858692133	0.014555337979404897	0.042499307959640374	0.23838415285108833	0.45040782972241178
656	3	0.2689038408911234	0.394674910131803	0.20157161918912941	0.96854920250092424	0.865977041202728	0.086196002913840372	0.25198373968855098	0.02144068757224158	0.46030243688719763	0.28585398774281595
657	4	0.33120896291348456	0.42703058376935593	0.18135538198143902	0.32000074245026405	0.27530633764175272	0.13810263209081924	0.1704081515293791	0.087617296887259347	0.4828913532055864	0.34887128730691291
658	4	0.042836395025723097	0.061165179881939299	0.033074154129601872	0.57191348752057558	0.3894596995155154	0.098621280994280053	0.23972528487059233	0.031191859990282844	0.54931143951831729	0.38378017363218697
659	5	0.10514151704808419	0.093520853519492159	0.012857916921911483	0.076634972530085041	0.20121100404545977	0.15052791017125894	0.15814969671142048	0.034984749324734908	0.57190035583670606	0.44679747319628388
660	4	0.096757020405611668	0.11861049627114335	0.10612962131828545	0.21721382886170168	0.14483296177585009	0.050642710546839872	0.22734500785766229	0.0034830994623554989	0.35910715207150384	0.40799928319859874
661	5	0.15906214242797279	0.15096616990869621	0.08591338411059507	0.43133463118895882	0.44583774178512503	0.0012639186301389826	0.1457694196984905	0.062693509852662255	0.38169606838989267	0.4710165827626957
662	5	0.12931042545978866	0.21489923397872043	0.062367843741242136	0.17942188611864734	0.33168437991136235	0.038217432466400206	0.21508655303970364	0.056115647024879943	0.4481161547026235	0.50592546908796987
663	6	0.067005303437427541	0.18254356034116762	0.08258408094893252	0.82797034616930776	0.92235508347233741	0.013689196710578666	0.13351096488053182	0.010060962290137832	0.47070507102101233	0.56894276865206683
664	4	0.071373365092757934	0.17378801146832723	0.13420586381751587	0.38700998004384546	0.27523708350259385	0.031677474116160412	0.16018842101923636	0.019340862145285499	0.52948529767026153	0.4391600382139596
665	5	0.13367848711511904	0.20614368510588008	0.11398962660982548	0.26153848000681518	0.31543362005838133	0.083584103293139256	0.078612832860064541	0.085517471460303265	0.55207421398865031	0.50217733777805651
666	5	0.15469408077264241	0.15972171878153657	0.034291601242011673	0.0096257349365036944	0.2012802581846187	0.044102752196600079	0.14792996620127771	0.033291685417238925	0.61849430030138119	0.53708622410333073
667	6	0.092388958750281275	0.1273660451439837	0.054507838449702063	0.65817419498716423	0.79195096174559387	0.096009381373578923	0.066354378042105894	0.032884923897778827	0.64108321661976997	0.6001035236674277
668	5	0.1007734553927538	0.10227640239233252	0.038763865946671902	0.36432539359537752	0.44590699592428396	0.10516123934451982	0.13554968918834773	0.0055829248893115805	0.4282900128545678	0.56130533366974256
669	6	0.038468333370392682	0.069920728754779657	0.018547628738981515	1.0128738536460378	1.0365776994852589	0.053254610167540996	0.053974101029175894	0.060593684425706174	0.45087892917295658	0.62432263323383952
670	6	0.32684090125815418	0.43578613264219629	0.1297335991128557	0.76096110857572663	0.92242433761149645	0.092735961264080152	0.12329123437038909	0.058215472451836024	0.51729901548568757	0.65923151955911352
671	7	0.26453577923579308	0.40343045900464347	0.14994983632054609	1.4095095686263872	1.5130950411724717	0.040829332087101322	0.04171564621121724	0.0079611368631817506	0.53988793180407624	0.72224881912321048
672	3	0.35622002557608679	0.25224447012023532	0.11706940710205402	0.82044485774305753	0.81134716800926143	0.1207982261661202	0.24859150100700558	0.081200349379348238	0.36501835000758653	0.024630377879018915
673	4	0.41852514759844794	0.28460014375778819	0.096853169894363642	0.17189639769239759	0.22067646444828609	0.17270485534309904	0.16701591284783374	0.14737695869436601	0.38760726632597536	0.087647677443115829
674	4	0.13015257971068639	0.081265260129628467	0.051428057957473558	0.42380914276270881	0.33482982632204866	0.13322350424655988	0.23633304618904688	0.028567801816823824	0.45402735263870631	0.12255656376838993
675	5	0.19245770173304749	0.048909586492075621	0.071644295165163949	0.22473931728795149	0.25584087723892635	0.18513013342353873	0.15475745802987509	0.09474441113184158	0.47661626895709508	0.18557386333248688
676	4	0.18407320509057498	0.023819943740424399	0.021627409231210017	0.069109484103835245	0.090203088582383503	0.016040487294560056	0.22395276917611689	0.056276562344751167	0.2638230651918928	0.14677567333480177
677	5	0.24637832711293614	0.008535729897128452	0.0014111720235196134	0.57943897594682536	0.5004676149785916	0.035866141882418802	0.14237718101694505	0.12245317165976892	0.28641198151028158	0.20979297289889876
678	5	0.041994240774825345	0.3573296739902882	0.14687005582831753	0.32752623087651384	0.38631425310482898	0.0036152092141203849	0.21169431435815828	0.0036440147822267336	0.35283206782301246	0.24470185922417284
679	6	0.020310881247535773	0.32497400035273538	0.16708629303600792	0.97607469092717447	0.97698495666580398	0.048291419962858476	0.1301187261989864	0.069820624097244502	0.37542098414140124	0.30771915878826983
680	4	0.15868954977772126	0.031357571456759478	0.04970365173044048	0.23890563528597886	0.22060721030912708	0.066279697368440221	0.15679618233769096	0.079100523952392157	0.43420121079065044	0.1779364283501626
681	5	0.22099467180008237	0.06371324509431231	0.02948741452275009	0.40964282476468161	0.37006349325184795	0.11818632654541905	0.075220594178519132	0.14527713326740993	0.45679012710903927	0.24095372791425956
682	5	0.067377896087679079	0.30215215879310431	0.11879381332908712	0.15773007969437022	0.25591013137808527	0.078704975448879888	0.14453772751973232	0.026467976389867743	0.52321021342177021	0.27586261423953362
683	6	0.0050727740653179424	0.26979648515555149	0.13901005053677751	0.80627853974503072	0.84658083493906044	0.13061160462585875	0.062962139360560485	0.092644585704885499	0.54579912974015898	0.33887991380363058
684	5	0.013457270707790481	0.24470684240390028	0.045738346140403528	0.51242973835324412	0.50053686911775053	0.070559016092240037	0.1321574505068023	0.054176736917795086	0.33300592597495671	0.3000817238059455
685	6	0.04884785131457061	0.21235116876634744	0.065954583348093926	1.1609781984039045	1.0912075726787256	0.018652386915261176	0.050581862347630471	0.12035334623281284	0.35559484229334543	0.36309902337004246
686	6	0.2395247165731908	0.57821657265376414	0.2142358111999311	0.90906545333359323	0.97705421080496302	0.058133738011800364	0.11989899568884366	0.0015441893552706524	0.42201492860607648	0.39800790969531658
687	7	0.1772195945508297	0.54586089901621127	0.23445204840762149	1.5576139133842535	1.5677249143659382	0.0062271088348215039	0.038323407529671824	0.067720798670288421	0.4446038449244652	0.46102520925941348
688	4	0.0073764184860584557	0.22119520430030876	0.051608452395427919	0.021152301530422867	0.13395677608363687	0.051194861220326751	0.27575180923881792	0.046662178282889613	0.66652212896057439	0.29647136727981754
689	5	0.069681540508419543	0.18883953066275591	0.071824689603118302	0.66970076158108327	0.72462747964461216	0.10310149039730561	0.19417622107964611	0.11283878759790737	0.68911104527896305	0.35948866684391451
690	5	0.21869102737934187	0.55470493455017267	0.22010591745495547	0.41778801651077185	0.61047411777084948	0.063620139300766418	0.26349335442085925	0.0059703692796348132	0.75553113159169405	0.39439755316918867
691	6	0.15638590535698077	0.52234926091261968	0.24032215466264586	1.0663364765614323	1.2011448213318245	0.11552676847774528	0.18191776626168746	0.060206240035382941	0.77812004791008282	0.45741485273328558
692	5	0.16477040199945331	0.49725961816096848	0.14705045026627189	0.77248767516964567	0.85510085551051473	0.085643852240353507	0.25111307740792921	0.021738391248292535	0.56532684414488055	0.41861666273560044
693	6	0.10246527997709218	0.46490394452341555	0.16726668747396228	1.4210361352203063	1.4457715590714897	0.033737223063374643	0.16953748924875742	0.087915000563310294	0.58791576046326932	0.48163396229969735
694	6	0.39083784786485365	0.83076934841083239	0.31554791532579951	1.1691233901499944	1.331618197197727	0.073218574159913827	0.23885462258997059	0.03089415631423189	0.65433584677600032	0.51654284862497146
695	7	0.32853272584249249	0.7984136747732794	0.3357641525334899	1.8176718502006555	1.9222889007587025	0.021311944982934972	0.15727903443079877	0.035282453000785863	0.67692476309438909	0.57956014818906842
696	5	0.190154057312307	0.44208210296378458	0.11897420776704148	0.60269152398750192	0.72469673378377109	0.0033236675773532396	0.18395649056950333	0.044562352855933532	0.73570498974363829	0.44977741775096119
697	6	0.12784893528994593	0.40972642932623177	0.13919044497473188	1.2512399840381625	1.3153674373447459	0.048582961599625628	0.10238090241033149	0.11073896217095129	0.75829390606202707	0.51279471731505821
698	6	0.41622150317770734	0.77559183321364844	0.28747167282656905	0.99932723896785092	1.2012140754709835	0.0091016105030864436	0.17169803575154469	0.0080701947065908945	0.82471399237475806	0.54770360364033233
699	7	0.35391638115534624	0.74323615957609557	0.30768791003425944	1.6478756990185119	1.791884779031959	0.061008239680065302	0.09012244759237284	0.05810641460842686	0.84730290869314684	0.61072090320442929
700	6	0.36230087779781878	0.7181465168244443	0.21441620563788547	1.3540268976267249	1.4458408132106486	0.14016238103803347	0.15931775873861467	0.019638565821336454	0.63450970492794456	0.57192271320674415
701	7	0.29999575577545767	0.68579084318689154	0.23463244284557586	2.0025753576773853	2.0365115167716237	0.088255751861054624	0.077742170579442826	0.085815175136354213	0.65709862124633334	0.63494001277084111
702	7	0.58836832366321912	1.0516562470743083	0.38291367069741306	1.7506626126070741	1.9223581548978614	0.12773710295759383	0.14705930392065603	0.032993981741187971	0.72351870755906433	0.66984889909611522
703	8	0.52606320164085807	1.0193005734367553	0.4031299079051035	2.3992110726577343	2.5130288584588367	0.075830473780614943	0.065483715761484179	0.033182627573829782	0.746107623877453	0.73286619866021208
704	3	0.4535041715163608	0.54597193752906781	0.32157057177120296	1.3372002764680011	1.4462165728013621	0.12998588367494612	0.0051442684521524921	0.0016978130763121344	0.4260880763188708	0.53433479449449417
705	4	0.51580929353872196	0.57832761116662079	0.30135433456351257	0.68865181641734119	0.85554586924038689	0.18189251285192495	0.07643131970701933	0.067874422391329875	0.40349916000048208	0.47131749493039726
706	4	0.22743672565096049	0.21246220727920412	0.15307310671167537	0.94056456148765188	0.96969923111414913	0.14241116175538576	0.007114186365806149	0.050934734486212309	0.33707907368775114	0.43640860860512315
707	5	0.28974184767332162	0.24481788091675688	0.13285686950398498	0.29201610143699186	0.37902852755317418	0.19431779093236465	0.088689774524977977	0.015241874828805466	0.31449015736936231	0.37339130904102613
708	4	0.28135735103084908	0.26990752366840809	0.22612857390035895	0.5858649028287789	0.72507249337448432	0.0068528297857341491	0.019494463378736157	0.023225973958284948	0.52728336113456464	0.41218949903871127
709	5	0.34366247305321018	0.30226319730596102	0.20591233669266856	0.062683557221881875	0.13440178981350903	0.045053799391244716	0.101070051537908	0.042950635356732811	0.50469444481617587	0.34917219947461431
710	5	0.05528990516544878	0.063602206581455656	0.057631108840831412	0.18922918784842963	0.24855515168727157	0.0055724482947055289	0.031752918196694811	0.07585852152080938	0.43827435850344487	0.31426331314934014
711	6	0.11759502718780986	0.031246532943902828	0.037414871633141021	0.45931927220223095	0.34211555187370352	0.057479077471684389	0.11332850635586664	0.0096819122057916155	0.4156854421850561	0.25124601358524329
712	4	0.25597369571799533	0.32508503886559198	0.25420481639958942	0.75566105401092232	0.85547661510122786	0.075467354877266121	0.086651050217162087	0.00040201235064394605	0.3569052155358069	0.38102874402335041
713	5	0.31827881774035649	0.35744071250314491	0.23398857919189903	0.10711259396026174	0.26480591154025263	0.12737398405424499	0.16822663837633386	0.065774596964373808	0.33431629921741807	0.31801144445925345
714	5	0.029906249852595046	0.0084246913842717982	0.085707351340061827	0.35902533903057315	0.37895927341401514	0.087892632957705802	0.098909505035120721	0.05303455991316839	0.26789621290468701	0.28310255813397939
715	6	0.092211371874956163	0.023930982253281052	0.065491114132371436	0.28952312102008726	0.21171143014695987	0.13979926213468469	0.18048509319429251	0.013142049401849385	0.24530729658629821	0.22008525856988242
716	5	0.083826875232483597	0.049020625004932247	0.15876281852874538	0.0043256803716993806	0.13433253567435002	0.061371358583414123	0.11128978204805076	0.025325799385241033	0.45810050035150063	0.25888344856756756
717	6	0.14613199725484471	0.081376298642485162	0.13854658132105499	0.64422277967896102	0.45633816788662507	0.009464729406435269	0.19286537020722255	0.04085080992977673	0.4355115840331118	0.1958661490034706
718	6	0.1422405706329167	0.28448910524493148	0.0097346465307821539	0.3923100346086496	0.34218480601286244	0.048946080502974457	0.12354823686600938	0.077958346947765461	0.36909149772038086	0.16095726267819649
719	7	0.079935448610555598	0.25213343160737861	0.029950883738472545	1.0408584946593102	0.93285550957383756	0.0029605486740044039	0.20512382502518117	0.011781737632747697	0.34650258140199214	0.097939963114099554
720	4	0.10466056442633254	0.072532263108523759	0.152892712273721	0.49560311719452049	0.50091262870846387	0.060382518729152658	0.032304576683964845	0.03284035802014651	0.12458429736588288	0.26249380509369546
721	5	0.16696568644869364	0.1048879367460767	0.13267647506603061	0.15294534285613981	0.089758074852511527	0.11228914790613151	0.049271011475206974	0.033336251294871264	0.1019953810474941	0.19947650552959853
722	5	0.12140688143906778	0.26097746714133996	0.015604752785806541	0.098967402214171593	0.02439528702125111	0.072807796809592332	0.020046121866006211	0.085472905582670927	0.035575294734763174	0.16456761920432444
723	6	0.059101759416706659	0.22862179350378709	0.035820989993496935	0.54958105783648881	0.56627541653972402	0.1247144259865712	0.061529466293165622	0.019296296267653175	0.0129863784163744	0.1015503196402275
724	5	0.067486256059179184	0.20353215075213588	0.057450714402877044	0.25573225644470216	0.22023145071841413	0.076456194731527594	0.0076658448530761928	0.057764145054743588	0.22577958218157662	0.14034850963791262
725	6	0.0051811340368180577	0.17117647711458306	0.037234477195186653	0.90428071649536257	0.81090215427938916	0.024549565554548736	0.073909743306095635	0.0084124642602741804	0.20319066586318782	0.077331210073815645
726	6	0.29355370192457952	0.53704188100199968	0.11104675065665055	0.65236797142505121	0.69674879240562659	0.064030916651087927	0.0045926099648824518	0.11039669261726801	0.13677057955045696	0.042422323748541532
727	7	0.23124857990221842	0.50468620736444691	0.13126298786434093	1.3009164314757118	1.2874194959666014	0.012124287474109064	0.086168198124054268	0.044220083302250246	0.11418166323206816	0.020594975815555402
728	5	0.092869911372032904	0.14835463555495204	0.085526956902107459	0.08593610526255846	0.089827328991670452	0.0058639899314726854	0.059490741985349739	0.034940183447102591	0.055401436582818972	0.10918775462255181
729	6	0.030564789349671793	0.1159989619173992	0.065310719694417069	0.73448456531321904	0.68049803255264563	0.057770619108451535	0.14106633014452155	0.031236425867915186	0.032812520264430177	0.04617045505845483
730	6	0.31893735723743333	0.48186436580481579	0.082970508157420075	0.48257182024290757	0.56634467067888294	0.01828926801191235	0.071749196803308379	0.087572731009627008	0.033607566048300709	0.011261568733180719
731	7	0.25663223521507217	0.44950869216726302	0.10318674536511048	1.1311202802935683	1.1570153742398579	0.070195897188891215	0.1533247849624802	0.021396121694609256	0.056196482366689525	0.051755730830916245
732	6	0.26501673185754465	0.42441904941561176	0.0099150409687365111	0.83727147890178133	0.8109714084185482	0.13097472352920753	0.084129473816238393	0.059863970481699669	0.15659672139851274	0.012957540833231126
733	7	0.20271160983518355	0.39206337577805889	0.030131278176426902	1.4858199389524418	1.401642111979523	0.07906809435222871	0.16570506197541018	0.0063126388333180992	0.13400780508012394	0.075974840397328089
734	7	0.49108417772294499	0.75792877966547556	0.17841250602826411	1.2339071938821307	1.2874887501057606	0.11854944544876789	0.096387928634197026	0.11249651804422409	0.067587718767393029	0.11088372672260219
735	8	0.428779055700584	0.7255731060279228	0.1986287432359545	1.8824556539327908	1.8781594536667359	0.066642816271789043	0.17796351679336886	0.046319908729206327	0.044998802449004248	0.1739010262866991
736	4	0.19197674911129589	0.069898176903043965	0.068390500186645622	0.34749877243665406	0.4462827555149973	0.094984741981432474	0.028912338002419442	0.026919303786960169	0.21986838424549396	0.52371741495749258
737	5	0.25428187113365702	0.037542503265491113	0.048174262978955232	0.30104968761400624	0.14438794804597813	0.1468913711584113	0.052663250156752398	0.093095913101977928	0.19727946792710516	0.46070011539339556
738	5	0.034090696754104456	0.4034079071529077	0.10010696487288198	0.049136942543694939	0.030234586172215572	0.10741002006187213	0.016653883184460788	0.025713243775564266	0.13085938161437424	0.4257912290681215
739	6	0.028214425268256661	0.37105223351535488	0.12032320208057237	0.6976854025943553	0.62090528973319059	0.159316649238851	0.064921704974711031	0.040463365539453497	0.10827046529598543	0.36277392950402454
740	5	0.019829928625784143	0.34596259076370367	0.0270514976841984	0.40383660120256859	0.27486132391188073	0.041853971479247777	0.0042736061715307775	0.0019955167523630934	0.32106366906118777	0.40157211950170968
741	6	0.082135050648145261	0.3136069171261508	0.047267734891888791	1.0523850612532293	0.86553202747285574	0.010052657697731077	0.077301981987641044	0.068172126067380837	0.298474752742799	0.33855481993761266
742	6	0.2062375172396162	0.67947232101356758	0.19554896274372596	0.80047231618291759	0.75137866559909328	0.029428693398808103	0.0079848486464278636	0.050637030810161354	0.23205466643006795	0.30364593361233855
743	7	0.14393239521725509	0.6471166473760146	0.21576519995141635	1.4490207762335785	1.3420493691600683	0.022477935778170754	0.089560436805599691	0.015539578504856422	0.20946575011167923	0.24062863404824159
744	5	0.0055537266870695932	0.29078507556651978	0.0010247448150320637	0.23404045002042501	0.14445720218513713	0.040466213183752493	0.062882980666895127	0.024819478360004088	0.15068552346243003	0.37041136448634882
745	6	0.05675139533529152	0.25842940192896691	0.019191492392658327	0.88258891007108564	0.7351279057461122	0.092372842360731358	0.14445856882606695	0.090996087675021847	0.1280966071440412	0.30739406492225185
746	6	0.23162117255246994	0.62429480581638364	0.16747272024449553	0.63067616500077406	0.62097454387234952	0.052891491264192167	0.075141435484853789	0.027813069202520347	0.061676520831310346	0.2724851785969778
747	7	0.16931605053010884	0.59193913217883076	0.18768895745218592	1.2792246250514345	1.2116452474333246	0.10479812044117102	0.15671702364402557	0.038363540112497416	0.039087604512921523	0.20946787903288083
748	6	0.17770054717258135	0.5668494894271795	0.094417253055811945	0.98537582365964804	0.86560128161201477	0.096372500276927758	0.087521712497783802	0.0001043086745929872	0.25188080827812376	0.24826606903056594
749	7	0.11539542515022023	0.53449381578962674	0.11463349026350234	1.6339242837103085	1.4562719851729899	0.044465871099948893	0.16909730065695561	0.066072300640424769	0.22929189195973496	0.18524876946646898
750	7	0.40376799303798167	0.90035921967704335	0.26291471811533951	1.3820115386399969	1.342118623299227	0.083947222196488078	0.099780167315742435	0.052736856237117435	0.16287180564700407	0.15033988314119487
751	8	0.34146287101562056	0.86800354603949048	0.2831309553230299	2.0305599986906571	1.9327893268602026	0.03204059301950922	0.18135575547491425	0.013439753077900341	0.1402828893286153	0.087322583577097906
752	5	0.1568668579787324	0.54333785132358803	0.10028735931083632	0.49409838683682672	0.49902118857790112	0.02538137703563902	0.056072646234231784	0.0076188673094984612	0.081635394707493897	0.25187642555669387
753	6	0.094561735956371296	0.51098217768603527	0.12050359651852671	1.1426468468874873	1.0896918921388763	0.077288006212617888	0.025502941924940025	0.058557742005519296	0.10422431102588267	0.18885912599259691
754	6	0.38293430384413274	0.87684758157345188	0.26878482437036388	0.89073410181717561	0.97553853026511361	0.03780665511607869	0.043814191416273143	0.060251414872022901	0.17064439733861361	0.1539502396673228
755	7	0.32062918182177164	0.8444919079358989	0.28900106157805427	1.5392825618678363	1.5662092338260889	0.089713284293057555	0.037761396742898676	0.0059251944429948656	0.19323331365700241	0.090932940103225862
756	6	0.32901367846424423	0.81940226518424775	0.19572935718168033	1.2454337604760497	1.2201652680047788	0.11145733642504121	0.031433914403343137	0.032542654344095548	0.019559890108199897	0.12973113010091095
757	7	0.26670855644188307	0.78704659154669498	0.21594559438937072	1.8939822205267103	1.8108359715657543	0.059550707248062364	0.050141673755828696	0.033633954970922218	0.0030290262101889233	0.066713830536814039
758	7	0.55508112432964452	1.1529119954341116	0.36422682224120789	1.6420694754563985	1.6966826096919916	0.099032058344601548	0.019175459585384486	0.085175201906619979	0.069449112522919812	0.031804944211539919
759	8	0.49277600230728336	1.1205563217965586	0.38444305944889828	2.2906179355070591	2.2873533132529666	0.04712542916762269	0.062400128573787336	0.018998592591602213	0.092038028841308628	0.031212355352557019
760	6	0.35439733377709792	0.7642247499870638	0.16765311468244989	1.0756376092939057	1.0897611462780352	0.029137151762040958	0.035722672435082779	0.0097186927364545424	0.15081825549055783	0.098570375085550152
761	7	0.29209221175473676	0.73186907634951104	0.18786935189014028	1.7241860693445665	1.6804318498390107	0.0227694774149379	0.11729826059425461	0.056457916578563215	0.1734071718089466	0.035553075521453217
762	7	0.58046477964249821	1.0977344802369278	0.33615057974197743	1.4722733242742549	1.5662784879652478	0.016711873681601284	0.047981127253041427	0.062351240298978983	0.23982725812167754	0.00064418919617910408
763	8	0.51815965762013716	1.0653788065993748	0.35636681694966782	2.1208217843249151	2.1569491915262229	0.035194755495377573	0.12955671541221325	0.0038253690160387844	0.26241617444006637	0.062373110367917858
764	7	0.52654415426260959	1.0402891638477236	0.26309511255329388	1.8269729829331289	1.8109052257049132	0.16597586522272118	0.060361404265971454	0.034642479771051629	0.049622970674864028	0.02357492037023274
765	8	0.46423903224024859	1.0079334902101711	0.28331134976098427	2.4755214429837893	2.401575929265888	0.11406923604574234	0.14193699242514324	0.031534129543966137	0.072211886993252844	0.086592219934329709
766	8	0.75261160012800998	1.3737988940975874	0.43159257761282149	2.2236086979134777	2.2874225673921256	0.15355058714228154	0.072619859083930094	0.087275027333576061	0.13863197330598379	0.12150110625960379
767	9	0.69030647810564894	1.3414432204600346	0.45180881482051183	2.8721571579641383	2.8780932709531011	0.10164395796530265	0.15419544724310189	0.021098418018558295	0.16122088962437256	0.18451840582370072
768	2	0.46574960849120489	1.0492585224200703	0.34369774959572397	2.2514643938700836	2.2108866959491169	0.20787800265011852	0.11778087210496975	0.036465467248143327	0.10151174371565037	0.21155178542465641
769	3	0.52805473051356611	1.0816141960576231	0.32348151238803363	1.6029159338194225	1.6202159923881414	0.25978463182709738	0.036205283945797959	0.10264207656316109	0.0789228273972616	0.14853448586055953
770	3	0.23968216262580461	0.71574879217020648	0.1752002845361964	1.8548286788897344	1.7343693542619039	0.22030328073055819	0.1055224172870111	0.016167080314381105	0.012502741084530667	0.11362559953528543
771	4	0.30198728464816571	0.74810446580775924	0.15498404732850601	1.2062802188390738	1.1436986507009292	0.27220990990753702	0.023946829127839315	0.050009529000636654	0.010086175233858153	0.050608299971188465
772	3	0.29360278800569317	0.7731941085594104	0.24825575172487996	1.5001290202308604	1.4897426165222389	0.071039289189438276	0.093142140274081117	0.011541680213546249	0.20270702853134415	0.089406489968873598
773	4	0.35590791002805433	0.80554978219696349	0.22803951451718957	0.85158056018019967	0.8990719129612641	0.12294591836641713	0.011566552114909295	0.077718289528564008	0.18011811221295534	0.026389190404776618
774	4	0.067535342140292845	0.43968437830954665	0.079758286665352437	1.1034933052505114	1.0132252748350266	0.083464567269877957	0.080883685456122484	0.04109086734897819	0.11369802590022442	0.0085196959204974915
775	5	0.12984046416265396	0.47204005194709941	0.059542049457662047	0.45494484519985068	0.42255457127405138	0.13537119644685683	0.00069190270304935462	0.025085741966039576	0.091109109581835643	0.071536995484594426
776	3	0.26821913269283948	0.82837162375659434	0.27633199422411042	1.6699251714130043	1.6201467382489825	0.15335947385243856	0.025985553435655201	0.034365641821187246	0.032328882932586442	0.058245734953512741
777	4	0.33052425471520058	0.86072729739414733	0.25611575701642003	1.0213767113623433	1.0294760346880076	0.20526610302941739	0.055590034723516625	0.100542251136205	0.009739966614197626	0.0047715646105841976
778	4	0.042151686827439104	0.49486189350673049	0.10783452916458285	1.2732894564326549	1.1436293965617703	0.1657847519328782	0.013727098617696559	0.018266905741337183	0.05668011969853326	0.0396804509358583
779	5	0.10445680884980027	0.52721756714428325	0.087618291956892469	0.62474099638199454	0.55295869300079503	0.21769138110985709	0.067848489541475265	0.047909703573680573	0.079269036016922076	0.10269775049995522
780	4	0.096072312207327704	0.55230720989593451	0.18088999635326641	0.91858979777378091	0.89900265882210506	0.016520760391758298	0.0013468216047665433	0.0094418547865901675	0.13352416774828024	0.063899560502270122
781	5	0.15837743422968881	0.58466288353348739	0.16067375914557602	0.27004133772312067	0.30833195526112978	0.06842738956873716	0.080228766554405279	0.075618464101607927	0.11093525142989143	0.12691686006636707
782	5	0.12999513365807264	0.21879747964607077	0.012392531293738874	0.52195408279343214	0.4224853171348924	0.028946038472197972	0.01091163321319211	0.043190692775934271	0.044515165117160492	0.16182574639164118
783	6	0.067690011635711547	0.25115315328362353	0.0078237059139515171	0.12659437725722836	0.16818538642608277	0.08085266764917684	0.092487221372363912	0.022985916539083495	0.021926248798771718	0.22484304595573817
784	3	0.11690600140117664	0.57581884799952598	0.17501989009824204	1.4098672345966023	1.2655827518562186	0.13827463770432508	0.1449411803367821	0.0019272961516846939	0.1999920352373375	0.060289203976142167
785	4	0.17921112342353776	0.60817452163707897	0.15480365289055165	0.76131877454594177	0.67491204829524332	0.19018126688130393	0.063365592177610314	0.068103905466702461	0.22258095155572627	0.12330650354023913
786	4	0.10916144446422371	0.24230911774966229	0.006522425038714497	1.0132315196162534	0.789065410169006	0.15069991578476474	0.13268272551882349	0.050705251410839737	0.28900103786845721	0.15821538986551326
787	5	0.046856322441862608	0.27466479138721506	0.013693812168975894	0.36468305956559288	0.19839470660803094	0.20260654496174363	0.051107137359651666	0.01547135790417802	0.31158995418684599	0.22123268942961025
788	4	0.055240819084335126	0.29975443413886627	0.07957789222739807	0.65853186095737937	0.54443867242934074	0.0014359242436448373	0.12030244850589344	0.022996490882912387	0.098796750421643709	0.18243449943192508
789	5	0.0070643029380260012	0.33211010777641919	0.059361655019707679	0.0099834009067190088	0.046232031131634342	0.053342553420623683	0.03872686034672166	0.043180118432105376	0.12138566674003252	0.2454517989960221
790	5	0.28130826494973549	0.0337552961109975	0.088919572832129506	0.26189614597703048	0.067921330742128333	0.013861202324084504	0.1080439936879348	0.075629038445436822	0.1878057530527634	0.28036068532129615
791	6	0.21900314292737436	0.0013996224734446506	0.10913581003981991	0.3866523140736301	0.52274937281884681	0.065767831501063356	0.026468405528762999	0.0094524291304190541	0.2103946693711522	0.34337798488539312
792	4	0.080624474397188867	0.35493194933605016	0.10765413472662848	0.82832801213952334	0.6748427941560845	0.083756108906645102	0.053145861667467556	0.00017252927527138806	0.26917489602040146	0.21359525444728589
793	5	0.018319352374827746	0.38728762297360309	0.087437897518938101	0.17977955208886262	0.08417209059510937	0.13566273808362395	0.028429726491704266	0.066004080039746379	0.29176381233879017	0.27661255401138285
794	5	0.30669192026258918	0.021422219086186377	0.06084333033289905	0.43169229715917412	0.19832545246887193	0.096181386987084783	0.040887406849508909	0.052805076837795804	0.35818389865152123	0.31152144033665696
795	6	0.24438679824022808	0.053777892723739229	0.081059567540589433	0.21685616289148646	0.39234525109210316	0.14808801616406364	0.04068818130966291	0.013371532477221939	0.38077281496991	0.37453873990075393
796	5	0.25277129488270061	0.07886753547539041	0.012212136855784528	0.076992638500300276	0.046301285270793267	0.053082604554035143	0.028507129836578899	0.025096316309868472	0.16797961120470761	0.33574054990306884
797	6	0.19046617286033948	0.11122320911294326	0.0080041003519058622	0.57155582155036011	0.63697198883176831	0.0011759753770562819	0.053068458322592924	0.041080293005149295	0.19056852752309644	0.3987578494671658
798	6	0.4788387407481009	0.25464219477447336	0.15628532820374308	0.3196430764800488	0.52281862695800574	0.040657326473595469	0.016248675018620255	0.077728863872392903	0.25698861383582738	0.43366673579243981
799	7	0.41653361872573991	0.22228652113692049	0.17650156541143347	0.96819153653070911	1.113489330518981	0.011249302703383385	0.065326913140551571	0.011552254557375135	0.27957753015421616	0.49668403535653677
800	3	0.20422218608614001	0.4333884079879583	0.090517678011166641	1.2617628898387356	1.2109528786627519	0.17287686095660487	0.14154894165523674	0.061686957958791352	0.10470794835772643	0.20093440588765482
801	4	0.26652730810850112	0.46574408162551106	0.070301440803476251	0.61321442978807539	0.62028217510177674	0.22478349013358373	0.059973353496064898	0.12786356727380913	0.1272968646761152	0.13791710632355791
802	4	0.021845259779260405	0.099878677738094446	0.077979787048360935	0.86512717485838664	0.73443553697553932	0.18530213903704457	0.12929048683727803	0.0090544103962669348	0.19371695098884611	0.10300821999828383
803	5	0.040459862243100719	0.13223435137564729	0.098196024256051326	0.21657871480772634	0.14376483341456434	0.23720876821402342	0.047714898678106257	0.075231019711284694	0.21630586730723494	0.039990920434186852
804	4	0.032075365600628201	0.15732399412729858	0.0049243198596773622	0.5104275161995131	0.48980879923587411	0.036038147495924648	0.11691020982434805	0.036763170924194288	0.0035126635420326567	0.078789110431871978
805	5	0.094380487622989367	0.18967966776485135	0.025140557067367765	0.13812094385114754	0.10086190432510093	0.087944776672903499	0.035334621665176244	0.10293978023921205	0.026101579860421477	0.015771810867775009
806	5	0.19399208026477216	0.17618573612256525	0.17342178491920493	0.11379180121916396	0.013291457548661701	0.048463425576364315	0.10465175500638942	0.01586937663833015	0.092521666173152356	0.019137075457499104
807	6	0.13168695824241103	0.1438300624850124	0.19363802212689532	0.53475665883149659	0.5773792460123135	0.10037005475334318	0.0230761668472176	0.050307232676687616	0.11511058249154116	0.082154375021596088
808	4	0.0066917102877744657	0.21250150932448247	0.023151922639553103	0.68022366738165663	0.62021292096261771	0.11835833215892491	0.04975362298592214	0.059587132531835271	0.17389080914079033	0.047628355416511128
809	5	0.068996832310135578	0.24485718296203524	0.0029356854318627113	0.031675207330996089	0.029542217401642736	0.1702649613359038	0.031821965173249679	0.12576374184685304	0.19647972545917916	0.015388944147585812
810	5	0.21937573557762588	0.1210082209253814	0.14534554241997449	0.28358795240130757	0.14369557927540533	0.13078361023936461	0.0374951681679635	0.0069545849693108536	0.26289981177191002	0.05029783047285992
811	6	0.15707061355526478	0.088652547287828537	0.16556177962766488	0.36496050764935289	0.44697512428556979	0.18269023941634344	0.044080419991208326	0.073131194284328613	0.28548872809029885	0.11331513003695688
812	5	0.16545511019773729	0.063562904536177342	0.072290075231290912	0.071111706257566271	0.10093115846425986	0.018480381301755344	0.025114891155033486	0.034663345497238207	0.072695524325096586	0.074516940039271756
813	6	0.10314998817537617	0.031207230898624493	0.092506312438981303	0.71966016630822671	0.69160186202523499	0.033426247875223532	0.05646069700413834	0.10083995481225597	0.09528444064348536	0.13753423960336872
814	6	0.39152255606313757	0.39707263478604116	0.24078754029081847	0.46774742123791524	0.57744850015147242	0.0060551032213156499	0.012856436337074844	0.017969202065286231	0.16170452695621629	0.1724431259286428
815	7	0.32921743404077647	0.36471696114848823	0.26100377749850889	1.1162958812885755	1.1681192037124477	0.045851525955663198	0.06871915182209698	0.048207407249731535	0.18429344327460506	0.23546042549273979
816	4	0.14462142100388836	0.040051266432585809	0.078160181486315289	0.42016573056525502	0.26564893456985367	0.10327349601081144	0.16870924988704905	0.027148786862332731	0.40621172731071437	0.070906583513143828
817	5	0.082316298981527244	0.0076955927950329572	0.09837641869400568	0.22838272948540544	0.32502176899112145	0.15518012518779031	0.087133661727877246	0.0933253961773505	0.42880064362910308	0.13392388307724074
818	5	0.37068886686928865	0.37356099668244963	0.24665764654584285	0.023530015584905951	0.21086840711735882	0.11569877409125114	0.1564507950690904	0.025483760700191704	0.49522072994183403	0.16883276940251485
819	6	0.30838374484692754	0.3412053230448967	0.26687388375353327	0.6250184444657545	0.80153911067833383	0.16760540326822998	0.074875206909918626	0.040692848614826062	0.51780964626022286	0.23185006896661187
820	5	0.31676824148940008	0.31611568029324549	0.1736021793571593	0.33116964307396779	0.45549514485702403	0.03356521744986881	0.14407051805616039	0.0022249998277356501	0.30501644249502047	0.19305187896892673
821	6	0.25446311946703898	0.28376000665569262	0.19381841656484969	0.97971810312462826	1.046165848417999	0.018341411727110062	0.062494929896988592	0.068401609142753422	0.32760535881340924	0.25606917853302369
822	6	0.54283568735480048	0.64962541054310941	0.34209964441668689	0.72780535805431679	0.93201248654423652	0.02113993936942914	0.13181206323820174	0.050407547734788782	0.39402544512614029	0.29097806485829775
823	7	0.48053056533243926	0.61726973690555642	0.36231588162437728	1.3763538181049775	1.5226831901052118	0.030766689807549725	0.050236475079029952	0.01576906158022898	0.41661436144452912	0.35399536442239471
824	5	0.34215189680225377	0.2609381650960616	0.14552593685792886	0.16137349189182409	0.32509102313028038	0.04875496721313146	0.076913931217734516	0.025048961435376649	0.47539458809377833	0.22421263398428759
825	6	0.27984677477989273	0.22858249145850879	0.16574217406561925	0.80992195194248462	0.91576172669125544	0.10066159639011033	0.0046616569414373223	0.091225570750394419	0.4979835044121671	0.28722993354838444
826	6	0.56821934266765406	0.59444789534592546	0.31402340191745642	0.55800920687217315	0.80160836481749287	0.061180245293571134	0.064655476399775869	0.027583586127147786	0.5644035907248981	0.32213881987365861
827	7	0.50591422064529312	0.56209222170837259	0.33423963912514681	1.2065576669228339	1.392279068378468	0.11308687447054999	0.016920111759395975	0.038593023187869981	0.58699250704328687	0.38515611943775557
828	6	0.51429871728776555	0.53700257895672132	0.24096793472877284	0.91270886553104691	1.0462351025571581	0.088083746247548791	0.052275199386845841	0.00012517440077956798	0.37419930327808454	0.34635792944007043
829	7	0.4519935952654045	0.50464690531916856	0.26118417193646326	1.5612573255817073	1.6369058061181332	0.036177117070569934	0.029300388772325981	0.066301783715797341	0.39678821959647337	0.40937522900416734
830	7	0.74036616315316583	0.87051230920658518	0.40946539978830038	1.3093445805113961	1.5227524442443707	0.075658468167109111	0.040016744568887194	0.05250737316174485	0.46320830590920431	0.44428411532944151
831	8	0.67806104113080479	0.8381566355690323	0.42968163699599077	1.957893040562056	2.1134231478053462	0.02375183899013026	0.041558843590284625	0.013669236153272899	0.48579722222759303	0.50730141489353842
832	3	0.30150633202641408	0.7271158753967909	0.29501884268031564	1.7785183085636795	1.8458222834548526	0.18206451846543081	0.1018982908996163	0.017815578344244749	0.68639847796873077	0.75989957826116794
833	4	0.36381145404877518	0.75947154903434388	0.27480260547262519	1.129969848513019	1.2551515798938775	0.23397114764240964	0.18347387905878815	0.048361030970773003	0.66380956165034211	0.69688227869707098
834	4	0.075438886161013713	0.39360614514692716	0.12652137762078799	1.3818825935833303	1.3693049417676397	0.19448979654587045	0.11415674571757495	0.070448125906769188	0.59738947533761111	0.66197339237179686
835	5	0.13774400818337482	0.42596181878447992	0.1063051404130976	0.73333413353266974	0.77863423820666477	0.24639642572284934	0.19573233387674679	0.0042715165917514199	0.57480055901922233	0.5989560928076999
836	4	0.12935951154090231	0.45105146153613107	0.19957684480947155	1.0271829349244566	1.1246782040279748	0.045225805004750555	0.12653702273050499	0.042739365378841834	0.78759376278442472	0.63775428280538504
837	5	0.19166463356326341	0.48340713517368405	0.17936060760178116	0.37863447487379592	0.53400750046699963	0.097132434181729413	0.20811261088967684	0.023437243936175928	0.76500484646603584	0.57473698324128808
838	5	0.096707934324498021	0.1175417312862673	0.031079379749944035	0.63054721994410745	0.6481608623407622	0.057651083085190222	0.13879547754846361	0.095371912941366266	0.69858476015330484	0.53982809691601397
839	6	0.034402812302136945	0.14989740492382014	0.010863142542253646	0.01800124010655315	0.057490158779787137	0.10955771226216911	0.22037106570763548	0.0291953036263485	0.67599584383491607	0.476810797351917
840	4	0.10397585622804857	0.50622897673331502	0.22765308730870201	1.1969790861066003	1.2550823257547186	0.12754598966775083	0.19369360956893092	0.019915403771200831	0.61721561718566686	0.60659352779002418
841	5	0.16628097825040969	0.53858465037086789	0.20743685010101162	0.54843062605593951	0.66441162219374328	0.17945261884472968	0.27526919772810271	0.046261205543816922	0.59462670086727809	0.54357622822592722
842	5	0.12209158963735176	0.17271924648345111	0.059155622249174443	0.80034337112625098	0.77856498406750574	0.13997126774819049	0.20595206438688957	0.072547951333725269	0.52820661455454709	0.5086673419006531
843	6	0.059786467614990638	0.20507492012100403	0.038939385041484066	0.15179491107559057	0.18789428050653084	0.19187789692516938	0.28752765254606139	0.0063713420187075012	0.50561769823615832	0.44565004233655625
844	5	0.06817096425746319	0.23016456287265524	0.132211089437858	0.44564371246737722	0.53393824632784059	0.0092927237929294141	0.21833234139981958	0.044839190805797915	0.7184109020013606	0.48444823233424134
845	6	0.0058658422351020702	0.26252023651020817	0.11199485223016761	0.2029047475832832	0.056732457233134428	0.042613905384049432	0.29990792955899137	0.021337418509219847	0.69582198568297182	0.42143093277014437
846	6	0.2942384101228635	0.10334516737720853	0.036286375621669531	0.0490079974870282	0.057420904640628212	0.0031325542875102531	0.23059079621777823	0.097471738368322347	0.62940189937024082	0.3865220464448702
847	7	0.23193328810050237	0.070989493739655685	0.056502612829359922	0.59954046256363225	0.53324979892034707	0.055039183464489105	0.31216638437695005	0.031295129053304581	0.60681298305185216	0.32350474688077324
848	4	0.047337275063614258	0.25367620097624677	0.12634098318283363	0.93692114929019821	0.90051833936195447	0.11246115351963737	0.074737982667803959	0.052353749440703388	0.38489469901574297	0.48805858886036929
849	5	0.014967846958746867	0.2860318746137997	0.10612474597514324	0.28837268923953807	0.30984763580097918	0.1643677826966162	0.15631357082697578	0.013822859874314381	0.36230578269735425	0.42504128929627233
850	5	0.27340472092901458	0.079833529273617004	0.042156481876693921	0.54028543430984943	0.42400099767474175	0.12488643160007702	0.086996437485762607	0.10498629700322781	0.2958856963846232	0.39013240297099816
851	6	0.21109959890665345	0.047477855636064145	0.062372719084384312	0.10826302574081099	0.16666970588623337	0.17679306077705589	0.16857202564493443	0.038809687688210061	0.27329678006623448	0.3271151034069012
852	5	0.21948409554912601	0.02238821288441295	0.030898985311989667	0.18558577565097564	0.17937425993507658	0.024377559941042903	0.09937671449869262	0.077277536475300473	0.4860899838314367	0.36591329340458628
853	6	0.15717897352676485	0.0099674607531399003	0.010682748104299278	0.46296268439968485	0.41129644362589862	0.027529069235935972	0.18095230265786447	0.011100927160282706	0.46350106751304798	0.30289599384048932
854	6	0.4455515414145263	0.35589794313427675	0.13759847974753794	0.21104993932937338	0.297143081752136	0.011952281860603209	0.11163516931665125	0.12991008403782489	0.39708098120031704	0.26798710751521526
855	7	0.38324641939216519	0.32354226949672393	0.15781471695522833	0.8595983993800338	0.88781378531311095	0.039954347316375642	0.19321075747582311	0.063733474722807132	0.37449206488192821	0.20496980795111833
856	5	0.2448677508619797	0.032789302312770927	0.058975227811220075	0.35538192683311937	0.30977838166182015	0.057942624721957381	0.16653330133711855	0.05445357486765947	0.31571183823267901	0.33475253838922553
857	6	0.1825626288396186	0.065144975950323758	0.038758990603529699	0.29316653321754121	0.28089232189915492	0.10984925389893622	0.2481088894962904	0.0117230344473583	0.29312292191429024	0.27173523882512851
858	6	0.47093519672738005	0.30072042793709286	0.10952223724830745	0.041253788147229728	0.16673896002539229	0.070367902802397048	0.1787917561550772	0.10708612243018389	0.22670283560155938	0.23682635249985445
859	7	0.40863007470501894	0.26836475429954004	0.12973847445599787	0.68980224819789027	0.75740966358636741	0.12227453197937592	0.26036734431424902	0.040909513115166142	0.20411391928317055	0.17380905293575749
860	6	0.41701457134749143	0.24327511154788883	0.036466770059623885	0.39595344680610356	0.41136569776505755	0.078896088738722864	0.19117203316800721	0.079377361902256555	0.41690712304837285	0.2126072429334426
861	7	0.35470944932513032	0.21091943791033599	0.056683007267314275	1.0445019068567638	1.0020364013260326	0.026989459561744023	0.272747621327179	0.013200752587238787	0.39431820672998408	0.14958994336934567
862	7	0.64308201721289182	0.57678484179775258	0.20496423511915149	0.79258916178645267	0.88788303945226998	0.066470810658283183	0.20343048798596586	0.13200990946478097	0.32789812041725314	0.11468105704407157
863	8	0.58077689519053077	0.54442916816019982	0.22518047232684188	1.4411376218371128	1.4785537430132452	0.014564181481304329	0.28500607614513773	0.065833300149763213	0.30530920409886431	0.051663757479974634
864	4	0.039978909621349111	0.111245760964679	0.041838771095758245	0.78881680453233194	0.8458884661684879	0.14706337677191716	0.078130221349349369	0.0074059123664032833	0.48017878589535401	0.74928219872416624
865	5	0.10228403164371022	0.14360143460223185	0.021622533888067851	0.14026834448167155	0.25521776260751261	0.19897000594889599	0.15970580950852123	0.073582521681421056	0.45758986957696529	0.68626489916006927
866	5	0.18608853624405125	0.2222639692851848	0.12665869396376936	0.39218108955198289	0.36937112448127513	0.15948865485235686	0.09038867616730803	0.045226635196121148	0.39116978326423435	0.65135601283479527
867	6	0.12378341422169015	0.18990829564763195	0.14687493117145975	0.25636737049867753	0.22129957907969997	0.21139528402933569	0.17196426432647988	0.020949974118896614	0.36858086694584558	0.58833871327069831
868	5	0.13216791086416266	0.16481865289598074	0.053603226775085777	0.037481430893109201	0.12474438674160999	0.01022466331123693	0.10276895318023804	0.017517874668193791	0.58137407071104774	0.62713690326838345
869	6	0.06986278884180154	0.1324629792584279	0.073819463982776168	0.6110670291575514	0.46592631681936519	0.062131292488215771	0.18434454133940986	0.048658734646823951	0.55878515439265897	0.56411960370428649
870	6	0.35823535672956297	0.49832838314584454	0.22210069183461334	0.35915428408723987	0.35177295494560257	0.022649941391676604	0.11502740799819669	0.07015042223071824	0.49236506807992803	0.52921071737901237
871	7	0.29593023470720187	0.46597270950829167	0.24231692904230373	1.0077027441379005	0.94244365850657774	0.074556570568655445	0.19660299615736848	0.0039738129157004644	0.46977615176153931	0.46619341781491536
872	5	0.15755156617701641	0.10964113769879684	0.025526984275855313	0.20727758207525282	0.25514850846835357	0.09254484797423719	0.16992554001866395	0.005306086939447203	0.41099592511229011	0.59597614825302259
873	6	0.095246444154655288	0.077285464061243994	0.045743221483545704	0.44127087797540765	0.33552219509262154	0.14445147715121606	0.25150112817783576	0.071482696254464975	0.38840700879390128	0.53295884868892562
874	6	0.38361901204241672	0.44315086794866065	0.19402444933538293	0.18935813290509626	0.22136883321885889	0.10497012605467688	0.18218399483662262	0.047326460623077229	0.32198692248117045	0.49804996236365151
875	7	0.32131389002005561	0.41079519431110778	0.21424068654307332	0.83790659295575676	0.81203953677983398	0.15687675523165573	0.26375958299579444	0.018850148691940533	0.29939800616278162	0.43503266279955455
876	6	0.32969838666252815	0.38570555155945663	0.12096898214669931	0.54405779156397005	0.46599557095852412	0.044293865486443061	0.19456427184955261	0.019617700095149872	0.51219120992798384	0.47383085279723963
877	7	0.26739326464016705	0.35334987792190375	0.14118521935438971	1.1926062516146305	1.0566662745194992	0.0076127636905358124	0.27613986000872448	0.046558909219867869	0.48960229360959506	0.41081355323314267
878	7	0.55576583252792844	0.71921528180932037	0.28946644720622688	0.94069350654431916	0.94251291264573656	0.031868587406003387	0.20682272666751125	0.072250247657674321	0.42318220729686418	0.37590466690786861
879	8	0.49346071050556739	0.6868596081717675	0.30968268441391728	1.5892419665949795	1.5331836162067118	0.020038041770975484	0.2883983148266831	0.0060736383426565456	0.4005932909784754	0.31288736734377165
880	5	0.30886469746867917	0.36219391345586505	0.1268390884017237	0.052780354741148908	0.099415477924410481	0.07746001182612372	0.050969913117537027	0.027132258730055349	0.17867500694236618	0.47744120932336759
881	6	0.24655957544631812	0.32983823981831223	0.14705532560941409	0.70132881479180931	0.6900861814853857	0.12936664100310261	0.13254550127670886	0.039044350584962403	0.15608609062397741	0.41442390975927068
882	6	0.53493214333407957	0.6957036437057289	0.29533655346125126	0.44941606972149789	0.57593281961162313	0.089885289906563387	0.063228367935495661	0.079764806292579787	0.089666004311246467	0.37951502343399651
883	7	0.47262702131171841	0.66334797006817592	0.31555279066894165	1.0979645297721583	1.1666035231725984	0.14179191908354224	0.14480395609466751	0.013588196977562019	0.067077087992857651	0.31649772386989955
884	6	0.481011517954191	0.63825832731652477	0.22228108627256771	0.80411572838037171	0.82055955735128827	0.059378701634556531	0.075608644948425674	0.052056045764652427	0.27987029175805994	0.35529591386758469
885	7	0.41870639593182979	0.605902653678972	0.2424973234802581	1.4526641884310323	1.4112302609122636	0.00747207245757765	0.15718423310759752	0.014120563550365334	0.25728137543967111	0.29227861430348773
886	7	0.70707896381959134	0.9717680575663884	0.39077855133209527	1.2007514433607205	1.2970768990385009	0.046953423554116858	0.087867099766384321	0.10468859332717687	0.19086128912694028	0.25736972797821361
887	8	0.64477384179723018	0.93941238392883564	0.41099478853978566	1.8492999034113811	1.8877476025994759	0.0049532056228620055	0.16944268792555617	0.038511984012159092	0.16827237280855145	0.19435242841411673
888	6	0.50639517326704464	0.58308081211934093	0.1942048437733373	0.63431957719822796	0.69015543562454462	0.022941483028443749	0.1427652317868516	0.02923208415701143	0.10949214615930225	0.32413515885222383
889	7	0.44409005124468359	0.55072513848178806	0.21442108098102769	1.2828680372488885	1.2808261391855198	0.074848112205422604	0.22434081994602342	0.036944525158006322	0.086903229840913476	0.26111785928812692
890	7	0.73246261913244504	0.91659054236920467	0.36270230883286481	1.030955292178577	1.1666727773117573	0.03536676110888342	0.15502368660481025	0.081864631719535869	0.020483143528182545	0.22620897296285283
891	8	0.67015749711008399	0.8842348687316518	0.3829185460405552	1.6795037522292375	1.7573434808727324	0.087273390285862271	0.2365992747639821	0.015688022404518102	0.0021057727902062729	0.1631916733987559
892	7	0.67854199375255642	0.85914522598000054	0.28964684164418125	1.3856549508374509	1.4112995150514225	0.1138972304322365	0.16740396361774029	0.054155871191608508	0.21068743097499604	0.20198986339644098
893	8	0.61623687173019537	0.82678955234244778	0.30986307885187164	2.0342034108881109	2.0019702186123975	0.061990601255257648	0.24897955177691208	0.012020738123409253	0.18809851465660724	0.13897256383234405
894	8	0.9046094396179567	1.1926549562298643	0.45814430670370881	1.7822906658177999	1.8878168567386351	0.10147195235179685	0.17966241843569891	0.10678841875413295	0.12167842834387629	0.10406367750706995
895	9	0.84230431759559576	1.1602992825923113	0.47836054391139921	2.4308391258684603	2.4784875602996106	0.049565323174817974	0.26123800659487073	0.040611809439115173	0.099089512025487519	0.041046377942973021
896	3	0.4963822261621974	0.51351214745593921	0.26334835441258458	1.3277142984218506	1.2116069743743139	0.18013507612933113	0.2270613055481418	0.049345889415429986	0.042297284121482218	0.076892547624857352
897	4	0.55868734818455867	0.54586782109349219	0.24313211720489422	0.67916583837118982	0.62093627081333813	0.23204170530630996	0.14548571738897001	0.11552249873044777	0.01970836780309344	0.013875248060760428
898	4	0.27031478029679712	0.18000241720607554	0.09485088935305705	0.93107858344150107	0.7350896326871007	0.19256035420977077	0.21480285073018318	0.0032866581470944343	0.046711718509637491	0.021033638264513661
899	5	0.33261990231915822	0.21235809084362831	0.074634652145366603	0.28253012339084094	0.14441892912612581	0.24446698338674966	0.13322726257101136	0.062889951167923314	0.069300634828026314	0.084050937828610617
900	4	0.32423540567668574	0.23744773359527951	0.1679063565417406	0.57637892478262753	0.49046289494743556	0.043296362668650855	0.2024225737172532	0.024422102380832918	0.14349256893717602	0.045252747830925498
901	5	0.38654052769904684	0.26980340723283247	0.14769011933405021	0.072169535268032978	0.10020780861353931	0.095202991845629706	0.12084698555808134	0.090598711695850681	0.12090365261878719	0.10827004739502247
902	5	0.098167959811285371	0.09606199665458412	0.00059110851778696458	0.1797432098022787	0.013945553260223242	0.055721640749090529	0.19016411889929449	0.028210445181691513	0.054483566306056261	0.14317893372029658
903	6	0.16047308183364647	0.063706323017031274	0.020807345725477357	0.46880525024838199	0.576725150300752	0.10762826992606937	0.10858853074012269	0.037966164133326243	0.031894649987667487	0.20619623328439354
904	4	0.29885175036383199	0.29262524879246338	0.19598259904097107	0.74617507596477117	0.62086701667417921	0.12561654733165112	0.13526598687882724	0.047246063988473905	0.026885576661581711	0.076413502846286341
905	5	0.3611568723861931	0.32498092243001631	0.17576636183328068	0.097626615914110634	0.030196313113204275	0.17752317650862998	0.053690398719655433	0.11342267330349169	0.04947449297997053	0.13943080241038328
906	5	0.072784304498431623	0.040884481457400243	0.027485133981443456	0.34953936098442223	0.14434967498696677	0.13804182541209081	0.1230075320608686	0.0053864835740505155	0.11589457929270142	0.17433968873565736
907	6	0.13508942652079278	0.0085288078198474844	0.0072688967737530637	0.29900909906623829	0.44632102857400835	0.18994845458906967	0.041431943901696779	0.060790125740967239	0.13848349561109025	0.23735698829975438
908	5	0.12670492987832022	0.016560834931803714	0.10054060117012704	0.0051602976744517196	0.10027706275269832	0.011222166129029121	0.11062725504793858	0.022322276953876837	0.074309708154112086	0.19855879830206924
909	6	0.18901005190068135	0.048916508569356656	0.080324363962436612	0.65370875772511206	0.69094776631367361	0.040684463047949739	0.029051666888766765	0.0884988862688946	0.05172079183572327	0.2615760978661662
910	6	0.099362515987080083	0.31694889531805998	0.067956863889400546	0.40179601265480064	0.57679440443991092	0.0012031119514105515	0.09836880022997993	0.030310270608647594	0.014699294477007662	0.29648498419144037
911	7	0.037057393964718979	0.2845932216805071	0.088173101097090936	1.0503444727054609	1.167465108000886	0.053109741128389412	0.016793212070808122	0.035866338706370161	0.037288210795396438	0.35950228375553722
912	4	0.14753861907216917	0.040072473035395254	0.094670494915102682	0.48611713914836951	0.26630303028141511	0.11053171118353763	0.25422161377995417	0.014807718318971364	0.25920649483150571	0.19494844177594131
913	5	0.20984374109453027	0.07242814667294821	0.074454257707412236	0.16243132090229082	0.32436767327956006	0.16243834036051652	0.17264602562078232	0.080984327633989134	0.28179541114989448	0.2579657413400383
914	5	0.078528826793231143	0.29343725721446845	0.073826970144424922	0.089481424168020671	0.21021431140579735	0.12295698926397733	0.24196315896199555	0.037824829243553057	0.34821549746262537	0.29287462766531236
915	6	0.01622370477087004	0.26108158357691558	0.094043207352115313	0.55906703588263995	0.80088501496677245	0.17486361844095621	0.16038757080282368	0.028351780071464695	0.3708044137810142	0.35589192722940932
916	5	0.024608201413342558	0.23599194082526437	0.00077150295574133219	0.26521823449085319	0.45484104914546258	0.02630700227714259	0.22958288194906551	0.010116068715625714	0.15801121001581189	0.31709373723172418
917	6	0.037696920609018525	0.20363626718771152	0.020987740163431724	0.91376669454151371	1.0455117527064377	0.025599626899836265	0.14800729378989369	0.056060540599392042	0.18060012633420069	0.38011103679582114
918	6	0.25067564727874292	0.56950167107512828	0.16926896801526894	0.66185394947120224	0.93135839083267502	0.013881724196702916	0.21732442713110686	0.062748616278150163	0.24702021264693164	0.41501992312109526
919	7	0.18837052525638179	0.53714599743757541	0.18948520522295934	1.3104024095218627	1.5220290943936503	0.038024904980275942	0.13574883897193504	0.0034279930368676164	0.26960912896532047	0.47803722268519222
920	5	0.049991856726196292	0.18081442562808053	0.027304739543489089	0.095422083308709382	0.32443692741871893	0.056013182385857688	0.16242629511063958	0.012707892892015283	0.32838935561456967	0.34825449224708505
921	6	0.012313265296164833	0.14845875199052766	0.0070885023357986961	0.74397054335937007	0.91510763097969394	0.10791981156283655	0.080850706951467774	0.078884502207033053	0.35097827193295839	0.41127179181118195
922	6	0.27605930259159661	0.51432415587794433	0.14119272551603845	0.49205779828905855	0.80095426910593148	0.068438460466297354	0.15016784029268093	0.039924654670509138	0.41739835824568933	0.44618067813645607
923	7	0.21375418056923551	0.48196848224039146	0.16140896272372887	1.140606258339719	1.3916249726669065	0.1203450896432762	0.068592252133509141	0.026251954644508614	0.43998727456407816	0.50919797770055308
924	6	0.22213867721170805	0.45687883948874025	0.068137258327354885	0.84675745694793247	1.0455810068455966	0.080825531074822543	0.13778756327975095	0.012215894142581795	0.22719407079887582	0.47039978770286794
925	7	0.15983355518934692	0.42452316585118749	0.088353495535045276	1.4953059169985927	1.6362517104065719	0.028918901897843706	0.056211975120579127	0.053960715172435961	0.24978298711726463	0.53341708726696491
926	7	0.44820612307710839	0.79038856973860416	0.23663472338688249	1.2433931719282814	1.5220983485328092	0.068400252994382876	0.1255291084617923	0.064848441705106244	0.31620307342999554	0.56832597359223891
927	8	0.38590100105474734	0.75803289610105129	0.25685096059457291	1.8919416319789419	2.1127690520937845	0.016493623817404036	0.043953520302620473	0.0013281676099115348	0.33879198974838437	0.63134327315633587
928	4	0.23485480375713252	0.10235796697617243	0.010168282828027241	0.3380127943905028	0.21167315708794851	0.14513393443581749	0.2508293750984088	0.074567380126078026	0.16392240795189461	0.066275168087855746
929	5	0.29715992577949363	0.070002293338619584	0.010047954379663149	0.31053566566015728	0.37899754647302658	0.19704056361279632	0.16925378693923693	0.14074398944109581	0.18651132427028339	0.0032578685237588138
930	5	0.0087873578917321733	0.43586769722603619	0.15832918223150036	0.058622920589846042	0.26484418459926412	0.15755921251625712	0.2385709202804501	0.021934832563553604	0.25293141058301433	0.031651017801515281
931	6	0.071092479914093246	0.40351202358848343	0.17854541943919075	0.70717138064050633	0.85551488816023902	0.20946584169323601	0.15699533212127831	0.088111441878571367	0.27552032690140316	0.094668317365612237
932	5	0.062707983271620721	0.37842238083683216	0.085273715042816778	0.41332257924871962	0.50947092233892921	0.0082952209751372234	0.22619064326752011	0.049643593091480955	0.06272712313620081	0.055870127367927111
933	6	0.12501310529398188	0.34606670719927929	0.10548995225050717	1.0618710392993802	1.1001416258999044	0.060201850152116078	0.14461505510834827	0.11582020240649873	0.085316039454589626	0.11888742693202407
934	6	0.16335946259377959	0.71193211108669607	0.25377118010234434	0.80995829422906884	0.98598826402614159	0.020720499055576897	0.21393218844956147	0.0029889544710434814	0.15173612576732051	0.1537963132572982
935	7	0.10105434057141846	0.6795764374491432	0.27398741731003473	1.4585067542797294	1.5766589675871168	0.072627128232555752	0.13235660029038962	0.063187654843974289	0.17432504208570934	0.21681361282139525
936	5	0.037324327958766987	0.32324486563964827	0.057197472543586314	0.24352642806657601	0.37906680061218562	0.090615405638137483	0.15903405642909418	0.072467554699121944	0.23310526873495857	0.087030882383287961
937	6	0.099629449981128104	0.2908891920020954	0.077413709751276705	0.89207488811723645	0.96973750417316062	0.14252203481511633	0.077458468269922365	0.13864416401413973	0.2556941850533474	0.1500481819473849
938	6	0.18874311790663331	0.65675459588951213	0.22569493760311393	0.64016214304692509	0.85558414229939805	0.10304068371857715	0.14677560161113554	0.019835007136597523	0.32211427136607823	0.18495706827265898
939	7	0.12643799588427221	0.62439892225195925	0.24591117481080432	1.2887106030975854	1.4462548458603732	0.15494731289555602	0.065200013451963718	0.086011616451615286	0.34470318768446706	0.247974367836756
940	6	0.13482249252674472	0.5993092795003081	0.15263947041443032	0.99486180170579885	1.1002108800390631	0.046223307822542747	0.13439532459820552	0.047543767664524873	0.13190998391926473	0.20917617783907089
941	7	0.072517370504383616	0.56695360586275523	0.17285570762212071	1.6434102617564594	1.6908815836000386	0.0056833213544361053	0.052819736439033704	0.11372037697954265	0.1544989002376535	0.27219347740316785
942	7	0.360889938392145	0.93281900975017196	0.32113693547395783	1.3914975166861481	1.5767282217262759	0.033798029742103074	0.12213686978024688	0.0050887798979995626	0.2209189865503845	0.30710236372844196
943	8	0.2985848163697839	0.90046333611261908	0.34135317268164822	2.0400459767368084	2.1673989252872512	0.018108599434875777	0.040561281621075064	0.061087829417018201	0.2435079028687733	0.37011966329253893
944	5	0.11398880333289578	0.57579764139671652	0.1585095766694547	0.50358436488297775	0.73363078700494955	0.075530569490024027	0.27798968333022112	0.040029209029619393	0.46542618690488247	0.20556582131294293
945	6	0.051683681310534677	0.54344196775916376	0.17872581387714509	1.1521328249336382	1.3243014905659247	0.12743719866700287	0.1964140951710493	0.10620581834463719	0.48801510322327124	0.26858312087703989
946	6	0.34005624919829608	0.90930737164658049	0.32700704172898221	0.90022007986332686	1.2101481286921623	0.087955847570463694	0.2657312285122625	0.012603338532905028	0.55443518953600213	0.30349200720231406
947	7	0.27775112717593498	0.8769516980090275	0.3472232789366726	1.548768539913987	1.8008188322531375	0.13986247674744257	0.18415564035309068	0.053573270782112728	0.57702410585439101	0.36650930676641102
948	6	0.28613562381840751	0.85186205525737635	0.25395157454029871	1.2549197385222004	1.4547748664318276	0.061308143970656218	0.25335095149933246	0.015105421995022319	0.36423090208918862	0.32771111676872589
949	7	0.22383050179604641	0.81950638161982337	0.2741678117479891	1.903468198572861	2.0454455699928027	0.0094015147936773562	0.17177536334016064	0.081282031310040082	0.38681981840757745	0.39072841633282274
950	7	0.51220306968380791	1.1853717855072401	0.42244903959982621	1.6515554535025494	1.93129220811904	0.048882865890216544	0.24109249668137381	0.037527125567502109	0.4532399047203084	0.42563730265809685
951	8	0.44989794766144675	1.1530161118696871	0.44266527680751661	2.3001039135532104	2.5219629116800153	0.0030237632867622932	0.15951690852220199	0.028649483747515646	0.47582882103869723	0.48865460222219381
952	6	0.31151927913126121	0.7966845400601924	0.2258753320410683	1.0851235873400569	1.3243707447050839	0.021012040692344042	0.18619436466090655	0.037929383602663312	0.53460904768794637	0.35887187178408664
953	7	0.24921415710890016	0.76432886642263953	0.24609156924875869	1.7336720473907175	1.9150414482660589	0.072918669869322911	0.10461877650173471	0.10410599291768108	0.55719796400633526	0.42188917134818354
954	7	0.5375867249966616	1.130194270310056	0.39437279710059581	1.4817593023204059	1.8008880863922965	0.03343731877278372	0.17393590984294791	0.014703163959861109	0.62361805031906614	0.45679805767345771
955	8	0.47528160297430055	1.0978385966725033	0.41458903430828614	2.1303077623710664	2.3915587899532715	0.085343947949762577	0.092360321683776059	0.051473445355156647	0.64620696663745503	0.51981535723755468
956	7	0.48366609961677298	1.0727489539208519	0.3213173299119122	1.8364589609792799	2.0455148241319616	0.11582667276833618	0.16155563283001789	0.013005596568066238	0.43341376287225264	0.48101716723986954
957	8	0.42136097759441193	1.0403932802832994	0.34153356711960259	2.4850074210299398	2.6361855276929367	0.063920043591357334	0.079980044670846059	0.079182205883084	0.45600267919064147	0.5440344668039665
958	8	0.70973354548217338	1.4062586841707159	0.48981479497143976	2.2330946759596286	2.5220321658191742	0.10340139468789653	0.14929717801205925	0.03962695099445819	0.52242276550337241	0.57894335312924061
959	9	0.64742842345981233	1.3739030105331629	0.51003103217913026	2.8816431360102888	3.1127028693801497	0.05149476551091766	0.067721589852887426	0.026549658320559565	0.54501168182176118	0.64196065269333746
960	4	0.33213894969740659	0.19136950043266002	0.2146694474971762	0.85476821311544637	0.84654256188004928	0.15432159194464337	0.0073821425435557199	0.0049351561769580806	0.62718401837456272	0.62524034046136878
961	5	0.3944440717197677	0.22372517407021295	0.19445321028948581	0.20621975306478629	0.25587185831907405	0.20622822112162226	0.074193445615616097	0.061241453138059662	0.60459510205617395	0.56222304089727193
962	5	0.10607150383200623	0.14214022981720362	0.046171982437648584	0.45813249813509715	0.37002522019283624	0.16674687002508307	0.0048763122744029195	0.057567703739482522	0.53817501574344306	0.52731415457199771
963	6	0.16837662585436736	0.10978455617965086	0.025955745229958204	0.19041596191556298	0.22064548336813861	0.21865349920206195	0.08645190043357473	0.0086089055755352497	0.51558609942505418	0.4642968550079008
964	5	0.15999212921189482	0.08469491342799966	0.11922744962633218	0.10343283947622392	0.12539848245317145	0.017482878483963134	0.017256589287332928	0.029858943211555168	0.72837930319025657	0.50309504500558588
965	6	0.22229725123425595	0.052339239790446725	0.099011212418641803	0.54511562057443674	0.46527222110780364	0.069389507660941985	0.098832177446504771	0.036317666103462598	0.70579038687186768	0.44007774544148892
966	6	0.066075316653505467	0.41820464367786342	0.049270015433195383	0.29320287550412527	0.35111885923404113	0.029908156564402804	0.029515044105291578	0.082491490774079607	0.63937030055913679	0.40516885911621481
967	7	0.0037701946311443635	0.3858489700403106	0.069486252640885773	0.94175133555478574	0.94178956279501624	0.081814785741381665	0.1110906322644634	0.01631488145906183	0.61678138424074791	0.3421515595521179
968	5	0.1346084738990411	0.029517398230815783	0.14730369212556266	0.27322899065836748	0.25580260417991502	0.099803063146963411	0.084413176125758854	0.0070349816039141618	0.55800115759149871	0.47193428999022508
969	6	0.1969135959214022	0.0028382754067371565	0.12708745491787227	0.3753194693922931	0.3348680993810601	0.15170969232394227	0.16598876428493065	0.059141627711103595	0.53541224127310993	0.40891699042612811
970	6	0.091458971966359187	0.36302712848067953	0.021193772933964961	0.12340672432198171	0.22071473750729761	0.11222834122740308	0.096671630943717488	0.059667529166438603	0.46899215496037899	0.374008104100854
971	7	0.029153849943998066	0.33067145484312671	0.041410010141655351	0.7719551843726421	0.81138544106827248	0.16413497040438191	0.17824721910288929	0.0065090801485791685	0.44640323864199016	0.31099080453675704
972	6	0.037538346586470629	0.3055818120914755	0.051861694254718593	0.4781063829808555	0.46534147524696268	0.037035650313716841	0.10905190795664751	0.031958768638511249	0.65919644240719255	0.34978899453444218
973	7	0.024766775435890499	0.27322613845392257	0.031645457047028216	1.1266548430315158	1.0560121788079377	0.014870978863262014	0.19062749611581933	0.034217840676506517	0.63660752608880367	0.28677169497034521
974	7	0.26360579245187094	0.63909154234133925	0.11663577080480894	0.8747420979612045	0.94185881693417506	0.024610372233277167	0.12131036277460616	0.084591316201035688	0.57018743977607278	0.2518628086450711
975	8	0.20130067042950986	0.60673586870378649	0.13685200801249933	1.523290558011865	1.5325295204951503	0.027296256943701684	0.20288595093377798	0.018414706886017908	0.54759852345768401	0.18884550908097422
976	5	0.01670465739262169	0.28207017398788398	0.045991587999694217	0.013171053841965551	0.098761382212848942	0.084718226998849927	0.034542450775368085	0.039473327273416722	0.32568023942157476	0.35339935106057008
977	6	0.045600464629739393	0.24971450035033102	0.025775350792003836	0.63537740620869465	0.68943208577382431	0.13662485617582881	0.047033137383803755	0.026703282041601051	0.30309132310318604	0.29038205149647311
978	6	0.24277210325802204	0.61557990423774778	0.12250587705983333	0.38346466113838329	0.57527872390006163	0.097143505079289594	0.022283995957409437	0.092105874835941154	0.2366712367904551	0.25547316517119911
979	7	0.18046698123566091	0.5832242306001949	0.14272211426752374	1.0320131211890438	1.1659494274610367	0.14905013425626845	0.059291592201762389	0.025929265520923395	0.21408232047206627	0.19245586560710215
980	6	0.18885147787813344	0.55813458784854375	0.04945040987114975	0.73816431979725705	0.81990546163972677	0.052120486461830304	0.0099037189444794171	0.0643971143080138	0.4268755242372686	0.23125405560478723
981	7	0.12654635585577229	0.52577891421099088	0.069666647078840141	1.3867127798479175	1.4105761652007021	0.0002138572848514486	0.071671869214692402	0.0017794950070039652	0.40428660791887977	0.1682367560406903
982	7	0.41491892374353379	0.8916443180984075	0.21794787493067735	1.1348000347776062	1.2964228033269394	0.039695208381390637	0.0023547358734792218	0.1170296618705382	0.33786652160614883	0.13332786971541619
983	8	0.35261380172117263	0.85928864446085473	0.23816411213836775	1.7833484948282667	1.8870935068879144	0.012211420795588217	0.083930324032651035	0.050853052555520459	0.31527760528776005	0.070310570151319252
984	6	0.21423513319098716	0.5029570726513598	0.021374167371919328	0.5683681686151133	0.68950133991298324	0.03019969820116996	0.057252867893946499	0.041573152700372804	0.25649737863851091	0.20009330058942645
985	7	0.15193001116862603	0.47060139901380699	0.041590404579609719	1.2169166286657738	1.2801720434739583	0.082106327378148811	0.13882845605311833	0.02460345661464497	0.23390846232012211	0.13707600102532949
986	7	0.44030257905638753	0.83646680290122366	0.18987163243144684	0.96500388359546252	1.1660186816001956	0.042624976281609626	0.069511322711905146	0.094205700262897235	0.16748837600739122	0.10216711470005538
987	8	0.37799745703402643	0.8041111292636709	0.21008786963913728	1.613552343646123	1.7566893851611709	0.094531605458588477	0.15108691087107698	0.028029090947879476	0.14489945968900239	0.039149815135958402
988	7	0.38638195367649891	0.77902148651201952	0.11681616524276328	1.3197035422543362	1.4106454193398608	0.10663901525951025	0.081891599724835146	0.066496939734969882	0.3576926634542047	0.077948005133643528
989	8	0.32407683165413775	0.74666581287446676	0.13703240245045367	1.9682520023049968	2.0013161229008363	0.054732386082531427	0.16346718788400696	0.00032033041995211677	0.33510374713581587	0.014930705569546556
990	8	0.61244939954189925	1.1125312167618833	0.2853136303022909	1.7163392572346854	1.8871627610270736	0.094213737179070584	0.094150054542793793	0.11912948729749429	0.26868366082308492	0.019978180755727534
991	9	0.55014427751953821	1.0801755431243305	0.30552986750998129	2.3648877172853453	2.4778334645880489	0.042307108002091753	0.17572564270196564	0.05295287798247654	0.24609474450469621	0.082995480319824441
992	5	0.07061152729234163	0.42450061399945171	0.038510624087381172	0.13493329091590081	0.15339125540631554	0.11932045025112976	0.031150212093822665	0.020286334533689953	0.42096432630118585	0.61462296092436719
993	6	0.13291664931470276	0.3921449403618989	0.058726861295071563	0.78348175096656114	0.74406195896729077	0.17122707942810861	0.050425376065349158	0.086462943848707716	0.39837540998279708	0.55160566136027023
994	6	0.15545591857305868	0.75801034424931557	0.20700808914690877	0.53156900589624978	0.62990859709352831	0.13174572833156942	0.018891757275864014	0.032346213028834482	0.33195532367006619	0.51669677503499611
995	7	0.093150796550697579	0.7256546706117627	0.22722432635459916	1.18011746594691	1.2205793006545034	0.1836523575085483	0.062683830883307798	0.033830396286183284	0.30936640735167736	0.45367947547089915
996	6	0.10153529319317009	0.70056502786011143	0.13395262195822516	0.88626866455512354	0.87453533483319335	0.017518263209550487	0.0065114802629340079	0.0046374525009071216	0.5221596111168797	0.49247766546858429
997	7	0.039230171170808972	0.66820935422255867	0.15416885916591555	1.5348171246057842	1.4652060383941685	0.03438836596742835	0.075064107896237811	0.061539156814110617	0.49957069479849087	0.42946036590448733
998	7	0.3276027390585704	1.0340747581099752	0.30245008701775278	1.2829043795354724	1.3510526765204058	0.0050929851291108162	0.0057469745550246341	0.057270000063431567	0.43315060848575992	0.39455147957921316
999	8	0.2652976170362093	1.0017190844724222	0.32266632422544311	1.931452839586133	1.9417233800813811	0.04681364404786803	0.087322562714196444	0.0089066092515862061	0.4105616921673711	0.3315341800151162
1000	6	0.12691894850602384	0.6453875126629276	0.10587637945899471	0.7164725133729799	0.74413121310644981	0.064801921453449762	0.060645106575491915	0.018186509106733872	0.35178146551812189	0.46131691045322343
1001	7	0.064613826483662734	0.61303183902537473	0.12609261666668509	1.3650209734236405	1.3348019166674248	0.11670855063042862	0.14222069473466373	0.084363118421751634	0.32919254919973306	0.39829961088912647
1002	7	0.35298639437142415	0.97889724291279134	0.27437384451852231	1.1131082283533289	1.2206485547936623	0.077227199533889443	0.072903561393450556	0.034446038455790563	0.26277246288700223	0.36339072456385241
1003	8	0.29068127234906305	0.94654156927523836	0.2945900817262127	1.7616566884039895	1.8113192583546376	0.12913382871086831	0.15447914955262237	0.031730570859227203	0.24018354656861343	0.30037342499975545
1004	7	0.29906576899153559	0.92145192652358732	0.20131837732983873	1.4678078870122029	1.4652752925333277	0.072036792007230468	0.085283838406380569	0.0067372779278632028	0.45297675033381574	0.33917161499744053
1005	8	0.23676064696917445	0.88909625288603455	0.22153461453752912	2.116356347062863	2.0559459960943025	0.020130162830251607	0.16685942656555239	0.05943933138715455	0.43038783401542691	0.27615431543334357
1006	8	0.52513321485693587	1.254961656773451	0.36981584238936627	1.8644436019925519	1.94179263422054	0.059611513926790795	0.097542293224339202	0.059369825490387648	0.36396774770269602	0.24124542910806951
1007	9	0.46282809283457488	1.2226059831358982	0.39003207959705666	2.5129920620432125	2.5324633377815156	0.0077048847498119351	0.17911788138351104	0.0068067838246301249	0.34137883138430719	0.17822812954397255
1008	6	0.2782320797976866	0.89794028841999585	0.20718848358486311	0.97653045018938156	1.0986951994992138	0.049717085305336292	0.058310520325635017	0.014251836562768678	0.11946054734819803	0.34278197152356848
1009	7	0.2159269577753255	0.86558461478244308	0.2274047207925535	1.6250789102400423	1.6893659030601893	0.10162371448231515	0.023265067833536792	0.051924772752249083	0.096871631029809252	0.27976467195947152
1010	7	0.50429952566308711	1.2314500186698596	0.37568594864439064	1.3731661651697304	1.5752125411864264	0.062142363385775966	0.046052065507676376	0.066884384125293114	0.030451544717078317	0.24485578563419744
1011	8	0.44199440364072584	1.1990943450323066	0.39590218585208103	2.0217146252203912	2.1658832447474019	0.11404899256275484	0.035523522651495443	0.00070777481027534952	0.0078626283986894981	0.1818384860701005
1012	7	0.45037890028319849	1.1740047022806555	0.30263048145570715	1.7278658238286044	1.8198392789260918	0.087121628155343939	0.03367178849474637	0.039175623597365761	0.22065583216389184	0.22063667606778559
1013	8	0.38807377826083733	1.1416490286431027	0.32284671866339748	2.376414283879265	2.410509982487067	0.035214998978365074	0.04790379966442547	0.027000985717652005	0.19806691584550301	0.15761937650368868
1014	8	0.67644634614859878	1.5075144325305192	0.4711279465152346	2.1245015388089534	2.2963566206133046	0.074696350074904258	0.021413333676787709	0.091808171159890192	0.13164682953277212	0.12271049017841458
1015	9	0.61414122412623762	1.4751587588929662	0.49134418372292499	2.7730499988596136	2.8870273241742792	0.022789720897925424	0.060162254482384103	0.02563156184487243	0.1090579132143833	0.059693190614317625
1016	7	0.47576255559605213	1.1188271870834714	0.27455423895647668	1.5580696726464605	1.6894351571993482	0.0048014434923436709	0.033484798343679546	0.016351661989724757	0.050277686565134094	0.18947592105242481
1017	8	0.41345743357369108	1.0864715134459189	0.29477047616416707	2.206618132697121	2.2801058607603233	0.047105185684635176	0.11506038650285137	0.049824947325293002	0.02768877024674532	0.12645862148832787
1018	8	0.70183000146145247	1.4523369173333354	0.44305170401600413	1.9547053876268095	2.1659524988865608	0.0076238345880959959	0.0457432531616382	0.068984209552249195	0.038731316065985608	0.091549735163053758
1019	9	0.63952487943909142	1.4199812436957824	0.46326794122369452	2.6032538476774705	2.7566232024475359	0.059530463765074849	0.12731884132081003	0.0028076002372314306	0.06132023238437443	0.028532435598956785
1020	8	0.64790937608156385	1.3948916009441312	0.36999623682732063	2.3094050462856837	2.410579236626226	0.1416401569530239	0.058123530174568214	0.041275449024321842	0.15147297138082788	0.067330625596641908
1021	9	0.5856042540592028	1.3625359273065787	0.39021247403501103	2.9579535063363438	3.001249940187201	0.089733527776045055	0.13969911833374002	0.024901160290695924	0.12888405506243908	0.0043133260325449426
1022	9	0.87397682194696424	1.7284013311939952	0.53849370188684831	2.7060407612660327	2.8870965783134386	0.12921487887258426	0.070381984992526861	0.093907996586846273	0.062463968749708144	0.030595560292729151
1023	10	0.8116716999246032	1.6960456575564422	0.55870993909453859	3.3545892213166928	3.4777672818744136	0.077308249695605374	0.15195757315169867	0.027731387271828511	0.03987505243131937	0.093612859856826061
