mask	swap_count	signed_delta__24S_OHC__25_OHC	signed_delta__24S_OHC__27_OHC	signed_delta__24S_OHC__7B_OHC	signed_delta__24S_OHC__7_KC	signed_delta__25_OHC__27_OHC	signed_delta__25_OHC__7B_OHC	signed_delta__25_OHC__7_KC	signed_delta__27_OHC__7B_OHC	signed_delta__27_OHC__7_KC	signed_delta__7B_OHC__7_KC	abs_delta__24S_OHC__25_OHC	abs_delta__24S_OHC__27_OHC	abs_delta__24S_OHC__7B_OHC	abs_delta__24S_OHC__7_KC	abs_delta__25_OHC__27_OHC	abs_delta__25_OHC__7B_OHC	abs_delta__25_OHC__7_KC	abs_delta__27_OHC__7B_OHC	abs_delta__27_OHC__7_KC	abs_delta__7B_OHC__7_KC	maxT_abs_delta
0	0	0.33939393939393936	0.46060606060606057	-0.31515151515151513	-0.16969696969696968	0.32727272727272716	-0.012121212121212088	0.13333333333333336	0.49696969696969689	0.43636363636363629	0.21818181818181825	0.33939393939393936	0.46060606060606057	0.31515151515151513	0.16969696969696968	0.32727272727272716	0.012121212121212088	0.13333333333333336	0.49696969696969689	0.43636363636363629	0.21818181818181825	0.49696969696969689
1	1	0.30303030303030298	0.36363636363636365	-0.10909090909090907	0.012121212121212088	0.25454545454545452	0.072727272727272751	0.24242424242424238	0.52121212121212113	0.49696969696969695	0.21818181818181825	0.30303030303030298	0.36363636363636365	0.10909090909090907	0.012121212121212088	0.25454545454545452	0.072727272727272751	0.24242424242424238	0.52121212121212113	0.49696969696969695	0.21818181818181825	0.52121212121212113
2	1	0.19393939393939391	0.13333333333333319	-0.18181818181818177	-0.15757575757575759	0.14545454545454539	0.23030303030303045	0.23030303030303023	0.33939393939393936	0.26666666666666672	0.18181818181818188	0.19393939393939391	0.13333333333333319	0.18181818181818177	0.15757575757575759	0.14545454545454539	0.23030303030303045	0.23030303030303023	0.33939393939393936	0.26666666666666672	0.18181818181818188	0.33939393939393936
3	2	0.15757575757575759	0.060606060606060552	-0.036363636363636431	-0.024242424242424232	0.08484848484848484	0.2787878787878787	0.29090909090909101	0.32727272727272727	0.29090909090909078	0.18181818181818188	0.15757575757575759	0.060606060606060552	0.036363636363636431	0.024242424242424232	0.08484848484848484	0.2787878787878787	0.29090909090909101	0.32727272727272727	0.29090909090909078	0.18181818181818188	0.32727272727272727
4	1	0.23030303030303029	0.33939393939393936	-0.25454545454545452	-0.16969696969696971	0.21818181818181809	-0.024242424242424176	0.12121212121212116	0.50909090909090904	0.47272727272727272	0.21818181818181825	0.23030303030303029	0.33939393939393936	0.25454545454545452	0.16969696969696971	0.21818181818181809	0.024242424242424176	0.12121212121212116	0.50909090909090904	0.47272727272727272	0.21818181818181825	0.50909090909090904
5	2	0.19393939393939391	0.26666666666666661	-0.08484848484848484	-0.024242424242424232	0.15757575757575748	0.048484848484848464	0.2181818181818182	0.53333333333333321	0.53333333333333321	0.21818181818181825	0.19393939393939391	0.26666666666666661	0.08484848484848484	0.024242424242424232	0.15757575757575748	0.048484848484848464	0.2181818181818182	0.53333333333333321	0.53333333333333321	0.21818181818181825	0.53333333333333321
6	2	0.048484848484848408	0.036363636363636376	-0.15757575757575759	-0.16969696969696968	0.048484848484848464	0.21818181818181814	0.21818181818181825	0.3515151515151515	0.29090909090909101	0.18181818181818188	0.048484848484848408	0.036363636363636376	0.15757575757575759	0.16969696969696968	0.048484848484848464	0.21818181818181814	0.21818181818181825	0.3515151515151515	0.29090909090909101	0.18181818181818188	0.3515151515151515
7	3	0.012121212121212088	-0.036363636363636487	-0.024242424242424288	-0.04848484848484852	0	0.25454545454545452	0.26666666666666661	0.33939393939393936	0.31515151515151518	0.18181818181818188	0.012121212121212088	0.036363636363636487	0.024242424242424288	0.04848484848484852	0	0.25454545454545452	0.26666666666666661	0.33939393939393936	0.31515151515151518	0.18181818181818188	0.33939393939393936
8	1	0.37575757575757568	0.29090909090909089	-0.36363636363636359	-0.23030303030303029	0.29090909090909101	0.012121212121212088	0.10909090909090902	0.1333333333333333	0.23030303030303023	0.13333333333333319	0.37575757575757568	0.29090909090909089	0.36363636363636359	0.23030303030303029	0.29090909090909101	0.012121212121212088	0.10909090909090902	0.1333333333333333	0.23030303030303023	0.13333333333333319	0.37575757575757568
9	2	0.3393939393939393	0.21818181818181814	-0.21818181818181814	-0.10909090909090902	0.27878787878787892	0.08484848484848484	0.20606060606060606	0.19393939393939386	0.29090909090909089	0.13333333333333319	0.3393939393939393	0.21818181818181814	0.21818181818181814	0.10909090909090902	0.27878787878787892	0.08484848484848484	0.20606060606060606	0.19393939393939386	0.29090909090909089	0.13333333333333319	0.3393939393939393
10	2	0.2181818181818182	0	-0.2787878787878787	-0.23030303030303029	0.13333333333333341	0.21818181818181825	0.19393939393939397	0.036363636363636376	0.10909090909090913	0.096969696969696928	0.2181818181818182	0	0.2787878787878787	0.23030303030303029	0.13333333333333341	0.21818181818181825	0.19393939393939397	0.036363636363636376	0.10909090909090913	0.096969696969696928	0.2787878787878787
11	3	0.18181818181818182	-0.072727272727272751	-0.16969696969696968	-0.1333333333333333	0.10909090909090902	0.25454545454545463	0.24242424242424243	0.060606060606060663	0.1333333333333333	0.096969696969696928	0.18181818181818182	0.072727272727272751	0.16969696969696968	0.1333333333333333	0.10909090909090902	0.25454545454545463	0.24242424242424243	0.060606060606060663	0.1333333333333333	0.096969696969696928	0.25454545454545463
12	2	0.23030303030303023	0.14545454545454539	-0.33939393939393925	-0.25454545454545452	0.23030303030303034	0.024242424242424288	0.12121212121212133	0.1333333333333333	0.25454545454545452	0.13333333333333319	0.23030303030303023	0.14545454545454539	0.33939393939393925	0.25454545454545452	0.23030303030303034	0.024242424242424288	0.12121212121212133	0.1333333333333333	0.25454545454545452	0.13333333333333319	0.33939393939393925
13	3	0.19393939393939397	0.072727272727272751	-0.20606060606060606	-0.14545454545454539	0.20606060606060594	0.10909090909090913	0.23030303030303034	0.16969696969696968	0.29090909090909089	0.13333333333333319	0.19393939393939397	0.072727272727272751	0.20606060606060606	0.14545454545454539	0.20606060606060594	0.10909090909090913	0.23030303030303034	0.16969696969696968	0.29090909090909089	0.13333333333333319	0.29090909090909089
14	3	0.08484848484848484	-0.1212121212121211	-0.26666666666666661	-0.24242424242424243	0.060606060606060663	0.20606060606060594	0.18181818181818199	0.036363636363636265	0.12121212121212122	0.096969696969696928	0.08484848484848484	0.1212121212121211	0.26666666666666661	0.24242424242424243	0.060606060606060663	0.20606060606060594	0.18181818181818199	0.036363636363636265	0.12121212121212122	0.096969696969696928	0.26666666666666661
15	4	0.048484848484848464	-0.21818181818181814	-0.14545454545454539	-0.1333333333333333	0.024242424242424176	0.25454545454545452	0.24242424242424254	0.036363636363636487	0.12121212121212133	0.096969696969696928	0.048484848484848464	0.21818181818181814	0.14545454545454539	0.1333333333333333	0.024242424242424176	0.25454545454545452	0.24242424242424254	0.036363636363636487	0.12121212121212133	0.096969696969696928	0.25454545454545452
16	1	0.084848484848484895	0.33939393939393941	-0.47272727272727266	-0.25454545454545452	0.15757575757575759	-0.024242424242424176	0.012121212121212088	0.3393939393939393	0.2181818181818182	0.1454545454545455	0.084848484848484895	0.33939393939393941	0.47272727272727266	0.25454545454545452	0.15757575757575759	0.024242424242424176	0.012121212121212088	0.3393939393939393	0.2181818181818182	0.1454545454545455	0.47272727272727266
17	2	0.04848484848484852	0.24242424242424232	-0.26666666666666666	-0.072727272727272696	0.096969696969696928	0.060606060606060663	0.12121212121212122	0.37575757575757568	0.29090909090909078	0.1454545454545455	0.04848484848484852	0.24242424242424232	0.26666666666666666	0.072727272727272696	0.096969696969696928	0.060606060606060663	0.12121212121212122	0.37575757575757568	0.29090909090909078	0.1454545454545455	0.37575757575757568
18	2	-0.048484848484848464	0.060606060606060663	-0.32727272727272722	-0.23030303030303034	0.036363636363636376	0.20606060606060606	0.12121212121212122	0.23030303030303023	0.10909090909090924	0.13333333333333341	0.048484848484848464	0.060606060606060663	0.32727272727272722	0.23030303030303034	0.036363636363636376	0.20606060606060606	0.12121212121212122	0.23030303030303023	0.10909090909090924	0.13333333333333341	0.32727272727272722
19	3	-0.084848484848484895	-0.012121212121212199	-0.18181818181818177	-0.096969696969696928	-0.012121212121212088	0.25454545454545463	0.18181818181818177	0.23030303030303045	0.14545454545454539	0.13333333333333341	0.084848484848484895	0.012121212121212199	0.18181818181818177	0.096969696969696928	0.012121212121212088	0.25454545454545463	0.18181818181818177	0.23030303030303045	0.14545454545454539	0.13333333333333341	0.25454545454545463
20	2	-0.012121212121212088	0.18181818181818177	-0.39999999999999991	-0.24242424242424238	0.048484848484848353	-0.048484848484848464	-0.012121212121212088	0.33939393939393936	0.24242424242424232	0.1454545454545455	0.012121212121212088	0.18181818181818177	0.39999999999999991	0.24242424242424238	0.048484848484848353	0.048484848484848464	0.012121212121212088	0.33939393939393936	0.24242424242424232	0.1454545454545455	0.39999999999999991
21	3	-0.048484848484848464	0.10909090909090902	-0.23030303030303023	-0.096969696969696928	0	0.024242424242424288	0.08484848484848484	0.37575757575757573	0.31515151515151507	0.1454545454545455	0.048484848484848464	0.10909090909090902	0.23030303030303023	0.096969696969696928	0	0.024242424242424288	0.08484848484848484	0.37575757575757573	0.31515151515151507	0.1454545454545455	0.37575757575757573
22	3	-0.18181818181818177	-0.072727272727272751	-0.29090909090909078	-0.23030303030303023	-0.060606060606060552	0.18181818181818199	0.096969696969697039	0.23030303030303023	0.12121212121212122	0.13333333333333341	0.18181818181818177	0.072727272727272751	0.29090909090909078	0.23030303030303023	0.060606060606060552	0.18181818181818199	0.096969696969697039	0.23030303030303023	0.12121212121212122	0.13333333333333341	0.29090909090909078
23	4	-0.21818181818181814	-0.1454545454545455	-0.15757575757575759	-0.10909090909090902	-0.096969696969696928	0.21818181818181814	0.14545454545454539	0.23030303030303023	0.15757575757575748	0.13333333333333341	0.21818181818181814	0.1454545454545455	0.15757575757575759	0.10909090909090902	0.096969696969696928	0.21818181818181814	0.14545454545454539	0.23030303030303023	0.15757575757575748	0.13333333333333341	0.23030303030303023
24	2	0.16969696969696957	0.16969696969696968	-0.47272727272727277	-0.2666666666666665	0.16969696969696968	0	0.024242424242424288	0.036363636363636376	0.060606060606060663	0.060606060606060552	0.16969696969696957	0.16969696969696968	0.47272727272727277	0.2666666666666665	0.16969696969696968	0	0.024242424242424288	0.036363636363636376	0.060606060606060663	0.060606060606060552	0.47272727272727277
25	3	0.1333333333333333	0.096969696969696928	-0.32727272727272716	-0.14545454545454539	0.1454545454545455	0.07272727272727264	0.12121212121212122	0.08484848484848484	0.10909090909090924	0.060606060606060552	0.1333333333333333	0.096969696969696928	0.32727272727272716	0.14545454545454539	0.1454545454545455	0.07272727272727264	0.12121212121212122	0.08484848484848484	0.10909090909090924	0.060606060606060552	0.32727272727272716
26	3	0.024242424242424288	-0.096969696969697039	-0.37575757575757585	-0.25454545454545452	0.048484848484848575	0.19393939393939386	0.12121212121212133	-0.036363636363636376	-0.024242424242424176	0.048484848484848464	0.024242424242424288	0.096969696969697039	0.37575757575757585	0.25454545454545452	0.048484848484848575	0.19393939393939386	0.12121212121212133	0.036363636363636376	0.024242424242424176	0.048484848484848464	0.37575757575757585
27	4	-0.012121212121212199	-0.16969696969696968	-0.26666666666666672	-0.15757575757575759	0.012121212121212088	0.23030303030303034	0.16969696969696979	-0.024242424242424176	-0.012121212121211977	0.048484848484848464	0.012121212121212199	0.16969696969696968	0.26666666666666672	0.15757575757575759	0.012121212121212088	0.23030303030303034	0.16969696969696979	0.024242424242424176	0.012121212121211977	0.048484848484848464	0.26666666666666672
28	3	0.036363636363636376	0.012121212121212199	-0.43636363636363645	-0.2787878787878787	0.10909090909090902	0	0.024242424242424176	0.024242424242424288	0.072727272727272751	0.060606060606060552	0.036363636363636376	0.012121212121212199	0.43636363636363645	0.2787878787878787	0.10909090909090902	0	0.024242424242424176	0.024242424242424288	0.072727272727272751	0.060606060606060552	0.43636363636363645
29	4	0	-0.060606060606060552	-0.30303030303030309	-0.16969696969696968	0.072727272727272751	0.084848484848484729	0.13333333333333341	0.048484848484848575	0.096969696969696928	0.060606060606060552	0	0.060606060606060552	0.30303030303030309	0.16969696969696968	0.072727272727272751	0.084848484848484729	0.13333333333333341	0.048484848484848575	0.096969696969696928	0.060606060606060552	0.30303030303030309
30	4	-0.096969696969696928	-0.23030303030303023	-0.35151515151515134	-0.25454545454545452	-0.024242424242424176	0.16969696969696979	0.096969696969697039	-0.048484848484848464	-0.024242424242424176	0.048484848484848464	0.096969696969696928	0.23030303030303023	0.35151515151515134	0.25454545454545452	0.024242424242424176	0.16969696969696979	0.096969696969697039	0.048484848484848464	0.024242424242424176	0.048484848484848464	0.35151515151515134
31	5	-0.1333333333333333	-0.32727272727272722	-0.23030303030303023	-0.14545454545454539	-0.07272727272727264	0.21818181818181814	0.15757575757575759	-0.060606060606060663	-0.036363636363636487	0.048484848484848464	0.1333333333333333	0.32727272727272722	0.23030303030303023	0.14545454545454539	0.07272727272727264	0.21818181818181814	0.15757575757575759	0.060606060606060663	0.036363636363636487	0.048484848484848464	0.32727272727272722
32	1	0.096969696969697039	0.30303030303030293	-0.46060606060606046	-0.33939393939393936	0.26666666666666655	-0.19393939393939397	-0.1212121212121211	0.206060606060606	0.12121212121212122	0.13333333333333319	0.096969696969697039	0.30303030303030293	0.46060606060606046	0.33939393939393936	0.26666666666666655	0.19393939393939397	0.1212121212121211	0.206060606060606	0.12121212121212122	0.13333333333333319	0.46060606060606046
33	2	0.060606060606060663	0.20606060606060606	-0.25454545454545441	-0.15757575757575759	0.19393939393939386	-0.10909090909090913	-0.012121212121212088	0.24242424242424238	0.19393939393939397	0.13333333333333319	0.060606060606060663	0.20606060606060606	0.25454545454545441	0.15757575757575759	0.19393939393939386	0.10909090909090913	0.012121212121212088	0.24242424242424238	0.19393939393939397	0.13333333333333319	0.25454545454545441
34	2	-0.036363636363636376	0.024242424242424288	-0.31515151515151513	-0.29090909090909089	0.096969696969697039	0.048484848484848575	0.036363636363636487	0.10909090909090913	0.012121212121212088	0.12121212121212133	0.036363636363636376	0.024242424242424288	0.31515151515151513	0.29090909090909089	0.096969696969697039	0.048484848484848575	0.036363636363636487	0.10909090909090913	0.012121212121212088	0.12121212121212133	0.31515151515151513
35	3	-0.072727272727272807	-0.048484848484848464	-0.16969696969696968	-0.15757575757575759	0.036363636363636376	0.096969696969696928	0.096969696969696817	0.10909090909090913	0.048484848484848464	0.12121212121212133	0.072727272727272807	0.048484848484848464	0.16969696969696968	0.15757575757575759	0.036363636363636376	0.096969696969696928	0.096969696969696817	0.10909090909090913	0.048484848484848464	0.12121212121212133	0.16969696969696968
36	2	0	0.16969696969696968	-0.38787878787878788	-0.31515151515151507	0.15757575757575748	-0.20606060606060606	-0.1333333333333333	0.21818181818181814	0.15757575757575759	0.13333333333333319	0	0.16969696969696968	0.38787878787878788	0.31515151515151507	0.15757575757575748	0.20606060606060606	0.1333333333333333	0.21818181818181814	0.15757575757575759	0.13333333333333319	0.38787878787878788
37	3	-0.036363636363636376	0.096969696969696928	-0.2181818181818182	-0.16969696969696962	0.096969696969696817	-0.13333333333333341	-0.036363636363636265	0.25454545454545446	0.23030303030303023	0.13333333333333319	0.036363636363636376	0.096969696969696928	0.2181818181818182	0.16969696969696962	0.096969696969696817	0.13333333333333341	0.036363636363636265	0.25454545454545446	0.23030303030303023	0.13333333333333319	0.25454545454545446
38	3	-0.16969696969696968	-0.08484848484848484	-0.27878787878787875	-0.30303030303030293	0	0.036363636363636265	0.024242424242424176	0.12121212121212122	0.036363636363636265	0.12121212121212133	0.16969696969696968	0.08484848484848484	0.27878787878787875	0.30303030303030293	0	0.036363636363636265	0.024242424242424176	0.12121212121212122	0.036363636363636265	0.12121212121212133	0.30303030303030293
39	4	-0.20606060606060606	-0.1575757575757577	-0.14545454545454539	-0.18181818181818171	-0.048484848484848464	0.072727272727272751	0.07272727272727264	0.12121212121212122	0.07272727272727264	0.12121212121212133	0.20606060606060606	0.1575757575757577	0.14545454545454539	0.18181818181818171	0.048484848484848464	0.072727272727272751	0.07272727272727264	0.12121212121212122	0.07272727272727264	0.12121212121212133	0.20606060606060606
40	2	0.18181818181818177	0.1333333333333333	-0.46060606060606063	-0.36363636363636348	0.23030303030303034	-0.12121212121212133	-0.08484848484848484	-0.08484848484848484	-0.012121212121212088	0.048484848484848575	0.18181818181818177	0.1333333333333333	0.46060606060606063	0.36363636363636348	0.23030303030303034	0.12121212121212133	0.08484848484848484	0.08484848484848484	0.012121212121212088	0.048484848484848575	0.46060606060606063
41	3	0.14545454545454539	0.060606060606060663	-0.31515151515151507	-0.24242424242424232	0.21818181818181825	-0.048484848484848464	0.012121212121212088	-0.036363636363636265	0.036363636363636376	0.048484848484848575	0.14545454545454539	0.060606060606060663	0.31515151515151507	0.24242424242424232	0.21818181818181825	0.048484848484848464	0.012121212121212088	0.036363636363636265	0.036363636363636376	0.048484848484848575	0.31515151515151507
42	3	0.036363636363636376	-0.10909090909090902	-0.36363636363636354	-0.35151515151515145	0.084848484848484951	0.084848484848484729	0.036363636363636154	-0.14545454545454539	-0.096969696969697039	0.036363636363636376	0.036363636363636376	0.10909090909090902	0.36363636363636354	0.35151515151515145	0.084848484848484951	0.084848484848484729	0.036363636363636154	0.14545454545454539	0.096969696969697039	0.036363636363636376	0.36363636363636354
43	4	0	-0.18181818181818199	-0.25454545454545452	-0.25454545454545452	0.060606060606060552	0.12121212121212133	0.084848484848484951	-0.13333333333333341	-0.084848484848484729	0.036363636363636376	0	0.18181818181818199	0.25454545454545452	0.25454545454545452	0.060606060606060552	0.12121212121212133	0.084848484848484951	0.13333333333333341	0.084848484848484729	0.036363636363636376	0.25454545454545452
44	3	0.048484848484848353	-0.024242424242424176	-0.42424242424242409	-0.36363636363636354	0.16969696969696979	-0.10909090909090913	-0.072727272727272751	-0.08484848484848484	0.012121212121212199	0.048484848484848575	0.048484848484848353	0.024242424242424176	0.42424242424242409	0.36363636363636354	0.16969696969696979	0.10909090909090913	0.072727272727272751	0.08484848484848484	0.012121212121212199	0.048484848484848575	0.42424242424242409
45	4	0.012121212121212088	-0.096969696969696928	-0.29090909090909089	-0.25454545454545452	0.14545454545454539	-0.024242424242424176	0.036363636363636487	-0.060606060606060552	0.036363636363636376	0.048484848484848575	0.012121212121212088	0.096969696969696928	0.29090909090909089	0.25454545454545452	0.14545454545454539	0.024242424242424176	0.036363636363636487	0.060606060606060552	0.036363636363636376	0.048484848484848575	0.29090909090909089
46	4	-0.08484848484848484	-0.24242424242424232	-0.33939393939393936	-0.36363636363636354	0.012121212121212088	0.07272727272727264	0.024242424242424399	-0.1454545454545455	-0.084848484848484951	0.036363636363636376	0.08484848484848484	0.24242424242424232	0.33939393939393936	0.36363636363636354	0.012121212121212088	0.07272727272727264	0.024242424242424399	0.1454545454545455	0.084848484848484951	0.036363636363636376	0.36363636363636354
47	5	-0.1212121212121211	-0.3393939393939393	-0.21818181818181803	-0.25454545454545452	-0.024242424242424399	0.1212121212121211	0.084848484848484951	-0.1575757575757577	-0.096969696969696928	0.036363636363636376	0.1212121212121211	0.3393939393939393	0.21818181818181803	0.25454545454545452	0.024242424242424399	0.1212121212121211	0.084848484848484951	0.1575757575757577	0.096969696969696928	0.036363636363636376	0.3393939393939393
48	2	-0.096969696969696928	0.21818181818181814	-0.56969696969696959	-0.41212121212121211	0.10909090909090913	-0.19393939393939386	-0.18181818181818177	0.084848484848484729	-0.024242424242424176	0.084848484848484951	0.096969696969696928	0.21818181818181814	0.56969696969696959	0.41212121212121211	0.10909090909090913	0.19393939393939386	0.18181818181818177	0.084848484848484729	0.024242424242424176	0.084848484848484951	0.56969696969696959
49	3	-0.1333333333333333	0.12121212121212122	-0.36363636363636359	-0.23030303030303029	0.048484848484848464	-0.10909090909090902	-0.072727272727272751	0.1333333333333333	0.060606060606060552	0.084848484848484951	0.1333333333333333	0.12121212121212122	0.36363636363636359	0.23030303030303029	0.048484848484848464	0.10909090909090902	0.072727272727272751	0.1333333333333333	0.060606060606060552	0.084848484848484951	0.36363636363636359
50	3	-0.21818181818181814	-0.036363636363636376	-0.412121212121212	-0.3515151515151515	0	0.036363636363636376	-0.036363636363636154	0.036363636363636376	-0.096969696969697039	0.07272727272727264	0.21818181818181814	0.036363636363636376	0.412121212121212	0.3515151515151515	0	0.036363636363636376	0.036363636363636154	0.036363636363636376	0.096969696969697039	0.07272727272727264	0.412121212121212
51	4	-0.25454545454545446	-0.10909090909090913	-0.26666666666666661	-0.21818181818181814	-0.048484848484848575	0.084848484848484951	0.024242424242424176	0.048484848484848575	-0.048484848484848686	0.07272727272727264	0.25454545454545446	0.10909090909090913	0.26666666666666661	0.21818181818181814	0.048484848484848575	0.084848484848484951	0.024242424242424176	0.048484848484848575	0.048484848484848686	0.07272727272727264	0.26666666666666661
52	3	-0.18181818181818177	0.072727272727272751	-0.48484848484848464	-0.37575757575757568	0	-0.21818181818181814	-0.20606060606060594	0.08484848484848484	0	0.084848484848484951	0.18181818181818177	0.072727272727272751	0.48484848484848464	0.37575757575757568	0	0.21818181818181814	0.20606060606060594	0.08484848484848484	0	0.084848484848484951	0.48484848484848464
53	4	-0.21818181818181814	0	-0.31515151515151496	-0.23030303030303023	-0.048484848484848575	-0.14545454545454539	-0.10909090909090902	0.13333333333333341	0.08484848484848484	0.084848484848484951	0.21818181818181814	0	0.31515151515151496	0.23030303030303023	0.048484848484848575	0.14545454545454539	0.10909090909090902	0.13333333333333341	0.08484848484848484	0.084848484848484951	0.31515151515151496
54	4	-0.33939393939393941	-0.15757575757575759	-0.36363636363636354	-0.35151515151515161	-0.096969696969696928	0.01212121212121231	-0.060606060606060552	0.036363636363636265	-0.084848484848484951	0.07272727272727264	0.33939393939393941	0.15757575757575759	0.36363636363636354	0.35151515151515161	0.096969696969696928	0.01212121212121231	0.060606060606060552	0.036363636363636265	0.084848484848484951	0.07272727272727264	0.36363636363636354
55	5	-0.37575757575757573	-0.23030303030303023	-0.23030303030303023	-0.23030303030303023	-0.13333333333333341	0.048484848484848464	-0.012121212121212088	0.048484848484848242	-0.036363636363636376	0.07272727272727264	0.37575757575757573	0.23030303030303023	0.23030303030303023	0.23030303030303023	0.13333333333333341	0.048484848484848464	0.012121212121212088	0.048484848484848242	0.036363636363636376	0.07272727272727264	0.37575757575757573
56	3	0.012121212121212088	0.048484848484848464	-0.5454545454545453	-0.412121212121212	0.1212121212121211	-0.12121212121212122	-0.1333333333333333	-0.16969696969696968	-0.1333333333333333	0	0.012121212121212088	0.048484848484848464	0.5454545454545453	0.412121212121212	0.1212121212121211	0.12121212121212122	0.1333333333333333	0.16969696969696968	0.1333333333333333	0	0.5454545454545453
57	4	-0.024242424242424288	-0.024242424242424176	-0.40000000000000002	-0.29090909090909089	0.096969696969697039	-0.048484848484848575	-0.036363636363636487	-0.1333333333333333	-0.096969696969696928	0	0.024242424242424288	0.024242424242424176	0.40000000000000002	0.29090909090909089	0.096969696969697039	0.048484848484848575	0.036363636363636487	0.1333333333333333	0.096969696969696928	0	0.40000000000000002
58	4	-0.12121212121212122	-0.19393939393939397	-0.4363636363636364	-0.38787878787878782	0.01212121212121231	0.07272727272727264	-0.024242424242424176	-0.20606060606060606	-0.20606060606060606	-0.012121212121212088	0.12121212121212122	0.19393939393939397	0.4363636363636364	0.38787878787878782	0.01212121212121231	0.07272727272727264	0.024242424242424176	0.20606060606060606	0.20606060606060606	0.012121212121212088	0.4363636363636364
59	5	-0.15757575757575759	-0.2666666666666665	-0.32727272727272727	-0.29090909090909078	-0.024242424242424399	0.10909090909090913	0.024242424242424065	-0.20606060606060617	-0.20606060606060617	-0.012121212121212088	0.15757575757575759	0.2666666666666665	0.32727272727272727	0.29090909090909078	0.024242424242424399	0.10909090909090913	0.024242424242424065	0.20606060606060617	0.20606060606060617	0.012121212121212088	0.32727272727272727
60	4	-0.10909090909090902	-0.096969696969697039	-0.49696969696969701	-0.40000000000000008	0.060606060606060552	-0.12121212121212133	-0.13333333333333341	-0.18181818181818188	-0.12121212121212122	0	0.10909090909090902	0.096969696969697039	0.49696969696969701	0.40000000000000008	0.060606060606060552	0.12121212121212133	0.13333333333333341	0.18181818181818188	0.12121212121212122	0	0.49696969696969701
61	5	-0.1454545454545455	-0.16969696969696968	-0.36363636363636354	-0.29090909090909089	0.024242424242424288	-0.036363636363636487	-0.024242424242424065	-0.1696969696969699	-0.10909090909090913	0	0.1454545454545455	0.16969696969696968	0.36363636363636354	0.29090909090909089	0.024242424242424288	0.036363636363636487	0.024242424242424065	0.1696969696969699	0.10909090909090913	0	0.36363636363636354
62	5	-0.23030303030303045	-0.31515151515151507	-0.39999999999999991	-0.38787878787878782	-0.060606060606060552	0.048484848484848464	-0.048484848484848464	-0.21818181818181825	-0.20606060606060606	-0.012121212121212088	0.23030303030303045	0.31515151515151507	0.39999999999999991	0.38787878787878782	0.060606060606060552	0.048484848484848464	0.048484848484848464	0.21818181818181825	0.20606060606060606	0.012121212121212088	0.39999999999999991
63	6	-0.26666666666666672	-0.412121212121212	-0.2787878787878787	-0.27878787878787881	-0.10909090909090902	0.096969696969697039	0.01212121212121231	-0.24242424242424254	-0.23030303030303034	-0.012121212121212088	0.26666666666666672	0.412121212121212	0.2787878787878787	0.27878787878787881	0.10909090909090902	0.096969696969697039	0.01212121212121231	0.24242424242424254	0.23030303030303034	0.012121212121212088	0.412121212121212
64	1	0.25454545454545446	0.53333333333333333	-0.25454545454545452	-0.25454545454545457	0.39999999999999991	-0.036363636363636487	-0.012121212121212088	0.5454545454545453	0.39999999999999991	0.10909090909090902	0.25454545454545446	0.53333333333333333	0.25454545454545452	0.25454545454545457	0.39999999999999991	0.036363636363636487	0.012121212121212088	0.5454545454545453	0.39999999999999991	0.10909090909090902	0.5454545454545453
65	2	0.23030303030303029	0.43636363636363629	-0.096969696969697039	-0.10909090909090913	0.3393939393939393	0.036363636363636265	0.060606060606060663	0.5454545454545453	0.43636363636363629	0.10909090909090902	0.23030303030303029	0.43636363636363629	0.096969696969697039	0.10909090909090913	0.3393939393939393	0.036363636363636265	0.060606060606060663	0.5454545454545453	0.43636363636363629	0.10909090909090902	0.5454545454545453
66	2	0.13333333333333319	0.24242424242424232	-0.16969696969696968	-0.2181818181818182	0.24242424242424254	0.15757575757575748	0.12121212121212122	0.44848484848484843	0.25454545454545452	0.096969696969696928	0.13333333333333319	0.24242424242424232	0.16969696969696968	0.2181818181818182	0.24242424242424254	0.15757575757575748	0.12121212121212122	0.44848484848484843	0.25454545454545452	0.096969696969696928	0.44848484848484843
67	3	0.10909090909090902	0.16969696969696968	-0.048484848484848464	-0.096969696969696817	0.19393939393939397	0.19393939393939408	0.16969696969696979	0.412121212121212	0.25454545454545441	0.096969696969696928	0.10909090909090902	0.16969696969696968	0.048484848484848464	0.096969696969696817	0.19393939393939397	0.19393939393939408	0.16969696969696979	0.412121212121212	0.25454545454545441	0.096969696969696928	0.412121212121212
68	2	0.16969696969696968	0.39999999999999986	-0.206060606060606	-0.23030303030303029	0.27878787878787875	-0.036363636363636487	-0.012121212121212088	0.5454545454545453	0.39999999999999997	0.10909090909090902	0.16969696969696968	0.39999999999999986	0.206060606060606	0.23030303030303029	0.27878787878787875	0.036363636363636487	0.012121212121212088	0.5454545454545453	0.39999999999999997	0.10909090909090902	0.5454545454545453
69	3	0.14545454545454539	0.32727272727272727	-0.08484848484848484	-0.1212121212121211	0.23030303030303023	0.024242424242424176	0.048484848484848464	0.56969696969696959	0.46060606060606046	0.10909090909090902	0.14545454545454539	0.32727272727272727	0.08484848484848484	0.1212121212121211	0.23030303030303023	0.024242424242424176	0.048484848484848464	0.56969696969696959	0.46060606060606046	0.10909090909090902	0.56969696969696959
70	3	0.012121212121212088	0.1333333333333333	-0.1333333333333333	-0.23030303030303023	0.1333333333333333	0.15757575757575748	0.12121212121212122	0.42424242424242431	0.24242424242424243	0.096969696969696928	0.012121212121212088	0.1333333333333333	0.1333333333333333	0.23030303030303023	0.1333333333333333	0.15757575757575748	0.12121212121212122	0.42424242424242431	0.24242424242424243	0.096969696969696928	0.42424242424242431
71	4	-0.012121212121212088	0.060606060606060552	-0.024242424242424176	-0.12121212121212122	0.096969696969697039	0.18181818181818199	0.15757575757575748	0.412121212121212	0.26666666666666683	0.096969696969696928	0.012121212121212088	0.060606060606060552	0.024242424242424176	0.12121212121212122	0.096969696969697039	0.18181818181818199	0.15757575757575748	0.412121212121212	0.26666666666666683	0.096969696969696928	0.412121212121212
72	2	0.30303030303030309	0.35151515151515161	-0.29090909090909084	-0.27878787878787875	0.31515151515151518	0.024242424242424176	0.012121212121212199	0.19393939393939386	0.19393939393939386	0.036363636363636376	0.30303030303030309	0.35151515151515161	0.29090909090909084	0.27878787878787875	0.31515151515151518	0.024242424242424176	0.012121212121212199	0.19393939393939386	0.19393939393939386	0.036363636363636376	0.35151515151515161
73	3	0.2787878787878787	0.27878787878787881	-0.16969696969696957	-0.16969696969696968	0.31515151515151518	0.084848484848484951	0.07272727272727264	0.23030303030303023	0.23030303030303023	0.036363636363636376	0.2787878787878787	0.27878787878787881	0.16969696969696957	0.16969696969696968	0.31515151515151518	0.084848484848484951	0.07272727272727264	0.23030303030303023	0.23030303030303023	0.036363636363636376	0.31515151515151518
74	3	0.16969696969696968	0.096969696969697039	-0.23030303030303023	-0.2787878787878787	0.20606060606060617	0.20606060606060617	0.13333333333333341	0.13333333333333341	0.096969696969697039	0.024242424242424288	0.16969696969696968	0.096969696969697039	0.23030303030303023	0.2787878787878787	0.20606060606060617	0.20606060606060617	0.13333333333333341	0.13333333333333341	0.096969696969697039	0.024242424242424288	0.2787878787878787
75	4	0.1454545454545455	0.024242424242424176	-0.12121212121212122	-0.16969696969696957	0.19393939393939408	0.23030303030303034	0.16969696969696979	0.1333333333333333	0.096969696969696928	0.024242424242424288	0.1454545454545455	0.024242424242424176	0.12121212121212122	0.16969696969696957	0.19393939393939408	0.23030303030303034	0.16969696969696979	0.1333333333333333	0.096969696969696928	0.024242424242424288	0.23030303030303034
76	3	0.18181818181818177	0.21818181818181814	-0.2787878787878787	-0.27878787878787881	0.24242424242424243	0.024242424242424065	0.012121212121212088	0.20606060606060617	0.20606060606060606	0.036363636363636376	0.18181818181818177	0.21818181818181814	0.2787878787878787	0.27878787878787881	0.24242424242424243	0.024242424242424065	0.012121212121212088	0.20606060606060617	0.20606060606060606	0.036363636363636376	0.27878787878787881
77	4	0.15757575757575759	0.1454545454545455	-0.16969696969696968	-0.18181818181818166	0.23030303030303034	0.096969696969697039	0.084848484848484951	0.24242424242424232	0.24242424242424232	0.036363636363636376	0.15757575757575759	0.1454545454545455	0.16969696969696968	0.18181818181818166	0.23030303030303034	0.096969696969697039	0.084848484848484951	0.24242424242424232	0.24242424242424232	0.036363636363636376	0.24242424242424232
78	4	0.060606060606060552	-0.012121212121212088	-0.20606060606060606	-0.29090909090909078	0.12121212121212122	0.18181818181818188	0.10909090909090924	0.1212121212121211	0.096969696969697039	0.024242424242424288	0.060606060606060552	0.012121212121212088	0.20606060606060606	0.29090909090909078	0.12121212121212122	0.18181818181818188	0.10909090909090924	0.1212121212121211	0.096969696969697039	0.024242424242424288	0.29090909090909078
79	5	0.036363636363636376	-0.10909090909090902	-0.08484848484848484	-0.16969696969696968	0.096969696969696928	0.21818181818181825	0.15757575757575759	0.12121212121212122	0.096969696969696817	0.024242424242424288	0.036363636363636376	0.10909090909090902	0.08484848484848484	0.16969696969696968	0.096969696969696928	0.21818181818181825	0.15757575757575759	0.12121212121212122	0.096969696969696817	0.024242424242424288	0.21818181818181825
80	2	0.060606060606060552	0.46060606060606052	-0.36363636363636376	-0.31515151515151502	0.24242424242424254	-0.036363636363636265	-0.072727272727272751	0.39999999999999991	0.2181818181818182	0.072727272727272863	0.060606060606060552	0.46060606060606052	0.36363636363636376	0.31515151515151502	0.24242424242424254	0.036363636363636265	0.072727272727272751	0.39999999999999991	0.2181818181818182	0.072727272727272863	0.46060606060606052
81	3	0.036363636363636376	0.36363636363636376	-0.20606060606060594	-0.16969696969696957	0.19393939393939408	0.036363636363636376	0	0.41212121212121217	0.26666666666666661	0.072727272727272863	0.036363636363636376	0.36363636363636376	0.20606060606060594	0.16969696969696957	0.19393939393939408	0.036363636363636376	0	0.41212121212121217	0.26666666666666661	0.072727272727272863	0.41212121212121217
82	3	-0.048484848484848575	0.19393939393939386	-0.26666666666666661	-0.26666666666666661	0.1212121212121211	0.1454545454545455	0.048484848484848575	0.32727272727272722	0.10909090909090902	0.060606060606060663	0.048484848484848575	0.19393939393939386	0.26666666666666661	0.26666666666666661	0.1212121212121211	0.1454545454545455	0.048484848484848575	0.32727272727272722	0.10909090909090902	0.060606060606060663	0.32727272727272722
83	4	-0.072727272727272751	0.12121212121212122	-0.14545454545454561	-0.14545454545454539	0.084848484848484729	0.18181818181818177	0.096969696969696928	0.30303030303030309	0.12121212121212122	0.060606060606060663	0.072727272727272751	0.12121212121212122	0.14545454545454561	0.14545454545454539	0.084848484848484729	0.18181818181818177	0.096969696969696928	0.30303030303030309	0.12121212121212122	0.060606060606060663	0.30303030303030309
84	3	-0.012121212121212088	0.29090909090909078	-0.30303030303030287	-0.27878787878787892	0.12121212121212122	-0.048484848484848464	-0.08484848484848484	0.38787878787878782	0.20606060606060594	0.072727272727272863	0.012121212121212088	0.29090909090909078	0.30303030303030287	0.27878787878787892	0.12121212121212122	0.048484848484848464	0.08484848484848484	0.38787878787878782	0.20606060606060594	0.072727272727272863	0.38787878787878782
85	4	-0.036363636363636376	0.21818181818181814	-0.18181818181818177	-0.16969696969696968	0.08484848484848484	0.01212121212121231	-0.024242424242424176	0.42424242424242431	0.27878787878787881	0.072727272727272863	0.036363636363636376	0.21818181818181814	0.18181818181818177	0.16969696969696968	0.08484848484848484	0.01212121212121231	0.024242424242424176	0.42424242424242431	0.27878787878787881	0.072727272727272863	0.42424242424242431
86	4	-0.15757575757575759	0.048484848484848464	-0.21818181818181814	-0.26666666666666672	0.01212121212121231	0.13333333333333341	0.036363636363636487	0.29090909090909089	0.08484848484848484	0.060606060606060663	0.15757575757575759	0.048484848484848464	0.21818181818181814	0.26666666666666672	0.01212121212121231	0.13333333333333341	0.036363636363636487	0.29090909090909089	0.08484848484848484	0.060606060606060663	0.29090909090909089
87	5	-0.18181818181818177	-0.024242424242424176	-0.10909090909090902	-0.15757575757575759	-0.01212121212121231	0.15757575757575759	0.07272727272727264	0.29090909090909101	0.12121212121212133	0.060606060606060663	0.18181818181818177	0.024242424242424176	0.10909090909090902	0.15757575757575759	0.01212121212121231	0.15757575757575759	0.07272727272727264	0.29090909090909101	0.12121212121212133	0.060606060606060663	0.29090909090909101
88	3	0.13333333333333341	0.2787878787878787	-0.37575757575757562	-0.31515151515151529	0.23030303030303034	0.024242424242424065	-0.036363636363636487	0.10909090909090902	0.060606060606060552	0	0.13333333333333341	0.2787878787878787	0.37575757575757562	0.31515151515151529	0.23030303030303034	0.024242424242424065	0.036363636363636487	0.10909090909090902	0.060606060606060552	0	0.37575757575757562
89	4	0.10909090909090913	0.20606060606060606	-0.25454545454545441	-0.20606060606060606	0.21818181818181825	0.084848484848484951	0.024242424242424176	0.1333333333333333	0.084848484848485062	0	0.10909090909090913	0.20606060606060606	0.25454545454545441	0.20606060606060606	0.21818181818181825	0.084848484848484951	0.024242424242424176	0.1333333333333333	0.084848484848485062	0	0.25454545454545441
90	4	0.012121212121212199	0.024242424242424288	-0.30303030303030309	-0.30303030303030309	0.13333333333333319	0.19393939393939397	0.072727272727272863	0.048484848484848464	-0.024242424242424288	-0.012121212121212199	0.012121212121212199	0.024242424242424288	0.30303030303030309	0.30303030303030309	0.13333333333333319	0.19393939393939397	0.072727272727272863	0.048484848484848464	0.024242424242424288	0.012121212121212199	0.30303030303030309
91	5	-0.012121212121212199	-0.048484848484848464	-0.19393939393939397	-0.19393939393939408	0.10909090909090902	0.21818181818181825	0.10909090909090924	0.036363636363636265	-0.036363636363636376	-0.012121212121212199	0.012121212121212199	0.048484848484848464	0.19393939393939397	0.19393939393939408	0.10909090909090902	0.21818181818181825	0.10909090909090924	0.036363636363636265	0.036363636363636376	0.012121212121212199	0.21818181818181825
92	4	0.024242424242424288	0.1333333333333333	-0.35151515151515156	-0.30303030303030309	0.15757575757575759	0.012121212121212088	-0.048484848484848464	0.10909090909090913	0.060606060606060663	0	0.024242424242424288	0.1333333333333333	0.35151515151515156	0.30303030303030309	0.15757575757575759	0.012121212121212088	0.048484848484848464	0.10909090909090913	0.060606060606060663	0	0.35151515151515156
93	5	0	0.060606060606060663	-0.24242424242424254	-0.20606060606060606	0.13333333333333319	0.084848484848484951	0.024242424242424399	0.1333333333333333	0.08484848484848484	0	0	0.060606060606060663	0.24242424242424254	0.20606060606060606	0.13333333333333319	0.084848484848484951	0.024242424242424399	0.1333333333333333	0.08484848484848484	0	0.24242424242424254
94	5	-0.08484848484848484	-0.096969696969696928	-0.26666666666666672	-0.30303030303030309	0.048484848484848464	0.15757575757575759	0.036363636363636487	0.024242424242424288	-0.036363636363636265	-0.012121212121212199	0.08484848484848484	0.096969696969696928	0.26666666666666672	0.30303030303030309	0.048484848484848464	0.15757575757575759	0.036363636363636487	0.024242424242424288	0.036363636363636265	0.012121212121212199	0.30303030303030309
95	6	-0.10909090909090913	-0.19393939393939386	-0.1454545454545455	-0.18181818181818177	0.012121212121212088	0.19393939393939397	0.084848484848484951	0.012121212121212088	-0.048484848484848464	-0.012121212121212199	0.10909090909090913	0.19393939393939386	0.1454545454545455	0.18181818181818177	0.012121212121212088	0.19393939393939397	0.084848484848484951	0.012121212121212088	0.048484848484848464	0.012121212121212199	0.19393939393939397
96	2	0.060606060606060552	0.41212121212121205	-0.37575757575757562	-0.37575757575757573	0.35151515151515145	-0.16969696969696979	-0.20606060606060594	0.29090909090909078	0.10909090909090902	0.060606060606060552	0.060606060606060552	0.41212121212121205	0.37575757575757562	0.37575757575757573	0.35151515151515145	0.16969696969696979	0.20606060606060594	0.29090909090909078	0.10909090909090902	0.060606060606060552	0.41212121212121205
97	3	0.036363636363636376	0.31515151515151518	-0.21818181818181814	-0.23030303030303034	0.29090909090909078	-0.096969696969697039	-0.13333333333333319	0.30303030303030298	0.15757575757575759	0.060606060606060552	0.036363636363636376	0.31515151515151518	0.21818181818181814	0.23030303030303034	0.29090909090909078	0.096969696969697039	0.13333333333333319	0.30303030303030298	0.15757575757575759	0.060606060606060552	0.31515151515151518
98	3	-0.048484848484848575	0.1454545454545455	-0.2787878787878787	-0.32727272727272727	0.20606060606060617	0.024242424242424399	-0.036363636363636376	0.23030303030303023	0.024242424242424288	0.048484848484848575	0.048484848484848575	0.1454545454545455	0.2787878787878787	0.32727272727272727	0.20606060606060617	0.024242424242424399	0.036363636363636376	0.23030303030303023	0.024242424242424288	0.048484848484848575	0.32727272727272727
99	4	-0.072727272727272751	0.072727272727272751	-0.15757575757575748	-0.20606060606060594	0.1575757575757577	0.060606060606060774	0.012121212121212088	0.20606060606060606	0.036363636363636154	0.048484848484848575	0.072727272727272751	0.072727272727272751	0.15757575757575748	0.20606060606060594	0.1575757575757577	0.060606060606060774	0.012121212121212088	0.20606060606060606	0.036363636363636154	0.048484848484848575	0.20606060606060606
100	3	-0.012121212121212088	0.2666666666666665	-0.31515151515151507	-0.32727272727272727	0.23030303030303023	-0.16969696969696979	-0.20606060606060594	0.29090909090909084	0.10909090909090913	0.060606060606060552	0.012121212121212088	0.2666666666666665	0.31515151515151507	0.32727272727272727	0.23030303030303023	0.16969696969696979	0.20606060606060594	0.29090909090909084	0.10909090909090913	0.060606060606060552	0.32727272727272727
101	4	-0.036363636363636376	0.19393939393939397	-0.19393939393939386	-0.21818181818181814	0.18181818181818177	-0.10909090909090913	-0.14545454545454539	0.32727272727272716	0.18181818181818177	0.060606060606060552	0.036363636363636376	0.19393939393939397	0.19393939393939386	0.21818181818181814	0.18181818181818177	0.10909090909090913	0.14545454545454539	0.32727272727272716	0.18181818181818177	0.060606060606060552	0.32727272727272716
102	4	-0.15757575757575759	0.024242424242424176	-0.23030303030303023	-0.3393939393939393	0.096969696969696928	0.024242424242424399	-0.036363636363636376	0.20606060606060606	0.01212121212121231	0.048484848484848575	0.15757575757575759	0.024242424242424176	0.23030303030303023	0.3393939393939393	0.096969696969696928	0.024242424242424399	0.036363636363636376	0.20606060606060606	0.01212121212121231	0.048484848484848575	0.3393939393939393
103	5	-0.18181818181818177	-0.048484848484848464	-0.12121212121212122	-0.23030303030303023	0.060606060606060552	0.048484848484848464	0	0.20606060606060617	0.048484848484848464	0.048484848484848575	0.18181818181818177	0.048484848484848464	0.12121212121212122	0.23030303030303023	0.060606060606060552	0.048484848484848464	0	0.20606060606060617	0.048484848484848464	0.048484848484848575	0.23030303030303023
104	3	0.1575757575757577	0.23030303030303023	-0.38787878787878782	-0.38787878787878782	0.26666666666666661	-0.084848484848484729	-0.1454545454545455	0.012121212121212088	-0.024242424242424176	-0.012121212121212088	0.1575757575757577	0.23030303030303023	0.38787878787878782	0.38787878787878782	0.26666666666666661	0.084848484848484729	0.1454545454545455	0.012121212121212088	0.024242424242424176	0.012121212121212088	0.38787878787878782
105	4	0.1333333333333333	0.15757575757575759	-0.26666666666666661	-0.27878787878787875	0.26666666666666672	-0.024242424242424399	-0.084848484848484951	0.036363636363636376	0	-0.012121212121212088	0.1333333333333333	0.15757575757575759	0.26666666666666661	0.27878787878787875	0.26666666666666672	0.024242424242424399	0.084848484848484951	0.036363636363636376	0	0.012121212121212088	0.27878787878787875
106	4	0.036363636363636376	0	-0.31515151515151507	-0.39999999999999991	0.16969696969696968	0.096969696969697039	-0.012121212121212088	-0.036363636363636376	-0.084848484848484729	-0.024242424242424288	0.036363636363636376	0	0.31515151515151507	0.39999999999999991	0.16969696969696968	0.096969696969697039	0.012121212121212088	0.036363636363636376	0.084848484848484729	0.024242424242424288	0.39999999999999991
107	5	0.012121212121212199	-0.072727272727272751	-0.20606060606060606	-0.29090909090909095	0.1575757575757577	0.12121212121212133	0.024242424242424176	-0.048484848484848464	-0.096969696969697039	-0.024242424242424288	0.012121212121212199	0.072727272727272751	0.20606060606060606	0.29090909090909095	0.1575757575757577	0.12121212121212133	0.024242424242424176	0.048484848484848464	0.096969696969697039	0.024242424242424288	0.29090909090909095
108	4	0.048484848484848464	0.084848484848484729	-0.36363636363636365	-0.36363636363636359	0.19393939393939386	-0.084848484848484951	-0.1454545454545455	0.024242424242424288	-0.012121212121212088	-0.012121212121212088	0.048484848484848464	0.084848484848484729	0.36363636363636365	0.36363636363636359	0.19393939393939386	0.084848484848484951	0.1454545454545455	0.024242424242424288	0.012121212121212088	0.012121212121212088	0.36363636363636365
109	5	0.024242424242424176	0.012121212121212088	-0.25454545454545452	-0.26666666666666661	0.18181818181818188	-0.012121212121211977	-0.072727272727272863	0.048484848484848575	0.012121212121212088	-0.012121212121212088	0.024242424242424176	0.012121212121212088	0.25454545454545452	0.26666666666666661	0.18181818181818188	0.012121212121211977	0.072727272727272863	0.048484848484848575	0.012121212121212088	0.012121212121212088	0.26666666666666661
110	5	-0.060606060606060663	-0.12121212121212122	-0.2787878787878787	-0.41212121212121205	0.084848484848484951	0.07272727272727264	-0.036363636363636487	-0.048484848484848464	-0.084848484848484951	-0.024242424242424288	0.060606060606060663	0.12121212121212122	0.2787878787878787	0.41212121212121205	0.084848484848484951	0.07272727272727264	0.036363636363636487	0.048484848484848464	0.084848484848484951	0.024242424242424288	0.41212121212121205
111	6	-0.08484848484848484	-0.21818181818181814	-0.15757575757575748	-0.29090909090909089	0.060606060606060552	0.10909090909090913	0.012121212121212088	-0.060606060606060552	-0.096969696969696928	-0.024242424242424288	0.08484848484848484	0.21818181818181814	0.15757575757575748	0.29090909090909089	0.060606060606060552	0.10909090909090913	0.012121212121212088	0.060606060606060552	0.096969696969696928	0.024242424242424288	0.29090909090909089
112	3	-0.096969696969696928	0.35151515151515145	-0.46060606060606063	-0.4242424242424242	0.20606060606060617	-0.1575757575757577	-0.23030303030303034	0.18181818181818177	-0.024242424242424288	0.024242424242424176	0.096969696969696928	0.35151515151515145	0.46060606060606063	0.4242424242424242	0.20606060606060617	0.1575757575757577	0.23030303030303034	0.18181818181818177	0.024242424242424288	0.024242424242424176	0.46060606060606063
113	4	-0.12121212121212122	0.25454545454545452	-0.30303030303030309	-0.27878787878787892	0.1575757575757577	-0.084848484848484951	-0.15757575757575759	0.20606060606060594	0.036363636363636487	0.024242424242424176	0.12121212121212122	0.25454545454545452	0.30303030303030309	0.27878787878787892	0.1575757575757577	0.084848484848484951	0.15757575757575759	0.20606060606060594	0.036363636363636487	0.024242424242424176	0.30303030303030309
114	4	-0.19393939393939386	0.08484848484848484	-0.35151515151515156	-0.36363636363636365	0.096969696969696817	0.024242424242424288	-0.096969696969697039	0.1454545454545455	-0.096969696969696928	-0.012121212121211977	0.19393939393939386	0.08484848484848484	0.35151515151515156	0.36363636363636365	0.096969696969696817	0.024242424242424288	0.096969696969697039	0.1454545454545455	0.096969696969696928	0.012121212121211977	0.36363636363636365
115	5	-0.21818181818181825	0.012121212121212088	-0.23030303030303045	-0.24242424242424232	0.060606060606060552	0.060606060606060552	-0.048484848484848464	0.1333333333333333	-0.072727272727272863	-0.012121212121211977	0.21818181818181825	0.012121212121212088	0.23030303030303045	0.24242424242424232	0.060606060606060552	0.060606060606060552	0.048484848484848464	0.1333333333333333	0.072727272727272863	0.012121212121211977	0.24242424242424232
116	4	-0.15757575757575759	0.19393939393939397	-0.38787878787878793	-0.36363636363636365	0.08484848484848484	-0.16969696969696979	-0.24242424242424243	0.16969696969696968	-0.036363636363636376	0.024242424242424176	0.15757575757575759	0.19393939393939397	0.38787878787878793	0.36363636363636365	0.08484848484848484	0.16969696969696979	0.24242424242424243	0.16969696969696968	0.036363636363636376	0.024242424242424176	0.38787878787878793
117	5	-0.18181818181818199	0.12121212121212122	-0.26666666666666683	-0.25454545454545463	0.048484848484848464	-0.10909090909090924	-0.18181818181818188	0.21818181818181803	0.048484848484848464	0.024242424242424176	0.18181818181818199	0.12121212121212122	0.26666666666666683	0.25454545454545463	0.048484848484848464	0.10909090909090924	0.18181818181818188	0.21818181818181803	0.048484848484848464	0.024242424242424176	0.26666666666666683
118	5	-0.29090909090909078	-0.048484848484848464	-0.29090909090909078	-0.36363636363636365	-0.012121212121211977	0.012121212121211977	-0.10909090909090902	0.10909090909090902	-0.1212121212121211	-0.012121212121211977	0.29090909090909078	0.048484848484848464	0.29090909090909078	0.36363636363636365	0.012121212121211977	0.012121212121211977	0.10909090909090902	0.10909090909090902	0.1212121212121211	0.012121212121211977	0.36363636363636365
119	6	-0.31515151515151507	-0.12121212121212133	-0.18181818181818177	-0.25454545454545441	-0.036363636363636376	0.036363636363636376	-0.07272727272727264	0.12121212121212122	-0.072727272727272863	-0.012121212121211977	0.31515151515151507	0.12121212121212133	0.18181818181818177	0.25454545454545441	0.036363636363636376	0.036363636363636376	0.07272727272727264	0.12121212121212122	0.072727272727272863	0.012121212121211977	0.31515151515151507
120	4	0	0.16969696969696968	-0.47272727272727277	-0.4363636363636364	0.19393939393939397	-0.072727272727272863	-0.18181818181818177	-0.060606060606060552	-0.1333333333333333	-0.048484848484848464	0	0.16969696969696968	0.47272727272727277	0.4363636363636364	0.19393939393939397	0.072727272727272863	0.18181818181818177	0.060606060606060552	0.1333333333333333	0.048484848484848464	0.47272727272727277
121	5	-0.024242424242424288	0.096969696969696928	-0.35151515151515156	-0.32727272727272716	0.18181818181818188	-0.012121212121211977	-0.12121212121212133	-0.048484848484848464	-0.1212121212121211	-0.048484848484848464	0.024242424242424288	0.096969696969696928	0.35151515151515156	0.32727272727272716	0.18181818181818188	0.012121212121211977	0.12121212121212133	0.048484848484848464	0.1212121212121211	0.048484848484848464	0.35151515151515156
122	5	-0.10909090909090902	-0.08484848484848484	-0.38787878787878793	-0.43636363636363645	0.10909090909090902	0.096969696969696928	-0.084848484848484729	-0.10909090909090913	-0.20606060606060617	-0.08484848484848484	0.10909090909090902	0.08484848484848484	0.38787878787878793	0.43636363636363645	0.10909090909090902	0.096969696969696928	0.084848484848484729	0.10909090909090913	0.20606060606060617	0.08484848484848484	0.43636363636363645
123	6	-0.13333333333333341	-0.15757575757575759	-0.2787878787878787	-0.32727272727272716	0.084848484848484729	0.1212121212121211	-0.048484848484848464	-0.1333333333333333	-0.23030303030303034	-0.08484848484848484	0.13333333333333341	0.15757575757575759	0.2787878787878787	0.32727272727272716	0.084848484848484729	0.1212121212121211	0.048484848484848464	0.1333333333333333	0.23030303030303034	0.08484848484848484	0.32727272727272716
124	5	-0.09696969696969715	0.036363636363636487	-0.43636363636363629	-0.40000000000000002	0.12121212121212122	-0.084848484848484951	-0.19393939393939397	-0.060606060606060552	-0.1333333333333333	-0.048484848484848464	0.09696969696969715	0.036363636363636487	0.43636363636363629	0.40000000000000002	0.12121212121212122	0.084848484848484951	0.19393939393939397	0.060606060606060552	0.1333333333333333	0.048484848484848464	0.43636363636363629
125	6	-0.12121212121212122	-0.036363636363636376	-0.32727272727272716	-0.30303030303030287	0.096969696969696928	-0.012121212121212088	-0.12121212121212122	-0.048484848484848464	-0.12121212121212133	-0.048484848484848464	0.12121212121212122	0.036363636363636376	0.32727272727272716	0.30303030303030287	0.096969696969696928	0.012121212121212088	0.12121212121212122	0.048484848484848464	0.12121212121212133	0.048484848484848464	0.32727272727272716
126	6	-0.19393939393939397	-0.19393939393939386	-0.33939393939393936	-0.43636363636363623	0.024242424242424065	0.060606060606060774	-0.1212121212121211	-0.13333333333333341	-0.21818181818181825	-0.08484848484848484	0.19393939393939397	0.19393939393939386	0.33939393939393936	0.43636363636363623	0.024242424242424065	0.060606060606060774	0.1212121212121211	0.13333333333333341	0.21818181818181825	0.08484848484848484	0.43636363636363623
127	7	-0.21818181818181814	-0.29090909090909089	-0.21818181818181814	-0.31515151515151507	-0.012121212121212088	0.096969696969697039	-0.07272727272727264	-0.1575757575757577	-0.24242424242424243	-0.08484848484848484	0.21818181818181814	0.29090909090909089	0.21818181818181814	0.31515151515151507	0.012121212121212088	0.096969696969697039	0.07272727272727264	0.1575757575757577	0.24242424242424243	0.08484848484848484	0.31515151515151507
128	1	0.26666666666666666	0.53333333333333333	0.13333333333333336	0.08484848484848484	0.19393939393939397	-0.072727272727272751	0.20606060606060594	0.44848484848484838	0.42424242424242414	0.096969696969697039	0.26666666666666666	0.53333333333333333	0.13333333333333336	0.08484848484848484	0.19393939393939397	0.072727272727272751	0.20606060606060594	0.44848484848484838	0.42424242424242414	0.096969696969697039	0.53333333333333333
129	2	0.23030303030303029	0.46060606060606052	0.3393939393939393	0.26666666666666661	0.12121212121212122	0	0.30303030303030309	0.44848484848484854	0.44848484848484838	0.096969696969697039	0.23030303030303029	0.46060606060606052	0.3393939393939393	0.26666666666666661	0.12121212121212122	0	0.30303030303030309	0.44848484848484854	0.44848484848484838	0.096969696969697039	0.46060606060606052
130	2	0.23030303030303034	0.19393939393939386	0.30303030303030304	0.1454545454545455	0.060606060606060663	0.096969696969696928	0.23030303030303023	0.29090909090909101	0.25454545454545452	0.07272727272727264	0.23030303030303034	0.19393939393939386	0.30303030303030304	0.1454545454545455	0.060606060606060663	0.096969696969696928	0.23030303030303023	0.29090909090909101	0.25454545454545452	0.07272727272727264	0.30303030303030304
131	3	0.19393939393939386	0.14545454545454539	0.44848484848484854	0.27878787878787881	0	0.1575757575757577	0.30303030303030309	0.27878787878787881	0.26666666666666661	0.07272727272727264	0.19393939393939386	0.14545454545454539	0.44848484848484854	0.27878787878787881	0	0.1575757575757577	0.30303030303030309	0.27878787878787881	0.26666666666666661	0.07272727272727264	0.44848484848484854
132	2	0.23030303030303034	0.44848484848484838	0.23030303030303029	0.15757575757575759	0.096969696969696928	-0.10909090909090913	0.16969696969696968	0.41212121212121205	0.412121212121212	0.096969696969697039	0.23030303030303034	0.44848484848484838	0.23030303030303029	0.15757575757575759	0.096969696969696928	0.10909090909090913	0.16969696969696968	0.41212121212121205	0.412121212121212	0.096969696969697039	0.44848484848484838
133	3	0.19393939393939386	0.37575757575757568	0.40000000000000008	0.30303030303030298	0.036363636363636376	-0.048484848484848464	0.25454545454545452	0.412121212121212	0.4363636363636364	0.096969696969697039	0.19393939393939386	0.37575757575757568	0.40000000000000008	0.30303030303030298	0.036363636363636376	0.048484848484848464	0.25454545454545452	0.412121212121212	0.4363636363636364	0.096969696969697039	0.4363636363636364
134	3	0.15757575757575748	0.1333333333333333	0.3393939393939393	0.18181818181818177	-0.024242424242424176	0.084848484848485062	0.21818181818181814	0.2787878787878787	0.25454545454545452	0.07272727272727264	0.15757575757575748	0.1333333333333333	0.3393939393939393	0.18181818181818177	0.024242424242424176	0.084848484848485062	0.21818181818181814	0.2787878787878787	0.25454545454545452	0.07272727272727264	0.3393939393939393
135	4	0.12121212121212122	0.060606060606060663	0.47272727272727277	0.30303030303030309	-0.07272727272727264	0.1333333333333333	0.2787878787878787	0.26666666666666661	0.26666666666666672	0.07272727272727264	0.12121212121212122	0.060606060606060663	0.47272727272727277	0.30303030303030309	0.07272727272727264	0.1333333333333333	0.2787878787878787	0.26666666666666661	0.26666666666666672	0.07272727272727264	0.47272727272727277
136	2	0.32727272727272727	0.39999999999999991	0.048484848484848464	0.060606060606060552	0.15757575757575759	-0.01212121212121231	0.18181818181818177	0.096969696969696928	0.20606060606060606	0.048484848484848464	0.32727272727272727	0.39999999999999991	0.048484848484848464	0.060606060606060552	0.15757575757575759	0.01212121212121231	0.18181818181818177	0.096969696969696928	0.20606060606060606	0.048484848484848464	0.39999999999999991
137	3	0.29090909090909089	0.32727272727272722	0.19393939393939397	0.18181818181818188	0.1454545454545455	0.048484848484848575	0.26666666666666661	0.13333333333333341	0.25454545454545463	0.048484848484848464	0.29090909090909089	0.32727272727272722	0.19393939393939397	0.18181818181818188	0.1454545454545455	0.048484848484848575	0.26666666666666661	0.13333333333333341	0.25454545454545463	0.048484848484848464	0.32727272727272722
138	3	0.25454545454545463	0.096969696969696928	0.16969696969696979	0.08484848484848484	0.048484848484848464	0.14545454545454539	0.21818181818181825	0	0.084848484848484951	0.024242424242424288	0.25454545454545463	0.096969696969696928	0.16969696969696979	0.08484848484848484	0.048484848484848464	0.14545454545454539	0.21818181818181825	0	0.084848484848484951	0.024242424242424288	0.25454545454545463
139	4	0.21818181818181825	0.024242424242424288	0.27878787878787881	0.18181818181818177	0.024242424242424399	0.19393939393939397	0.27878787878787881	0.024242424242424176	0.12121212121212133	0.024242424242424288	0.21818181818181825	0.024242424242424288	0.27878787878787881	0.18181818181818177	0.024242424242424399	0.19393939393939397	0.27878787878787881	0.024242424242424176	0.12121212121212133	0.024242424242424288	0.27878787878787881
140	3	0.27878787878787881	0.29090909090909089	0.10909090909090924	0.08484848484848484	0.084848484848484951	-0.024242424242424288	0.16969696969696968	0.07272727272727264	0.20606060606060617	0.048484848484848464	0.27878787878787881	0.29090909090909089	0.10909090909090924	0.08484848484848484	0.084848484848484951	0.024242424242424288	0.16969696969696968	0.07272727272727264	0.20606060606060617	0.048484848484848464	0.29090909090909089
141	4	0.24242424242424232	0.19393939393939397	0.24242424242424243	0.19393939393939386	0.060606060606060663	0.048484848484848575	0.26666666666666661	0.08484848484848484	0.23030303030303045	0.048484848484848464	0.24242424242424232	0.19393939393939397	0.24242424242424243	0.19393939393939386	0.060606060606060663	0.048484848484848575	0.26666666666666661	0.08484848484848484	0.23030303030303045	0.048484848484848464	0.26666666666666661
142	4	0.21818181818181825	0.012121212121212088	0.19393939393939386	0.09696969696969715	-0.036363636363636376	0.13333333333333319	0.20606060606060617	0	0.096969696969697039	0.024242424242424288	0.21818181818181825	0.012121212121212088	0.19393939393939386	0.09696969696969715	0.036363636363636376	0.13333333333333319	0.20606060606060617	0	0.096969696969697039	0.024242424242424288	0.21818181818181825
143	5	0.18181818181818177	-0.10909090909090902	0.31515151515151518	0.20606060606060594	-0.072727272727272863	0.19393939393939397	0.27878787878787881	0	0.10909090909090913	0.024242424242424288	0.18181818181818177	0.10909090909090902	0.31515151515151518	0.20606060606060594	0.072727272727272863	0.19393939393939397	0.27878787878787881	0	0.10909090909090913	0.024242424242424288	0.31515151515151518
144	2	0.08484848484848484	0.39999999999999991	0	0.024242424242424176	0.08484848484848484	-0.096969696969696928	0.060606060606060552	0.29090909090909078	0.21818181818181814	0.036363636363636265	0.08484848484848484	0.39999999999999991	0	0.024242424242424176	0.08484848484848484	0.096969696969696928	0.060606060606060552	0.29090909090909078	0.21818181818181814	0.036363636363636265	0.39999999999999991
145	3	0.048484848484848464	0.32727272727272727	0.20606060606060594	0.20606060606060594	0.024242424242424065	-0.024242424242424176	0.1575757575757577	0.30303030303030309	0.25454545454545452	0.036363636363636265	0.048484848484848464	0.32727272727272727	0.20606060606060594	0.20606060606060594	0.024242424242424065	0.024242424242424176	0.1575757575757577	0.30303030303030309	0.25454545454545452	0.036363636363636265	0.32727272727272727
146	3	0.036363636363636376	0.13333333333333319	0.15757575757575759	0.07272727272727264	-0.01212121212121231	0.084848484848484729	0.1212121212121211	0.18181818181818177	0.10909090909090913	0.036363636363636376	0.036363636363636376	0.13333333333333319	0.15757575757575759	0.07272727272727264	0.01212121212121231	0.084848484848484729	0.1212121212121211	0.18181818181818177	0.10909090909090913	0.036363636363636376	0.18181818181818177
147	4	0	0.084848484848484951	0.30303030303030287	0.20606060606060617	-0.060606060606060552	0.1454545454545455	0.19393939393939408	0.18181818181818199	0.13333333333333341	0.036363636363636376	0	0.084848484848484951	0.30303030303030287	0.20606060606060617	0.060606060606060552	0.1454545454545455	0.19393939393939408	0.18181818181818199	0.13333333333333341	0.036363636363636376	0.30303030303030287
148	3	0.036363636363636376	0.2787878787878787	0.08484848484848484	0.08484848484848484	-0.012121212121212088	-0.12121212121212133	0.036363636363636376	0.26666666666666672	0.21818181818181814	0.036363636363636265	0.036363636363636376	0.2787878787878787	0.08484848484848484	0.08484848484848484	0.012121212121212088	0.12121212121212133	0.036363636363636376	0.26666666666666672	0.21818181818181814	0.036363636363636265	0.2787878787878787
149	4	0	0.20606060606060594	0.25454545454545441	0.23030303030303045	-0.060606060606060552	-0.060606060606060663	0.12121212121212122	0.2787878787878787	0.25454545454545463	0.036363636363636265	0	0.20606060606060594	0.25454545454545441	0.23030303030303045	0.060606060606060552	0.060606060606060663	0.12121212121212122	0.2787878787878787	0.25454545454545463	0.036363636363636265	0.2787878787878787
150	4	-0.048484848484848464	0.036363636363636376	0.18181818181818177	0.096969696969697039	-0.096969696969697039	0.084848484848485062	0.12121212121212122	0.18181818181818188	0.1212121212121211	0.036363636363636376	0.048484848484848464	0.036363636363636376	0.18181818181818177	0.096969696969697039	0.096969696969697039	0.084848484848485062	0.12121212121212122	0.18181818181818188	0.1212121212121211	0.036363636363636376	0.18181818181818188
151	5	-0.08484848484848484	-0.036363636363636265	0.31515151515151518	0.21818181818181814	-0.13333333333333341	0.1333333333333333	0.18181818181818166	0.18181818181818166	0.14545454545454539	0.036363636363636376	0.08484848484848484	0.036363636363636265	0.31515151515151518	0.21818181818181814	0.13333333333333341	0.1333333333333333	0.18181818181818166	0.18181818181818166	0.14545454545454539	0.036363636363636376	0.31515151515151518
152	3	0.19393939393939386	0.26666666666666661	-0.036363636363636487	0.048484848484848575	0.07272727272727264	-0.036363636363636376	0.07272727272727264	0	0.048484848484848464	-0.012121212121212088	0.19393939393939386	0.26666666666666661	0.036363636363636487	0.048484848484848575	0.07272727272727264	0.036363636363636376	0.07272727272727264	0	0.048484848484848464	0.012121212121212088	0.26666666666666661
153	4	0.15757575757575748	0.19393939393939386	0.10909090909090902	0.16969696969696968	0.048484848484848575	0.024242424242424399	0.15757575757575759	0.024242424242424288	0.084848484848484951	-0.012121212121212088	0.15757575757575748	0.19393939393939386	0.10909090909090902	0.16969696969696968	0.048484848484848575	0.024242424242424399	0.15757575757575759	0.024242424242424288	0.084848484848484951	0.012121212121212088	0.19393939393939386
154	4	0.10909090909090913	0.012121212121211977	0.07272727272727264	0.060606060606060552	-0.024242424242424176	0.13333333333333319	0.1454545454545455	-0.072727272727272751	-0.036363636363636154	-0.012121212121212088	0.10909090909090913	0.012121212121211977	0.07272727272727264	0.060606060606060552	0.024242424242424176	0.13333333333333319	0.1454545454545455	0.072727272727272751	0.036363636363636154	0.012121212121212088	0.1454545454545455
155	5	0.07272727272727264	-0.060606060606060552	0.18181818181818199	0.15757575757575748	-0.060606060606060552	0.18181818181818177	0.20606060606060606	-0.060606060606060663	-0.012121212121212088	-0.012121212121212088	0.07272727272727264	0.060606060606060552	0.18181818181818199	0.15757575757575748	0.060606060606060552	0.18181818181818177	0.20606060606060606	0.060606060606060663	0.012121212121212088	0.012121212121212088	0.20606060606060606
156	4	0.13333333333333319	0.14545454545454539	0.012121212121212088	0.060606060606060552	0	-0.036363636363636376	0.07272727272727264	-0.012121212121212088	0.060606060606060552	-0.012121212121212088	0.13333333333333319	0.14545454545454539	0.012121212121212088	0.060606060606060552	0	0.036363636363636376	0.07272727272727264	0.012121212121212088	0.060606060606060552	0.012121212121212088	0.14545454545454539
157	5	0.096969696969696817	0.048484848484848464	0.1454545454545455	0.1696969696969699	-0.036363636363636265	0.036363636363636487	0.16969696969696968	-0.012121212121212088	0.072727272727272863	-0.012121212121212088	0.096969696969696817	0.048484848484848464	0.1454545454545455	0.1696969696969699	0.036363636363636265	0.036363636363636487	0.16969696969696968	0.012121212121212088	0.072727272727272863	0.012121212121212088	0.1696969696969699
158	5	0.060606060606060552	-0.08484848484848484	0.084848484848485062	0.060606060606060663	-0.10909090909090902	0.13333333333333319	0.1454545454545455	-0.060606060606060663	-0.012121212121212088	-0.012121212121212088	0.060606060606060552	0.08484848484848484	0.084848484848485062	0.060606060606060663	0.10909090909090902	0.13333333333333319	0.1454545454545455	0.060606060606060663	0.012121212121212088	0.012121212121212088	0.1454545454545455
159	6	0.024242424242424176	-0.20606060606060606	0.20606060606060617	0.1696969696969699	-0.15757575757575748	0.19393939393939397	0.21818181818181814	-0.072727272727272751	-0.012121212121212199	-0.012121212121212088	0.024242424242424176	0.20606060606060606	0.20606060606060617	0.1696969696969699	0.15757575757575748	0.19393939393939397	0.21818181818181814	0.072727272727272751	0.012121212121212199	0.012121212121212088	0.21818181818181814
160	2	0.10909090909090913	0.38787878787878782	0.012121212121212199	-0.048484848484848464	0.18181818181818199	-0.20606060606060594	-0.036363636363636376	0.23030303030303023	0.18181818181818177	0.024242424242424176	0.10909090909090913	0.38787878787878782	0.012121212121212199	0.048484848484848464	0.18181818181818199	0.20606060606060594	0.036363636363636376	0.23030303030303023	0.18181818181818177	0.024242424242424176	0.38787878787878782
161	3	0.072727272727272751	0.31515151515151513	0.21818181818181814	0.1333333333333333	0.10909090909090913	-0.13333333333333319	0.060606060606060774	0.24242424242424232	0.21818181818181825	0.024242424242424176	0.072727272727272751	0.31515151515151513	0.21818181818181814	0.1333333333333333	0.10909090909090913	0.13333333333333319	0.060606060606060774	0.24242424242424232	0.21818181818181825	0.024242424242424176	0.31515151515151513
162	3	0.060606060606060552	0.096969696969697039	0.16969696969696968	0.048484848484848464	0.036363636363636265	-0.036363636363636487	0.048484848484848464	0.10909090909090902	0.048484848484848242	0.024242424242424288	0.060606060606060552	0.096969696969697039	0.16969696969696968	0.048484848484848464	0.036363636363636265	0.036363636363636487	0.048484848484848464	0.10909090909090902	0.048484848484848242	0.024242424242424288	0.16969696969696968
163	4	0.024242424242424176	0.048484848484848242	0.31515151515151507	0.18181818181818166	-0.024242424242424065	0.024242424242424399	0.1212121212121211	0.10909090909090924	0.072727272727272863	0.024242424242424288	0.024242424242424176	0.048484848484848242	0.31515151515151507	0.18181818181818166	0.024242424242424065	0.024242424242424399	0.1212121212121211	0.10909090909090924	0.072727272727272863	0.024242424242424288	0.31515151515151507
164	3	0.060606060606060552	0.29090909090909078	0.096969696969696928	0.024242424242424288	0.08484848484848484	-0.24242424242424254	-0.072727272727272751	0.19393939393939397	0.16969696969696968	0.024242424242424176	0.060606060606060552	0.29090909090909078	0.096969696969696928	0.024242424242424288	0.08484848484848484	0.24242424242424254	0.072727272727272751	0.19393939393939397	0.16969696969696968	0.024242424242424176	0.29090909090909078
165	4	0.024242424242424176	0.21818181818181814	0.2666666666666665	0.1696969696969699	0.024242424242424288	-0.18181818181818188	0.012121212121212088	0.20606060606060606	0.20606060606060617	0.024242424242424176	0.024242424242424176	0.21818181818181814	0.2666666666666665	0.1696969696969699	0.024242424242424288	0.18181818181818188	0.012121212121212088	0.20606060606060606	0.20606060606060617	0.024242424242424176	0.2666666666666665
166	4	-0.024242424242424176	0.024242424242424176	0.19393939393939397	0.060606060606060552	-0.048484848484848464	-0.048484848484848242	0.036363636363636487	0.096969696969696928	0.048484848484848242	0.024242424242424288	0.024242424242424176	0.024242424242424176	0.19393939393939397	0.060606060606060552	0.048484848484848464	0.048484848484848242	0.036363636363636487	0.096969696969696928	0.048484848484848242	0.024242424242424288	0.19393939393939397
167	5	-0.060606060606060552	-0.048484848484848464	0.32727272727272727	0.18181818181818177	-0.096969696969696928	0	0.096969696969696928	0.096969696969697039	0.07272727272727264	0.024242424242424288	0.060606060606060552	0.048484848484848464	0.32727272727272727	0.18181818181818177	0.096969696969696928	0	0.096969696969696928	0.096969696969697039	0.07272727272727264	0.024242424242424288	0.32727272727272727
168	3	0.19393939393939408	0.25454545454545463	-0.024242424242424288	-0.036363636363636265	0.1454545454545455	-0.1212121212121211	0	-0.072727272727272863	0.012121212121212088	-0.024242424242424176	0.19393939393939408	0.25454545454545463	0.024242424242424288	0.036363636363636265	0.1454545454545455	0.1212121212121211	0	0.072727272727272863	0.012121212121212088	0.024242424242424176	0.25454545454545463
169	4	0.1575757575757577	0.18181818181818188	0.1212121212121211	0.08484848484848484	0.13333333333333341	-0.060606060606060774	0.084848484848484951	-0.048484848484848464	0.048484848484848242	-0.024242424242424176	0.1575757575757577	0.18181818181818188	0.1212121212121211	0.08484848484848484	0.13333333333333341	0.060606060606060774	0.084848484848484951	0.048484848484848464	0.048484848484848242	0.024242424242424176	0.18181818181818188
170	4	0.10909090909090902	0	0.08484848484848484	0	0.024242424242424399	0.036363636363636487	0.07272727272727264	-0.1575757575757577	-0.096969696969696928	-0.024242424242424288	0.10909090909090902	0	0.08484848484848484	0	0.024242424242424399	0.036363636363636487	0.07272727272727264	0.1575757575757577	0.096969696969696928	0.024242424242424288	0.1575757575757577
171	5	0.07272727272727264	-0.07272727272727264	0.19393939393939408	0.096969696969696928	0	0.084848484848484951	0.13333333333333319	-0.14545454545454539	-0.07272727272727264	-0.024242424242424288	0.07272727272727264	0.07272727272727264	0.19393939393939408	0.096969696969696928	0	0.084848484848484951	0.13333333333333319	0.14545454545454539	0.07272727272727264	0.024242424242424288	0.19393939393939408
172	4	0.13333333333333341	0.1333333333333333	0.024242424242424288	-0.012121212121212199	0.07272727272727264	-0.13333333333333341	-0.012121212121212088	-0.096969696969696928	0.012121212121211977	-0.024242424242424176	0.13333333333333341	0.1333333333333333	0.024242424242424288	0.012121212121212199	0.07272727272727264	0.13333333333333341	0.012121212121212088	0.096969696969696928	0.012121212121211977	0.024242424242424176	0.13333333333333341
173	5	0.096969696969697039	0.036363636363636376	0.1575757575757577	0.09696969696969715	0.048484848484848575	-0.060606060606060774	0.084848484848484951	-0.096969696969696928	0.024242424242424399	-0.024242424242424176	0.096969696969697039	0.036363636363636376	0.1575757575757577	0.09696969696969715	0.048484848484848575	0.060606060606060774	0.084848484848484951	0.096969696969696928	0.024242424242424399	0.024242424242424176	0.1575757575757577
174	5	0.060606060606060552	-0.096969696969697039	0.09696969696969715	-0.012121212121212199	-0.060606060606060774	0.024242424242424399	0.060606060606060663	-0.1575757575757577	-0.084848484848484951	-0.024242424242424288	0.060606060606060552	0.096969696969697039	0.09696969696969715	0.012121212121212199	0.060606060606060774	0.024242424242424399	0.060606060606060663	0.1575757575757577	0.084848484848484951	0.024242424242424288	0.1575757575757577
175	6	0.024242424242424399	-0.21818181818181814	0.21818181818181825	0.096969696969696928	-0.096969696969696928	0.084848484848484951	0.13333333333333319	-0.16969696969696968	-0.084848484848485062	-0.024242424242424288	0.024242424242424399	0.21818181818181814	0.21818181818181825	0.096969696969696928	0.096969696969696928	0.084848484848484951	0.13333333333333319	0.16969696969696968	0.084848484848485062	0.024242424242424288	0.21818181818181825
176	3	-0.036363636363636376	0.29090909090909089	-0.07272727272727264	-0.096969696969696817	0.060606060606060552	-0.21818181818181825	-0.12121212121212122	0.08484848484848484	0.024242424242424399	-0.012121212121212088	0.036363636363636376	0.29090909090909089	0.07272727272727264	0.096969696969696817	0.060606060606060552	0.21818181818181825	0.12121212121212122	0.08484848484848484	0.024242424242424399	0.012121212121212088	0.29090909090909089
177	4	-0.072727272727272751	0.21818181818181825	0.13333333333333341	0.08484848484848484	0	-0.1454545454545455	-0.024242424242424288	0.10909090909090913	0.072727272727272863	-0.012121212121212088	0.072727272727272751	0.21818181818181825	0.13333333333333341	0.08484848484848484	0	0.1454545454545455	0.024242424242424288	0.10909090909090913	0.072727272727272863	0.012121212121212088	0.21818181818181825
178	4	-0.096969696969696928	0.048484848484848575	0.072727272727272751	-0.012121212121212088	-0.048484848484848575	-0.036363636363636487	-0.024242424242424176	0.01212121212121231	-0.072727272727272863	-0.012121212121212088	0.096969696969696928	0.048484848484848575	0.072727272727272751	0.012121212121212088	0.048484848484848575	0.036363636363636487	0.024242424242424176	0.01212121212121231	0.072727272727272863	0.012121212121212088	0.096969696969696928
179	5	-0.1333333333333333	0	0.21818181818181814	0.12121212121212122	-0.096969696969697039	0.024242424242424399	0.048484848484848575	0.024242424242424399	-0.036363636363636376	-0.012121212121212088	0.1333333333333333	0	0.21818181818181814	0.12121212121212122	0.096969696969697039	0.024242424242424399	0.048484848484848575	0.024242424242424399	0.036363636363636376	0.012121212121212088	0.21818181818181814
180	4	-0.096969696969696928	0.18181818181818177	0	-0.036363636363636376	-0.036363636363636376	-0.24242424242424254	-0.14545454545454539	0.060606060606060552	0.024242424242424176	-0.012121212121212088	0.096969696969696928	0.18181818181818177	0	0.036363636363636376	0.036363636363636376	0.24242424242424254	0.14545454545454539	0.060606060606060552	0.024242424242424176	0.012121212121212088	0.24242424242424254
181	5	-0.1333333333333333	0.10909090909090902	0.1696969696969699	0.10909090909090913	-0.08484848484848484	-0.18181818181818188	-0.060606060606060552	0.08484848484848484	0.07272727272727264	-0.012121212121212088	0.1333333333333333	0.10909090909090902	0.1696969696969699	0.10909090909090913	0.08484848484848484	0.18181818181818188	0.060606060606060552	0.08484848484848484	0.07272727272727264	0.012121212121212088	0.18181818181818188
182	5	-0.19393939393939397	-0.036363636363636376	0.08484848484848484	-0.012121212121212088	-0.13333333333333341	-0.036363636363636154	-0.024242424242424399	0.012121212121212088	-0.060606060606060552	-0.012121212121212088	0.19393939393939397	0.036363636363636376	0.08484848484848484	0.012121212121212088	0.13333333333333341	0.036363636363636154	0.024242424242424399	0.012121212121212088	0.060606060606060552	0.012121212121212088	0.19393939393939397
183	6	-0.23030303030303023	-0.10909090909090902	0.21818181818181814	0.10909090909090902	-0.16969696969696979	0.012121212121212088	0.036363636363636376	0.024242424242424288	-0.024242424242424176	-0.012121212121212088	0.23030303030303023	0.10909090909090902	0.21818181818181814	0.10909090909090902	0.16969696969696979	0.012121212121212088	0.036363636363636376	0.024242424242424288	0.024242424242424176	0.012121212121212088	0.23030303030303023
184	4	0.07272727272727264	0.15757575757575748	-0.08484848484848484	-0.060606060606060663	0.048484848484848575	-0.13333333333333341	-0.072727272727272863	-0.18181818181818166	-0.12121212121212122	-0.060606060606060552	0.07272727272727264	0.15757575757575748	0.08484848484848484	0.060606060606060663	0.048484848484848575	0.13333333333333341	0.072727272727272863	0.18181818181818166	0.12121212121212122	0.060606060606060552	0.18181818181818166
185	5	0.036363636363636265	0.08484848484848484	0.060606060606060663	0.060606060606060552	0.024242424242424176	-0.072727272727272863	0.01212121212121231	-0.16969696969696957	-0.096969696969697039	-0.060606060606060552	0.036363636363636265	0.08484848484848484	0.060606060606060663	0.060606060606060552	0.024242424242424176	0.072727272727272863	0.01212121212121231	0.16969696969696957	0.096969696969697039	0.060606060606060552	0.16969696969696957
186	5	-0.024242424242424065	-0.072727272727272863	0.012121212121212088	-0.036363636363636376	-0.060606060606060552	0.036363636363636487	0.012121212121212088	-0.24242424242424232	-0.21818181818181803	-0.060606060606060552	0.024242424242424065	0.072727272727272863	0.012121212121212088	0.036363636363636376	0.060606060606060552	0.036363636363636487	0.012121212121212088	0.24242424242424232	0.21818181818181803	0.060606060606060552	0.24242424242424232
187	6	-0.060606060606060552	-0.1454545454545455	0.12121212121212122	0.060606060606060663	-0.096969696969696817	0.084848484848484951	0.072727272727272863	-0.24242424242424232	-0.20606060606060606	-0.060606060606060552	0.060606060606060552	0.1454545454545455	0.12121212121212122	0.060606060606060663	0.096969696969696817	0.084848484848484951	0.072727272727272863	0.24242424242424232	0.20606060606060606	0.060606060606060552	0.24242424242424232
188	5	0	0.048484848484848464	-0.048484848484848464	-0.048484848484848464	-0.024242424242424176	-0.13333333333333341	-0.072727272727272863	-0.19393939393939397	-0.10909090909090902	-0.060606060606060552	0	0.048484848484848464	0.048484848484848464	0.048484848484848464	0.024242424242424176	0.13333333333333341	0.072727272727272863	0.19393939393939397	0.10909090909090902	0.060606060606060552	0.19393939393939397
189	6	-0.036363636363636376	-0.048484848484848464	0.08484848484848484	0.060606060606060552	-0.060606060606060552	-0.060606060606060774	0.024242424242424288	-0.20606060606060594	-0.10909090909090913	-0.060606060606060552	0.036363636363636376	0.048484848484848464	0.08484848484848484	0.060606060606060552	0.060606060606060552	0.060606060606060774	0.024242424242424288	0.20606060606060594	0.10909090909090913	0.060606060606060552	0.20606060606060594
190	6	-0.08484848484848484	-0.15757575757575759	0.012121212121212088	-0.060606060606060663	-0.14545454545454539	0.036363636363636487	0.012121212121212088	-0.23030303030303023	-0.19393939393939386	-0.060606060606060552	0.08484848484848484	0.15757575757575759	0.012121212121212088	0.060606060606060663	0.14545454545454539	0.036363636363636487	0.012121212121212088	0.23030303030303023	0.19393939393939386	0.060606060606060552	0.23030303030303023
191	7	-0.12121212121212122	-0.2787878787878787	0.13333333333333341	0.048484848484848575	-0.19393939393939386	0.096969696969697039	0.084848484848484951	-0.25454545454545452	-0.20606060606060606	-0.060606060606060552	0.12121212121212122	0.2787878787878787	0.13333333333333341	0.048484848484848575	0.19393939393939386	0.096969696969697039	0.084848484848484951	0.25454545454545452	0.20606060606060606	0.060606060606060552	0.2787878787878787
192	2	0.26666666666666661	0.60606060606060597	0.15757575757575748	0.024242424242424176	0.30303030303030309	-0.060606060606060663	0.072727272727272863	0.50909090909090893	0.44848484848484838	0.048484848484848464	0.26666666666666661	0.60606060606060597	0.15757575757575748	0.024242424242424176	0.30303030303030309	0.060606060606060663	0.072727272727272863	0.50909090909090893	0.44848484848484838	0.048484848484848464	0.60606060606060597
193	3	0.24242424242424232	0.53333333333333321	0.31515151515151507	0.16969696969696968	0.24242424242424254	0	0.13333333333333341	0.48484848484848486	0.44848484848484838	0.048484848484848464	0.24242424242424232	0.53333333333333321	0.31515151515151507	0.16969696969696968	0.24242424242424254	0	0.13333333333333341	0.48484848484848486	0.44848484848484838	0.048484848484848464	0.53333333333333321
194	3	0.20606060606060617	0.30303030303030309	0.2787878787878787	0.10909090909090902	0.16969696969696968	0.084848484848484951	0.13333333333333341	0.41212121212121217	0.27878787878787881	0.024242424242424176	0.20606060606060617	0.30303030303030309	0.2787878787878787	0.10909090909090902	0.16969696969696968	0.084848484848484951	0.13333333333333341	0.41212121212121217	0.27878787878787881	0.024242424242424176	0.41212121212121217
195	4	0.18181818181818177	0.25454545454545441	0.40000000000000002	0.23030303030303045	0.1212121212121211	0.13333333333333319	0.19393939393939397	0.37575757575757573	0.26666666666666661	0.024242424242424176	0.18181818181818177	0.25454545454545441	0.40000000000000002	0.23030303030303045	0.1212121212121211	0.13333333333333319	0.19393939393939397	0.37575757575757573	0.26666666666666661	0.024242424242424176	0.40000000000000002
196	3	0.20606060606060617	0.50909090909090904	0.24242424242424232	0.096969696969697039	0.19393939393939397	-0.084848484848484951	0.048484848484848575	0.46060606060606063	0.39999999999999991	0.048484848484848464	0.20606060606060617	0.50909090909090904	0.24242424242424232	0.096969696969697039	0.19393939393939397	0.084848484848484951	0.048484848484848575	0.46060606060606063	0.39999999999999991	0.048484848484848464	0.50909090909090904
197	4	0.18181818181818177	0.4363636363636364	0.36363636363636365	0.20606060606060606	0.14545454545454539	-0.036363636363636487	0.096969696969697039	0.46060606060606057	0.4242424242424242	0.048484848484848464	0.18181818181818177	0.4363636363636364	0.36363636363636365	0.20606060606060606	0.14545454545454539	0.036363636363636487	0.096969696969697039	0.46060606060606057	0.4242424242424242	0.048484848484848464	0.46060606060606057
198	4	0.10909090909090913	0.23030303030303034	0.32727272727272716	0.12121212121212122	0.072727272727272863	0.084848484848484618	0.13333333333333319	0.36363636363636365	0.24242424242424254	0.024242424242424176	0.10909090909090913	0.23030303030303034	0.32727272727272716	0.12121212121212122	0.072727272727272863	0.084848484848484618	0.13333333333333319	0.36363636363636365	0.24242424242424254	0.024242424242424176	0.36363636363636365
199	5	0.08484848484848484	0.15757575757575748	0.43636363636363645	0.23030303030303023	0.036363636363636265	0.12121212121212133	0.18181818181818199	0.35151515151515145	0.25454545454545452	0.024242424242424176	0.08484848484848484	0.15757575757575748	0.43636363636363645	0.23030303030303023	0.036363636363636265	0.12121212121212133	0.18181818181818199	0.35151515151515145	0.25454545454545452	0.024242424242424176	0.43636363636363645
200	3	0.31515151515151518	0.46060606060606063	0.10909090909090913	0.036363636363636376	0.24242424242424243	0.012121212121212088	0.096969696969697039	0.16969696969696979	0.20606060606060594	-0.012121212121212088	0.31515151515151518	0.46060606060606063	0.10909090909090913	0.036363636363636376	0.24242424242424243	0.012121212121212088	0.096969696969697039	0.16969696969696979	0.20606060606060594	0.012121212121212088	0.46060606060606063
201	4	0.29090909090909078	0.38787878787878782	0.23030303030303034	0.14545454545454539	0.24242424242424243	0.060606060606060552	0.1454545454545455	0.18181818181818199	0.23030303030303034	-0.012121212121212088	0.29090909090909078	0.38787878787878782	0.23030303030303034	0.14545454545454539	0.24242424242424243	0.060606060606060552	0.1454545454545455	0.18181818181818199	0.23030303030303034	0.012121212121212088	0.38787878787878782
202	4	0.21818181818181803	0.19393939393939397	0.20606060606060594	0.060606060606060774	0.15757575757575748	0.16969696969696979	0.16969696969696979	0.10909090909090913	0.084848484848484729	-0.036363636363636376	0.21818181818181803	0.19393939393939397	0.20606060606060594	0.060606060606060774	0.15757575757575748	0.16969696969696979	0.16969696969696979	0.10909090909090913	0.084848484848484729	0.036363636363636376	0.21818181818181803
203	5	0.19393939393939397	0.12121212121212133	0.31515151515151518	0.16969696969696957	0.14545454545454561	0.20606060606060606	0.21818181818181814	0.10909090909090913	0.096969696969696928	-0.036363636363636376	0.19393939393939397	0.12121212121212133	0.31515151515151518	0.16969696969696957	0.14545454545454561	0.20606060606060606	0.21818181818181814	0.10909090909090913	0.096969696969696928	0.036363636363636376	0.31515151515151518
204	4	0.24242424242424254	0.36363636363636365	0.1575757575757577	0.060606060606060663	0.15757575757575748	-0.01212121212121231	0.072727272727272863	0.1575757575757577	0.19393939393939397	-0.012121212121212088	0.24242424242424254	0.36363636363636365	0.1575757575757577	0.060606060606060663	0.15757575757575748	0.01212121212121231	0.072727272727272863	0.1575757575757577	0.19393939393939397	0.012121212121212088	0.36363636363636365
205	5	0.21818181818181803	0.26666666666666661	0.26666666666666672	0.15757575757575748	0.1454545454545455	0.048484848484848464	0.13333333333333319	0.16969696969696968	0.21818181818181803	-0.012121212121212088	0.21818181818181803	0.26666666666666661	0.26666666666666672	0.15757575757575748	0.1454545454545455	0.048484848484848464	0.13333333333333319	0.16969696969696968	0.21818181818181803	0.012121212121212088	0.26666666666666672
206	5	0.15757575757575748	0.12121212121212122	0.24242424242424254	0.048484848484848575	0.060606060606060774	0.1454545454545455	0.1454545454545455	0.096969696969696928	0.084848484848484729	-0.036363636363636376	0.15757575757575748	0.12121212121212122	0.24242424242424254	0.048484848484848575	0.060606060606060774	0.1454545454545455	0.1454545454545455	0.096969696969696928	0.084848484848484729	0.036363636363636376	0.24242424242424254
207	6	0.1333333333333333	0	0.36363636363636365	0.16969696969696968	0.036363636363636265	0.19393939393939397	0.20606060606060606	0.09696969696969715	0.096969696969696928	-0.036363636363636376	0.1333333333333333	0	0.36363636363636365	0.16969696969696968	0.036363636363636265	0.19393939393939397	0.20606060606060606	0.09696969696969715	0.096969696969696928	0.036363636363636376	0.36363636363636365
208	3	0.12121212121212122	0.52121212121212102	0.072727272727272751	-0.012121212121212088	0.18181818181818166	-0.07272727272727264	-0.01212121212121231	0.36363636363636354	0.25454545454545463	0	0.12121212121212122	0.52121212121212102	0.072727272727272751	0.012121212121212088	0.18181818181818166	0.07272727272727264	0.01212121212121231	0.36363636363636354	0.25454545454545463	0	0.52121212121212102
209	4	0.096969696969697039	0.44848484848484838	0.23030303030303023	0.13333333333333341	0.1333333333333333	-0.012121212121211977	0.048484848484848242	0.35151515151515156	0.26666666666666672	0	0.096969696969697039	0.44848484848484838	0.23030303030303023	0.13333333333333341	0.1333333333333333	0.012121212121211977	0.048484848484848242	0.35151515151515156	0.26666666666666672	0	0.44848484848484838
210	4	0.048484848484848575	0.26666666666666661	0.18181818181818177	0.060606060606060663	0.060606060606060552	0.084848484848484951	0.060606060606060552	0.29090909090909078	0.12121212121212133	-0.024242424242424176	0.048484848484848575	0.26666666666666661	0.18181818181818177	0.060606060606060663	0.060606060606060552	0.084848484848484951	0.060606060606060552	0.29090909090909078	0.12121212121212133	0.024242424242424176	0.29090909090909078
211	5	0.024242424242424288	0.21818181818181825	0.30303030303030309	0.18181818181818177	0.024242424242424176	0.13333333333333319	0.12121212121212133	0.26666666666666683	0.12121212121212122	-0.024242424242424176	0.024242424242424288	0.21818181818181825	0.30303030303030309	0.18181818181818177	0.024242424242424176	0.13333333333333319	0.12121212121212133	0.26666666666666683	0.12121212121212122	0.024242424242424176	0.30303030303030309
212	4	0.048484848484848575	0.38787878787878793	0.1454545454545455	0.048484848484848464	0.072727272727272863	-0.084848484848484951	-0.024242424242424176	0.32727272727272716	0.21818181818181825	0	0.048484848484848575	0.38787878787878793	0.1454545454545455	0.048484848484848464	0.072727272727272863	0.084848484848484951	0.024242424242424176	0.32727272727272716	0.21818181818181825	0	0.38787878787878793
213	5	0.024242424242424288	0.31515151515151518	0.26666666666666672	0.1575757575757577	0.036363636363636265	-0.036363636363636487	0.024242424242424399	0.33939393939393947	0.25454545454545463	0	0.024242424242424288	0.31515151515151518	0.26666666666666672	0.1575757575757577	0.036363636363636265	0.036363636363636487	0.024242424242424399	0.33939393939393947	0.25454545454545463	0	0.33939393939393947
214	5	-0.060606060606060663	0.1575757575757577	0.21818181818181814	0.060606060606060552	-0.036363636363636154	0.096969696969696928	0.072727272727272863	0.25454545454545452	0.09696969696969715	-0.024242424242424176	0.060606060606060663	0.1575757575757577	0.21818181818181814	0.060606060606060552	0.036363636363636154	0.096969696969696928	0.072727272727272863	0.25454545454545452	0.09696969696969715	0.024242424242424176	0.25454545454545452
215	6	-0.08484848484848484	0.084848484848485062	0.32727272727272716	0.1696969696969699	-0.060606060606060552	0.13333333333333341	0.12121212121212122	0.25454545454545452	0.12121212121212133	-0.024242424242424176	0.08484848484848484	0.084848484848485062	0.32727272727272716	0.1696969696969699	0.060606060606060552	0.13333333333333341	0.12121212121212122	0.25454545454545452	0.12121212121212133	0.024242424242424176	0.32727272727272716
216	4	0.19393939393939386	0.37575757575757573	0.048484848484848575	0.024242424242424176	0.16969696969696979	0	0.024242424242424176	0.08484848484848484	0.060606060606060552	-0.060606060606060552	0.19393939393939386	0.37575757575757573	0.048484848484848575	0.024242424242424176	0.16969696969696979	0	0.024242424242424176	0.08484848484848484	0.060606060606060552	0.060606060606060552	0.37575757575757573
217	5	0.16969696969696968	0.30303030303030309	0.16969696969696957	0.13333333333333341	0.15757575757575748	0.048484848484848464	0.072727272727272863	0.084848484848484729	0.07272727272727264	-0.060606060606060552	0.16969696969696968	0.30303030303030309	0.16969696969696957	0.13333333333333341	0.15757575757575748	0.048484848484848464	0.072727272727272863	0.084848484848484729	0.07272727272727264	0.060606060606060552	0.30303030303030309
218	5	0.08484848484848484	0.13333333333333341	0.1333333333333333	0.036363636363636376	0.072727272727272863	0.16969696969696979	0.10909090909090913	0.024242424242424288	-0.048484848484848464	-0.084848484848484951	0.08484848484848484	0.13333333333333341	0.1333333333333333	0.036363636363636376	0.072727272727272863	0.16969696969696979	0.10909090909090913	0.024242424242424288	0.048484848484848464	0.084848484848484951	0.16969696969696979
219	6	0.060606060606060774	0.060606060606060774	0.24242424242424232	0.1454545454545455	0.048484848484848575	0.20606060606060606	0.15757575757575759	0.012121212121212088	-0.048484848484848575	-0.084848484848484951	0.060606060606060774	0.060606060606060774	0.24242424242424232	0.1454545454545455	0.048484848484848575	0.20606060606060606	0.15757575757575759	0.012121212121212088	0.048484848484848575	0.084848484848484951	0.24242424242424232
220	5	0.10909090909090913	0.26666666666666672	0.08484848484848484	0.036363636363636265	0.084848484848484951	-0.01212121212121231	0.012121212121212088	0.08484848484848484	0.060606060606060552	-0.060606060606060552	0.10909090909090913	0.26666666666666672	0.08484848484848484	0.036363636363636265	0.084848484848484951	0.01212121212121231	0.012121212121212088	0.08484848484848484	0.060606060606060552	0.060606060606060552	0.26666666666666672
221	6	0.08484848484848484	0.16969696969696968	0.19393939393939386	0.13333333333333341	0.060606060606060552	0.048484848484848464	0.072727272727272863	0.08484848484848484	0.072727272727272863	-0.060606060606060552	0.08484848484848484	0.16969696969696968	0.19393939393939386	0.13333333333333341	0.060606060606060552	0.048484848484848464	0.072727272727272863	0.08484848484848484	0.072727272727272863	0.060606060606060552	0.19393939393939386
222	6	0.012121212121212199	0.048484848484848464	0.15757575757575759	0.012121212121212088	-0.024242424242424065	0.1575757575757577	0.096969696969697039	0.024242424242424288	-0.036363636363636376	-0.084848484848484951	0.012121212121212199	0.048484848484848464	0.15757575757575759	0.012121212121212088	0.024242424242424065	0.1575757575757577	0.096969696969697039	0.024242424242424288	0.036363636363636376	0.084848484848484951	0.1575757575757577
223	7	-0.012121212121212199	-0.07272727272727264	0.2787878787878787	0.1333333333333333	-0.060606060606060774	0.20606060606060606	0.15757575757575759	0.012121212121212088	-0.036363636363636376	-0.084848484848484951	0.012121212121212199	0.07272727272727264	0.2787878787878787	0.1333333333333333	0.060606060606060774	0.20606060606060606	0.15757575757575759	0.012121212121212088	0.036363636363636376	0.084848484848484951	0.2787878787878787
224	3	0.13333333333333341	0.49696969696969706	0.060606060606060663	-0.08484848484848484	0.2787878787878787	-0.16969696969696979	-0.10909090909090902	0.30303030303030298	0.20606060606060617	-0.012121212121212088	0.13333333333333341	0.49696969696969706	0.060606060606060663	0.08484848484848484	0.2787878787878787	0.16969696969696979	0.10909090909090902	0.30303030303030298	0.20606060606060617	0.012121212121212088	0.49696969696969706
225	4	0.10909090909090913	0.42424242424242409	0.21818181818181814	0.060606060606060552	0.21818181818181814	-0.10909090909090924	-0.048484848484848464	0.29090909090909089	0.21818181818181825	-0.012121212121212088	0.10909090909090913	0.42424242424242409	0.21818181818181814	0.060606060606060552	0.21818181818181814	0.10909090909090924	0.048484848484848464	0.29090909090909089	0.21818181818181825	0.012121212121212088	0.42424242424242409
226	4	0.060606060606060663	0.21818181818181825	0.1696969696969699	0.012121212121212088	0.1333333333333333	-0.024242424242424399	-0.01212121212121231	0.21818181818181825	0.072727272727272751	-0.036363636363636265	0.060606060606060663	0.21818181818181825	0.1696969696969699	0.012121212121212088	0.1333333333333333	0.024242424242424399	0.01212121212121231	0.21818181818181825	0.072727272727272751	0.036363636363636265	0.21818181818181825
227	5	0.036363636363636487	0.16969696969696957	0.29090909090909078	0.13333333333333341	0.084848484848484729	0.024242424242424399	0.048484848484848464	0.19393939393939397	0.07272727272727264	-0.036363636363636265	0.036363636363636487	0.16969696969696957	0.29090909090909078	0.13333333333333341	0.084848484848484729	0.024242424242424399	0.048484848484848464	0.19393939393939397	0.07272727272727264	0.036363636363636265	0.29090909090909078
228	4	0.060606060606060663	0.38787878787878793	0.1333333333333333	-0.012121212121212088	0.1696969696969699	-0.19393939393939386	-0.13333333333333341	0.25454545454545452	0.15757575757575759	-0.012121212121212088	0.060606060606060663	0.38787878787878793	0.1333333333333333	0.012121212121212088	0.1696969696969699	0.19393939393939386	0.13333333333333341	0.25454545454545452	0.15757575757575759	0.012121212121212088	0.38787878787878793
229	5	0.036363636363636487	0.31515151515151518	0.25454545454545452	0.096969696969696928	0.1212121212121211	-0.14545454545454528	-0.084848484848484951	0.26666666666666661	0.19393939393939397	-0.012121212121212088	0.036363636363636487	0.31515151515151518	0.25454545454545452	0.096969696969696928	0.1212121212121211	0.14545454545454528	0.084848484848484951	0.26666666666666661	0.19393939393939397	0.012121212121212088	0.31515151515151518
230	5	-0.048484848484848464	0.13333333333333319	0.20606060606060606	0	0.036363636363636376	-0.024242424242424065	-0.012121212121212088	0.16969696969696968	0.036363636363636376	-0.036363636363636265	0.048484848484848464	0.13333333333333319	0.20606060606060606	0	0.036363636363636376	0.024242424242424065	0.012121212121212088	0.16969696969696968	0.036363636363636376	0.036363636363636265	0.20606060606060606
231	6	-0.072727272727272751	0.060606060606060552	0.31515151515151518	0.10909090909090913	0	0.012121212121212088	0.036363636363636487	0.16969696969696979	0.060606060606060552	-0.036363636363636265	0.072727272727272751	0.060606060606060552	0.31515151515151518	0.10909090909090913	0	0.012121212121212088	0.036363636363636487	0.16969696969696979	0.060606060606060552	0.036363636363636265	0.31515151515151518
232	4	0.20606060606060617	0.35151515151515156	0.036363636363636376	-0.060606060606060552	0.21818181818181825	-0.096969696969696928	-0.048484848484848464	0.012121212121212088	0.012121212121212088	-0.07272727272727264	0.20606060606060617	0.35151515151515156	0.036363636363636376	0.060606060606060552	0.21818181818181825	0.096969696969696928	0.048484848484848464	0.012121212121212088	0.012121212121212088	0.07272727272727264	0.35151515151515156
233	5	0.18181818181818166	0.2787878787878787	0.1575757575757577	0.048484848484848575	0.21818181818181825	-0.048484848484848464	0	0.012121212121211977	0.024242424242424065	-0.07272727272727264	0.18181818181818166	0.2787878787878787	0.1575757575757577	0.048484848484848575	0.21818181818181825	0.048484848484848464	0	0.012121212121211977	0.024242424242424065	0.07272727272727264	0.2787878787878787
234	5	0.096969696969696928	0.10909090909090913	0.12121212121212122	-0.048484848484848464	0.1212121212121211	0.060606060606060552	0.036363636363636265	-0.060606060606060663	-0.096969696969696928	-0.096969696969696928	0.096969696969696928	0.10909090909090913	0.12121212121212122	0.048484848484848464	0.1212121212121211	0.060606060606060552	0.036363636363636265	0.060606060606060663	0.096969696969696928	0.096969696969696928	0.12121212121212122
235	6	0.07272727272727264	0.036363636363636487	0.23030303030303034	0.060606060606060552	0.10909090909090913	0.096969696969697039	0.084848484848484618	-0.072727272727272751	-0.096969696969696928	-0.096969696969696928	0.07272727272727264	0.036363636363636487	0.23030303030303034	0.060606060606060552	0.10909090909090913	0.096969696969697039	0.084848484848484618	0.072727272727272751	0.096969696969696928	0.096969696969696928	0.23030303030303034
236	5	0.1212121212121211	0.24242424242424243	0.072727272727272751	-0.036363636363636376	0.13333333333333319	-0.12121212121212133	-0.072727272727272863	0	0	-0.07272727272727264	0.1212121212121211	0.24242424242424243	0.072727272727272751	0.036363636363636376	0.13333333333333319	0.12121212121212133	0.072727272727272863	0	0	0.07272727272727264	0.24242424242424243
237	6	0.096969696969696928	0.14545454545454539	0.18181818181818188	0.060606060606060663	0.12121212121212133	-0.060606060606060552	-0.012121212121212088	0	0.012121212121211977	-0.07272727272727264	0.096969696969696928	0.14545454545454539	0.18181818181818188	0.060606060606060663	0.12121212121212133	0.060606060606060552	0.012121212121212088	0	0.012121212121211977	0.07272727272727264	0.18181818181818188
238	6	0.024242424242424176	0.024242424242424065	0.14545454545454539	-0.08484848484848484	0.024242424242424399	0.036363636363636154	0.012121212121212088	-0.072727272727272863	-0.096969696969696817	-0.096969696969696928	0.024242424242424176	0.024242424242424065	0.14545454545454539	0.08484848484848484	0.024242424242424399	0.036363636363636154	0.012121212121212088	0.072727272727272863	0.096969696969696817	0.096969696969696928	0.14545454545454539
239	7	0	-0.09696969696969715	0.26666666666666661	0.036363636363636376	0	0.084848484848484951	0.07272727272727264	-0.08484848484848484	-0.096969696969697039	-0.096969696969696928	0	0.09696969696969715	0.26666666666666661	0.036363636363636376	0	0.084848484848484951	0.07272727272727264	0.08484848484848484	0.096969696969697039	0.096969696969696928	0.26666666666666661
240	4	0	0.4242424242424242	0	-0.10909090909090913	0.14545454545454539	-0.16969696969696979	-0.15757575757575759	0.1696969696969699	0.036363636363636376	-0.060606060606060663	0	0.4242424242424242	0	0.10909090909090913	0.14545454545454539	0.16969696969696979	0.15757575757575759	0.1696969696969699	0.036363636363636376	0.060606060606060663	0.4242424242424242
241	5	-0.024242424242424176	0.35151515151515161	0.15757575757575759	0.036363636363636265	0.096969696969697039	-0.10909090909090924	-0.096969696969697039	0.16969696969696968	0.060606060606060552	-0.060606060606060663	0.024242424242424176	0.35151515151515161	0.15757575757575759	0.036363636363636265	0.096969696969697039	0.10909090909090924	0.096969696969697039	0.16969696969696968	0.060606060606060552	0.060606060606060663	0.35151515151515161
242	5	-0.08484848484848484	0.16969696969696968	0.096969696969696928	-0.024242424242424176	0.012121212121212088	-0.01212121212121231	-0.072727272727272863	0.10909090909090913	-0.08484848484848484	-0.10909090909090913	0.08484848484848484	0.16969696969696968	0.096969696969696928	0.024242424242424176	0.012121212121212088	0.01212121212121231	0.072727272727272863	0.10909090909090913	0.08484848484848484	0.10909090909090913	0.16969696969696968
243	6	-0.10909090909090902	0.12121212121212122	0.21818181818181825	0.096969696969697039	-0.024242424242424288	0.036363636363636376	-0.01212121212121231	0.096969696969696928	-0.07272727272727264	-0.10909090909090913	0.10909090909090902	0.12121212121212122	0.21818181818181825	0.096969696969697039	0.024242424242424288	0.036363636363636376	0.01212121212121231	0.096969696969696928	0.07272727272727264	0.10909090909090913	0.21818181818181825
244	5	-0.08484848484848484	0.30303030303030309	0.060606060606060663	-0.048484848484848464	0.036363636363636376	-0.18181818181818177	-0.16969696969696979	0.13333333333333341	0	-0.060606060606060663	0.08484848484848484	0.30303030303030309	0.060606060606060663	0.048484848484848464	0.036363636363636376	0.18181818181818177	0.16969696969696979	0.13333333333333341	0	0.060606060606060663	0.30303030303030309
245	6	-0.10909090909090902	0.23030303030303023	0.18181818181818199	0.060606060606060552	0	-0.13333333333333319	-0.12121212121212133	0.15757575757575759	0.048484848484848242	-0.060606060606060663	0.10909090909090902	0.23030303030303023	0.18181818181818199	0.060606060606060552	0	0.13333333333333319	0.12121212121212133	0.15757575757575759	0.048484848484848242	0.060606060606060663	0.23030303030303023
246	6	-0.20606060606060617	0.072727272727272863	0.1212121212121211	-0.048484848484848575	-0.084848484848484729	0	-0.060606060606060552	0.072727272727272751	-0.10909090909090913	-0.10909090909090913	0.20606060606060617	0.072727272727272863	0.1212121212121211	0.048484848484848575	0.084848484848484729	0	0.060606060606060552	0.072727272727272751	0.10909090909090913	0.10909090909090913	0.20606060606060617
247	7	-0.23030303030303023	0	0.23030303030303023	0.060606060606060663	-0.10909090909090902	0.036363636363636487	-0.012121212121212088	0.08484848484848484	-0.07272727272727264	-0.10909090909090913	0.23030303030303023	0	0.23030303030303023	0.060606060606060663	0.10909090909090902	0.036363636363636487	0.012121212121212088	0.08484848484848484	0.07272727272727264	0.10909090909090913	0.23030303030303023
248	5	0.07272727272727264	0.27878787878787881	-0.024242424242424288	-0.08484848484848484	0.13333333333333341	-0.096969696969696928	-0.10909090909090902	-0.08484848484848484	-0.1333333333333333	-0.1212121212121211	0.07272727272727264	0.27878787878787881	0.024242424242424288	0.08484848484848484	0.13333333333333341	0.096969696969696928	0.10909090909090902	0.08484848484848484	0.1333333333333333	0.1212121212121211	0.27878787878787881
249	6	0.048484848484848464	0.20606060606060606	0.096969696969696928	0.024242424242424288	0.1212121212121211	-0.048484848484848464	-0.060606060606060774	-0.096969696969696928	-0.1333333333333333	-0.1212121212121211	0.048484848484848464	0.20606060606060606	0.096969696969696928	0.024242424242424288	0.1212121212121211	0.048484848484848464	0.060606060606060774	0.096969696969696928	0.1333333333333333	0.1212121212121211	0.20606060606060606
250	6	-0.048484848484848575	0.036363636363636487	0.048484848484848464	-0.08484848484848484	0.024242424242424288	0.07272727272727264	-0.036363636363636487	-0.15757575757575759	-0.25454545454545452	-0.16969696969696957	0.048484848484848575	0.036363636363636487	0.048484848484848464	0.08484848484848484	0.024242424242424288	0.07272727272727264	0.036363636363636487	0.15757575757575759	0.25454545454545452	0.16969696969696957	0.25454545454545452
251	7	-0.072727272727272751	-0.036363636363636376	0.15757575757575748	0.024242424242424176	0	0.10909090909090913	0.01212121212121231	-0.18181818181818188	-0.26666666666666661	-0.16969696969696957	0.072727272727272751	0.036363636363636376	0.15757575757575748	0.024242424242424176	0	0.10909090909090913	0.01212121212121231	0.18181818181818188	0.26666666666666661	0.16969696969696957	0.26666666666666661
252	6	-0.024242424242424288	0.18181818181818177	0	-0.072727272727272751	0.048484848484848575	-0.10909090909090924	-0.12121212121212133	-0.08484848484848484	-0.1333333333333333	-0.1212121212121211	0.024242424242424288	0.18181818181818177	0	0.072727272727272751	0.048484848484848575	0.10909090909090924	0.12121212121212133	0.08484848484848484	0.1333333333333333	0.1212121212121211	0.18181818181818177
253	7	-0.048484848484848575	0.08484848484848484	0.10909090909090913	0.024242424242424288	0.024242424242424065	-0.048484848484848464	-0.060606060606060774	-0.096969696969697039	-0.1333333333333333	-0.1212121212121211	0.048484848484848575	0.08484848484848484	0.10909090909090913	0.024242424242424288	0.024242424242424065	0.048484848484848464	0.060606060606060774	0.096969696969697039	0.1333333333333333	0.1212121212121211	0.1333333333333333
254	7	-0.13333333333333341	-0.036363636363636376	0.060606060606060663	-0.1333333333333333	-0.07272727272727264	0.060606060606060552	-0.048484848484848464	-0.15757575757575759	-0.24242424242424243	-0.16969696969696957	0.13333333333333341	0.036363636363636376	0.060606060606060663	0.1333333333333333	0.07272727272727264	0.060606060606060552	0.048484848484848464	0.15757575757575759	0.24242424242424243	0.16969696969696957	0.24242424242424243
255	8	-0.15757575757575759	-0.15757575757575759	0.18181818181818177	-0.012121212121212088	-0.10909090909090924	0.10909090909090913	0.01212121212121231	-0.18181818181818177	-0.25454545454545452	-0.16969696969696957	0.15757575757575759	0.15757575757575759	0.18181818181818177	0.012121212121212088	0.10909090909090924	0.10909090909090913	0.01212121212121231	0.18181818181818177	0.25454545454545452	0.16969696969696957	0.25454545454545452
256	1	0.23030303030303023	0.3393939393939393	-0.30303030303030304	-0.08484848484848484	0.18181818181818177	-0.036363636363636265	0.060606060606060552	0.36363636363636359	0.37575757575757573	0.21818181818181814	0.23030303030303023	0.3393939393939393	0.30303030303030304	0.08484848484848484	0.18181818181818177	0.036363636363636265	0.060606060606060552	0.36363636363636359	0.37575757575757573	0.21818181818181814	0.37575757575757573
257	2	0.20606060606060606	0.21818181818181814	-0.14545454545454545	0.072727272727272751	0.1212121212121211	0.024242424242424288	0.1333333333333333	0.36363636363636354	0.39999999999999991	0.21818181818181814	0.20606060606060606	0.21818181818181814	0.14545454545454545	0.072727272727272751	0.1212121212121211	0.024242424242424288	0.1333333333333333	0.36363636363636354	0.39999999999999991	0.21818181818181814	0.39999999999999991
258	2	0.10909090909090902	0.08484848484848484	-0.18181818181818177	-0.10909090909090913	0.048484848484848242	0.16969696969696968	0.13333333333333319	0.25454545454545452	0.24242424242424232	0.16969696969696968	0.10909090909090902	0.08484848484848484	0.18181818181818177	0.10909090909090913	0.048484848484848242	0.16969696969696968	0.13333333333333319	0.25454545454545452	0.24242424242424232	0.16969696969696968	0.25454545454545452
259	3	0.084848484848484729	-0.012121212121212088	-0.060606060606060552	0	0	0.21818181818181825	0.18181818181818199	0.24242424242424232	0.25454545454545452	0.16969696969696968	0.084848484848484729	0.012121212121212088	0.060606060606060552	0	0	0.21818181818181825	0.18181818181818199	0.24242424242424232	0.25454545454545452	0.16969696969696968	0.25454545454545452
260	2	0.1454545454545455	0.24242424242424243	-0.24242424242424238	-0.096969696969696983	0.08484848484848484	-0.036363636363636265	0.060606060606060552	0.38787878787878782	0.412121212121212	0.21818181818181814	0.1454545454545455	0.24242424242424243	0.24242424242424238	0.096969696969696983	0.08484848484848484	0.036363636363636265	0.060606060606060552	0.38787878787878782	0.412121212121212	0.21818181818181814	0.412121212121212
261	3	0.1212121212121211	0.1696969696969699	-0.1212121212121211	0.024242424242424176	0.036363636363636265	0.012121212121212088	0.12121212121212122	0.38787878787878782	0.43636363636363629	0.21818181818181814	0.1212121212121211	0.1696969696969699	0.1212121212121211	0.024242424242424176	0.036363636363636265	0.012121212121212088	0.12121212121212122	0.38787878787878782	0.43636363636363629	0.21818181818181814	0.43636363636363629
262	3	-0.012121212121212199	-0.012121212121212199	-0.15757575757575759	-0.10909090909090902	-0.036363636363636376	0.16969696969696968	0.13333333333333319	0.2787878787878787	0.26666666666666661	0.16969696969696968	0.012121212121212199	0.012121212121212199	0.15757575757575759	0.10909090909090902	0.036363636363636376	0.16969696969696968	0.13333333333333319	0.2787878787878787	0.26666666666666661	0.16969696969696968	0.2787878787878787
263	4	-0.036363636363636376	-0.084848484848485062	-0.048484848484848464	-0.012121212121212088	-0.072727272727272863	0.20606060606060594	0.16969696969696968	0.2666666666666665	0.2787878787878787	0.16969696969696968	0.036363636363636376	0.084848484848485062	0.048484848484848464	0.012121212121212088	0.072727272727272863	0.20606060606060594	0.16969696969696968	0.2666666666666665	0.2787878787878787	0.16969696969696968	0.2787878787878787
264	2	0.2787878787878787	0.19393939393939397	-0.32727272727272722	-0.14545454545454539	0.18181818181818188	0.012121212121212088	0.072727272727272751	0.072727272727272751	0.18181818181818177	0.15757575757575748	0.2787878787878787	0.19393939393939397	0.32727272727272722	0.14545454545454539	0.18181818181818188	0.012121212121212088	0.072727272727272751	0.072727272727272751	0.18181818181818177	0.15757575757575748	0.32727272727272722
265	3	0.25454545454545452	0.12121212121212133	-0.20606060606060594	-0.024242424242424288	0.1575757575757577	0.060606060606060552	0.13333333333333341	0.10909090909090902	0.23030303030303045	0.15757575757575748	0.25454545454545452	0.12121212121212133	0.20606060606060594	0.024242424242424288	0.1575757575757577	0.060606060606060552	0.13333333333333341	0.10909090909090902	0.23030303030303045	0.15757575757575748	0.25454545454545452
266	3	0.14545454545454539	-0.048484848484848575	-0.25454545454545441	-0.15757575757575748	0.07272727272727264	0.20606060606060617	0.1575757575757577	0	0.072727272727272751	0.10909090909090902	0.14545454545454539	0.048484848484848575	0.25454545454545441	0.15757575757575748	0.07272727272727264	0.20606060606060617	0.1575757575757577	0	0.072727272727272751	0.10909090909090902	0.25454545454545441
267	4	0.12121212121212122	-0.12121212121212133	-0.14545454545454539	-0.060606060606060663	0.036363636363636376	0.24242424242424243	0.19393939393939397	0.024242424242424288	0.10909090909090902	0.10909090909090902	0.12121212121212122	0.12121212121212133	0.14545454545454539	0.060606060606060663	0.036363636363636376	0.24242424242424243	0.19393939393939397	0.024242424242424288	0.10909090909090902	0.10909090909090902	0.24242424242424243
268	3	0.15757575757575759	0.072727272727272751	-0.30303030303030298	-0.18181818181818166	0.10909090909090902	0.01212121212121231	0.07272727272727264	0.08484848484848484	0.20606060606060606	0.15757575757575748	0.15757575757575759	0.072727272727272751	0.30303030303030298	0.18181818181818166	0.10909090909090902	0.01212121212121231	0.07272727272727264	0.08484848484848484	0.20606060606060606	0.15757575757575748	0.30303030303030298
269	4	0.13333333333333341	0.024242424242424288	-0.19393939393939397	-0.072727272727272751	0.072727272727272751	0.072727272727272863	0.1454545454545455	0.096969696969696928	0.23030303030303045	0.15757575757575748	0.13333333333333341	0.024242424242424288	0.19393939393939397	0.072727272727272751	0.072727272727272751	0.072727272727272863	0.1454545454545455	0.096969696969696928	0.23030303030303045	0.15757575757575748	0.23030303030303045
270	4	0.036363636363636376	-0.16969696969696968	-0.24242424242424232	-0.15757575757575759	-0.012121212121212088	0.18181818181818177	0.13333333333333341	0.012121212121211977	0.084848484848484729	0.10909090909090902	0.036363636363636376	0.16969696969696968	0.24242424242424232	0.15757575757575759	0.012121212121212088	0.18181818181818177	0.13333333333333341	0.012121212121211977	0.084848484848484729	0.10909090909090902	0.24242424242424232
271	5	0.012121212121212199	-0.24242424242424232	-0.1212121212121211	-0.048484848484848464	-0.060606060606060552	0.23030303030303034	0.18181818181818177	0.012121212121212088	0.096969696969696928	0.10909090909090902	0.012121212121212199	0.24242424242424232	0.1212121212121211	0.048484848484848464	0.060606060606060552	0.23030303030303034	0.18181818181818177	0.012121212121212088	0.096969696969696928	0.10909090909090902	0.24242424242424232
272	2	0.036363636363636376	0.26666666666666672	-0.41212121212121222	-0.1333333333333333	0.048484848484848464	-0.048484848484848575	-0.036363636363636265	0.23030303030303023	0.18181818181818188	0.1454545454545455	0.036363636363636376	0.26666666666666672	0.41212121212121222	0.1333333333333333	0.048484848484848464	0.048484848484848575	0.036363636363636265	0.23030303030303023	0.18181818181818188	0.1454545454545455	0.41212121212121222
273	3	0.012121212121212199	0.14545454545454561	-0.25454545454545463	0.024242424242424288	0	0.012121212121212088	0.036363636363636376	0.24242424242424243	0.21818181818181814	0.1454545454545455	0.012121212121212199	0.14545454545454561	0.25454545454545463	0.024242424242424288	0	0.012121212121212088	0.036363636363636376	0.24242424242424243	0.21818181818181814	0.1454545454545455	0.25454545454545463
274	3	-0.072727272727272751	0.036363636363636376	-0.2787878787878787	-0.14545454545454539	-0.048484848484848464	0.1454545454545455	0.048484848484848464	0.14545454545454539	0.08484848484848484	0.1212121212121211	0.072727272727272751	0.036363636363636376	0.2787878787878787	0.14545454545454539	0.048484848484848464	0.1454545454545455	0.048484848484848464	0.14545454545454539	0.08484848484848484	0.1212121212121211	0.2787878787878787
275	4	-0.096969696969696928	-0.060606060606060552	-0.15757575757575748	-0.036363636363636265	-0.084848484848484951	0.19393939393939397	0.096969696969697039	0.14545454545454561	0.10909090909090913	0.1212121212121211	0.096969696969696928	0.060606060606060552	0.15757575757575748	0.036363636363636265	0.084848484848484951	0.19393939393939397	0.096969696969697039	0.14545454545454561	0.10909090909090913	0.1212121212121211	0.19393939393939397
276	3	-0.036363636363636265	0.1333333333333333	-0.33939393939393925	-0.1333333333333333	-0.048484848484848575	-0.060606060606060663	-0.048484848484848464	0.24242424242424232	0.20606060606060594	0.1454545454545455	0.036363636363636265	0.1333333333333333	0.33939393939393925	0.1333333333333333	0.048484848484848575	0.060606060606060663	0.048484848484848464	0.24242424242424232	0.20606060606060594	0.1454545454545455	0.33939393939393925
277	4	-0.060606060606060552	0.060606060606060774	-0.21818181818181814	-0.012121212121212088	-0.08484848484848484	-0.012121212121212199	0.012121212121212088	0.25454545454545452	0.24242424242424254	0.1454545454545455	0.060606060606060552	0.060606060606060774	0.21818181818181814	0.012121212121212088	0.08484848484848484	0.012121212121212199	0.012121212121212088	0.25454545454545452	0.24242424242424254	0.1454545454545455	0.25454545454545452
278	4	-0.18181818181818188	-0.096969696969696928	-0.24242424242424254	-0.13333333333333341	-0.13333333333333341	0.13333333333333341	0.036363636363636376	0.15757575757575748	0.096969696969696928	0.1212121212121211	0.18181818181818188	0.096969696969696928	0.24242424242424254	0.13333333333333341	0.13333333333333341	0.13333333333333341	0.036363636363636376	0.15757575757575748	0.096969696969696928	0.1212121212121211	0.24242424242424254
279	5	-0.20606060606060606	-0.16969696969696957	-0.1333333333333333	-0.036363636363636376	-0.15757575757575759	0.16969696969696979	0.072727272727272863	0.1575757575757577	0.12121212121212133	0.1212121212121211	0.20606060606060606	0.16969696969696957	0.1333333333333333	0.036363636363636376	0.15757575757575759	0.16969696969696979	0.072727272727272863	0.1575757575757577	0.12121212121212133	0.1212121212121211	0.20606060606060606
280	3	0.10909090909090913	0.12121212121212122	-0.412121212121212	-0.16969696969696957	0.07272727272727264	0	0.012121212121212088	-0.024242424242424288	0.036363636363636376	0.08484848484848484	0.10909090909090913	0.12121212121212122	0.412121212121212	0.16969696969696957	0.07272727272727264	0	0.012121212121212088	0.024242424242424288	0.036363636363636376	0.08484848484848484	0.412121212121212
281	4	0.08484848484848484	0.048484848484848575	-0.29090909090909101	-0.048484848484848575	0.036363636363636376	0.048484848484848575	0.072727272727272863	0	0.07272727272727264	0.08484848484848484	0.08484848484848484	0.048484848484848575	0.29090909090909101	0.048484848484848575	0.036363636363636376	0.048484848484848575	0.072727272727272863	0	0.07272727272727264	0.08484848484848484	0.29090909090909101
282	4	-0.012121212121212088	-0.12121212121212122	-0.32727272727272727	-0.16969696969696968	-0.024242424242424288	0.18181818181818177	0.10909090909090913	-0.096969696969697039	-0.060606060606060552	0.060606060606060552	0.012121212121212088	0.12121212121212122	0.32727272727272727	0.16969696969696968	0.024242424242424288	0.18181818181818177	0.10909090909090913	0.096969696969697039	0.060606060606060552	0.060606060606060552	0.32727272727272727
283	5	-0.036363636363636376	-0.19393939393939397	-0.21818181818181825	-0.07272727272727264	-0.07272727272727264	0.21818181818181825	0.14545454545454528	-0.084848484848485062	-0.036363636363636487	0.060606060606060552	0.036363636363636376	0.19393939393939397	0.21818181818181825	0.07272727272727264	0.07272727272727264	0.21818181818181825	0.14545454545454528	0.084848484848485062	0.036363636363636487	0.060606060606060552	0.21818181818181825
284	4	0	-0.012121212121212088	-0.37575757575757573	-0.19393939393939386	0	-0.012121212121212088	0	-0.024242424242424288	0.048484848484848464	0.08484848484848484	0	0.012121212121212088	0.37575757575757573	0.19393939393939386	0	0.012121212121212088	0	0.024242424242424288	0.048484848484848464	0.08484848484848484	0.37575757575757573
285	5	-0.024242424242424288	-0.060606060606060552	-0.26666666666666661	-0.08484848484848484	-0.048484848484848464	0.048484848484848464	0.072727272727272863	-0.024242424242424176	0.060606060606060774	0.08484848484848484	0.024242424242424288	0.060606060606060552	0.26666666666666661	0.08484848484848484	0.048484848484848464	0.048484848484848464	0.072727272727272863	0.024242424242424176	0.060606060606060774	0.08484848484848484	0.26666666666666661
286	5	-0.10909090909090913	-0.25454545454545463	-0.30303030303030309	-0.15757575757575759	-0.10909090909090913	0.14545454545454528	0.07272727272727264	-0.096969696969697039	-0.060606060606060552	0.060606060606060552	0.10909090909090913	0.25454545454545463	0.30303030303030309	0.15757575757575759	0.10909090909090913	0.14545454545454528	0.07272727272727264	0.096969696969697039	0.060606060606060552	0.060606060606060552	0.30303030303030309
287	6	-0.13333333333333341	-0.32727272727272727	-0.18181818181818177	-0.048484848484848353	-0.16969696969696979	0.19393939393939397	0.12121212121212133	-0.10909090909090902	-0.060606060606060552	0.060606060606060552	0.13333333333333341	0.32727272727272727	0.18181818181818177	0.048484848484848353	0.16969696969696979	0.19393939393939397	0.12121212121212133	0.10909090909090902	0.060606060606060552	0.060606060606060552	0.32727272727272727
288	2	0.048484848484848464	0.23030303030303034	-0.4242424242424242	-0.24242424242424232	0.1333333333333333	-0.16969696969696957	-0.12121212121212122	0.13333333333333319	0.12121212121212122	0.13333333333333341	0.048484848484848464	0.23030303030303034	0.4242424242424242	0.24242424242424232	0.1333333333333333	0.16969696969696957	0.12121212121212122	0.13333333333333319	0.12121212121212122	0.13333333333333341	0.4242424242424242
289	3	0.024242424242424288	0.10909090909090913	-0.26666666666666661	-0.08484848484848484	0.072727272727272751	-0.10909090909090913	-0.048484848484848464	0.14545454545454539	0.15757575757575759	0.13333333333333341	0.024242424242424288	0.10909090909090913	0.26666666666666661	0.08484848484848484	0.072727272727272751	0.10909090909090913	0.048484848484848464	0.14545454545454539	0.15757575757575759	0.13333333333333341	0.26666666666666661
290	3	-0.060606060606060663	0	-0.29090909090909078	-0.23030303030303023	0.012121212121212088	0.036363636363636487	-0.01212121212121231	0.060606060606060663	0.024242424242424288	0.10909090909090902	0.060606060606060663	0	0.29090909090909078	0.23030303030303023	0.012121212121212088	0.036363636363636487	0.01212121212121231	0.060606060606060663	0.024242424242424288	0.10909090909090902	0.29090909090909078
291	4	-0.08484848484848484	-0.096969696969697039	-0.16969696969696968	-0.12121212121212122	-0.036363636363636376	0.084848484848484618	0.036363636363636487	0.060606060606060774	0.048484848484848464	0.10909090909090902	0.08484848484848484	0.096969696969697039	0.16969696969696968	0.12121212121212122	0.036363636363636376	0.084848484848484618	0.036363636363636487	0.060606060606060774	0.048484848484848464	0.10909090909090902	0.16969696969696968
292	3	-0.024242424242424176	0.12121212121212122	-0.35151515151515145	-0.23030303030303023	0.036363636363636265	-0.16969696969696957	-0.12121212121212122	0.15757575757575759	0.15757575757575759	0.13333333333333341	0.024242424242424176	0.12121212121212122	0.35151515151515145	0.23030303030303023	0.036363636363636265	0.16969696969696957	0.12121212121212122	0.15757575757575759	0.15757575757575759	0.13333333333333341	0.35151515151515145
293	4	-0.048484848484848464	0.048484848484848575	-0.23030303030303023	-0.10909090909090902	-0.012121212121212088	-0.12121212121212122	-0.060606060606060552	0.16969696969696968	0.19393939393939408	0.13333333333333341	0.048484848484848464	0.048484848484848575	0.23030303030303023	0.10909090909090902	0.012121212121212088	0.12121212121212122	0.060606060606060552	0.16969696969696968	0.19393939393939408	0.13333333333333341	0.23030303030303023
294	4	-0.16969696969696968	-0.10909090909090902	-0.25454545454545463	-0.23030303030303023	-0.072727272727272863	0.036363636363636487	-0.01212121212121231	0.084848484848485062	0.048484848484848464	0.10909090909090902	0.16969696969696968	0.10909090909090902	0.25454545454545463	0.23030303030303023	0.072727272727272863	0.036363636363636487	0.01212121212121231	0.084848484848485062	0.048484848484848464	0.10909090909090902	0.25454545454545463
295	5	-0.19393939393939397	-0.18181818181818177	-0.1454545454545455	-0.13333333333333319	-0.10909090909090924	0.07272727272727264	0.024242424242424176	0.08484848484848484	0.072727272727272751	0.10909090909090902	0.19393939393939397	0.18181818181818177	0.1454545454545455	0.13333333333333319	0.10909090909090924	0.07272727272727264	0.024242424242424176	0.08484848484848484	0.072727272727272751	0.10909090909090902	0.19393939393939397
296	3	0.12121212121212122	0.08484848484848484	-0.42424242424242414	-0.26666666666666661	0.13333333333333341	-0.096969696969696928	-0.07272727272727264	-0.10909090909090913	-0.024242424242424288	0.072727272727272863	0.12121212121212122	0.08484848484848484	0.42424242424242414	0.26666666666666661	0.13333333333333341	0.096969696969696928	0.07272727272727264	0.10909090909090913	0.024242424242424288	0.072727272727272863	0.42424242424242414
297	4	0.096969696969697039	0.012121212121212088	-0.30303030303030309	-0.14545454545454539	0.10909090909090913	-0.048484848484848464	-0.012121212121212088	-0.08484848484848484	0.012121212121212088	0.072727272727272863	0.096969696969697039	0.012121212121212088	0.30303030303030309	0.14545454545454539	0.10909090909090913	0.048484848484848464	0.012121212121212088	0.08484848484848484	0.012121212121212088	0.072727272727272863	0.30303030303030309
298	4	0	-0.1333333333333333	-0.33939393939393947	-0.26666666666666661	0.036363636363636265	0.096969696969697039	0.024242424242424065	-0.16969696969696968	-0.1212121212121211	0.048484848484848464	0	0.1333333333333333	0.33939393939393947	0.26666666666666661	0.036363636363636265	0.096969696969697039	0.024242424242424065	0.16969696969696968	0.1212121212121211	0.048484848484848464	0.33939393939393947
299	5	-0.024242424242424288	-0.20606060606060594	-0.23030303030303045	-0.16969696969696968	0	0.13333333333333341	0.060606060606060552	-0.15757575757575748	-0.096969696969696928	0.048484848484848464	0.024242424242424288	0.20606060606060594	0.23030303030303045	0.16969696969696968	0	0.13333333333333341	0.060606060606060552	0.15757575757575748	0.096969696969696928	0.048484848484848464	0.23030303030303045
300	4	0.012121212121212199	-0.048484848484848464	-0.38787878787878793	-0.2787878787878787	0.060606060606060552	-0.096969696969697039	-0.072727272727272863	-0.096969696969696928	0	0.072727272727272863	0.012121212121212199	0.048484848484848464	0.38787878787878793	0.2787878787878787	0.060606060606060552	0.096969696969697039	0.072727272727272863	0.096969696969696928	0	0.072727272727272863	0.38787878787878793
301	5	-0.012121212121212199	-0.096969696969696928	-0.2787878787878787	-0.16969696969696968	0.024242424242424288	-0.036363636363636487	0	-0.096969696969696928	0.012121212121212088	0.072727272727272863	0.012121212121212199	0.096969696969696928	0.2787878787878787	0.16969696969696968	0.024242424242424288	0.036363636363636487	0	0.096969696969696928	0.012121212121212088	0.072727272727272863	0.2787878787878787
302	5	-0.096969696969696928	-0.26666666666666672	-0.31515151515151496	-0.26666666666666661	-0.048484848484848575	0.072727272727272863	0	-0.1575757575757577	-0.10909090909090913	0.048484848484848464	0.096969696969696928	0.26666666666666672	0.31515151515151496	0.26666666666666661	0.048484848484848575	0.072727272727272863	0	0.1575757575757577	0.10909090909090913	0.048484848484848464	0.31515151515151496
303	6	-0.12121212121212122	-0.33939393939393936	-0.19393939393939397	-0.15757575757575748	-0.096969696969697039	0.1212121212121211	0.048484848484848575	-0.16969696969696968	-0.10909090909090902	0.048484848484848464	0.12121212121212122	0.33939393939393936	0.19393939393939397	0.15757575757575748	0.096969696969697039	0.1212121212121211	0.048484848484848575	0.16969696969696968	0.10909090909090902	0.048484848484848464	0.33939393939393936
304	3	-0.10909090909090913	0.16969696969696968	-0.50909090909090904	-0.2787878787878787	0.012121212121212088	-0.16969696969696979	-0.18181818181818199	0.036363636363636265	-0.024242424242424288	0.08484848484848484	0.10909090909090913	0.16969696969696968	0.50909090909090904	0.2787878787878787	0.012121212121212088	0.16969696969696979	0.18181818181818199	0.036363636363636265	0.024242424242424288	0.08484848484848484	0.50909090909090904
305	4	-0.1333333333333333	0.048484848484848575	-0.35151515151515156	-0.1212121212121211	-0.036363636363636154	-0.10909090909090913	-0.10909090909090902	0.060606060606060774	0.024242424242424288	0.08484848484848484	0.1333333333333333	0.048484848484848575	0.35151515151515156	0.1212121212121211	0.036363636363636154	0.10909090909090913	0.10909090909090902	0.060606060606060774	0.024242424242424288	0.08484848484848484	0.35151515151515156
306	4	-0.20606060606060617	-0.060606060606060663	-0.36363636363636365	-0.25454545454545463	-0.072727272727272863	0.024242424242424288	-0.084848484848484951	-0.01212121212121231	-0.10909090909090902	0.060606060606060663	0.20606060606060617	0.060606060606060663	0.36363636363636365	0.25454545454545463	0.072727272727272863	0.024242424242424288	0.084848484848484951	0.01212121212121231	0.10909090909090902	0.060606060606060663	0.36363636363636365
307	5	-0.23030303030303023	-0.1575757575757577	-0.24242424242424232	-0.14545454545454539	-0.10909090909090924	0.072727272727272863	-0.036363636363636376	0	-0.072727272727272863	0.060606060606060663	0.23030303030303023	0.1575757575757577	0.24242424242424232	0.14545454545454539	0.10909090909090924	0.072727272727272863	0.036363636363636376	0	0.072727272727272863	0.060606060606060663	0.24242424242424232
308	4	-0.1696969696969699	0.048484848484848464	-0.42424242424242431	-0.25454545454545463	-0.08484848484848484	-0.18181818181818188	-0.19393939393939408	0.048484848484848464	0	0.08484848484848484	0.1696969696969699	0.048484848484848464	0.42424242424242431	0.25454545454545463	0.08484848484848484	0.18181818181818188	0.19393939393939408	0.048484848484848464	0	0.08484848484848484	0.42424242424242431
309	5	-0.19393939393939397	-0.024242424242424176	-0.30303030303030309	-0.13333333333333341	-0.12121212121212122	-0.13333333333333341	-0.13333333333333319	0.072727272727272863	0.048484848484848464	0.08484848484848484	0.19393939393939397	0.024242424242424176	0.30303030303030309	0.13333333333333341	0.12121212121212122	0.13333333333333341	0.13333333333333319	0.072727272727272863	0.048484848484848464	0.08484848484848484	0.30303030303030309
310	5	-0.30303030303030287	-0.18181818181818188	-0.31515151515151518	-0.24242424242424232	-0.15757575757575759	0.012121212121211977	-0.096969696969697039	0	-0.096969696969697039	0.060606060606060663	0.30303030303030287	0.18181818181818188	0.31515151515151518	0.24242424242424232	0.15757575757575759	0.012121212121211977	0.096969696969697039	0	0.096969696969697039	0.060606060606060663	0.31515151515151518
311	6	-0.32727272727272716	-0.25454545454545463	-0.20606060606060606	-0.14545454545454561	-0.18181818181818177	0.048484848484848464	-0.060606060606060552	0.012121212121212088	-0.060606060606060552	0.060606060606060663	0.32727272727272716	0.25454545454545463	0.20606060606060606	0.14545454545454561	0.18181818181818177	0.048484848484848464	0.060606060606060552	0.012121212121212088	0.060606060606060552	0.060606060606060663	0.32727272727272716
312	4	-0.036363636363636265	0.024242424242424176	-0.50909090909090904	-0.30303030303030309	0.036363636363636265	-0.096969696969697039	-0.12121212121212122	-0.19393939393939397	-0.1454545454545455	0.024242424242424176	0.036363636363636265	0.024242424242424176	0.50909090909090904	0.30303030303030309	0.036363636363636265	0.096969696969697039	0.12121212121212122	0.19393939393939397	0.1454545454545455	0.024242424242424176	0.50909090909090904
313	5	-0.060606060606060552	-0.048484848484848464	-0.38787878787878771	-0.18181818181818177	0	-0.048484848484848575	-0.060606060606060552	-0.18181818181818177	-0.1212121212121211	0.024242424242424176	0.060606060606060552	0.048484848484848464	0.38787878787878771	0.18181818181818177	0	0.048484848484848575	0.060606060606060552	0.18181818181818177	0.1212121212121211	0.024242424242424176	0.38787878787878771
314	5	-0.14545454545454539	-0.21818181818181814	-0.41212121212121211	-0.29090909090909078	-0.048484848484848464	0.084848484848484951	-0.036363636363636154	-0.25454545454545452	-0.25454545454545452	0	0.14545454545454539	0.21818181818181814	0.41212121212121211	0.29090909090909078	0.048484848484848464	0.084848484848484951	0.036363636363636154	0.25454545454545452	0.25454545454545452	0	0.41212121212121211
315	6	-0.1696969696969699	-0.29090909090909101	-0.30303030303030309	-0.19393939393939386	-0.096969696969696817	0.1212121212121211	0	-0.25454545454545463	-0.24242424242424254	0	0.1696969696969699	0.29090909090909101	0.30303030303030309	0.19393939393939386	0.096969696969696817	0.1212121212121211	0	0.25454545454545463	0.24242424242424254	0	0.30303030303030309
316	5	-0.13333333333333341	-0.096969696969696928	-0.46060606060606057	-0.30303030303030309	-0.036363636363636265	-0.10909090909090924	-0.13333333333333341	-0.19393939393939397	-0.13333333333333341	0.024242424242424176	0.13333333333333341	0.096969696969696928	0.46060606060606057	0.30303030303030309	0.036363636363636265	0.10909090909090924	0.13333333333333341	0.19393939393939397	0.13333333333333341	0.024242424242424176	0.46060606060606057
317	6	-0.15757575757575759	-0.14545454545454539	-0.35151515151515156	-0.19393939393939397	-0.084848484848484729	-0.048484848484848686	-0.060606060606060774	-0.20606060606060606	-0.1333333333333333	0.024242424242424176	0.15757575757575759	0.14545454545454539	0.35151515151515156	0.19393939393939397	0.084848484848484729	0.048484848484848686	0.060606060606060774	0.20606060606060606	0.1333333333333333	0.024242424242424176	0.35151515151515156
318	6	-0.23030303030303023	-0.33939393939393936	-0.37575757575757573	-0.2787878787878787	-0.13333333333333319	0.048484848484848464	-0.07272727272727264	-0.25454545454545452	-0.25454545454545452	0	0.23030303030303023	0.33939393939393936	0.37575757575757573	0.2787878787878787	0.13333333333333319	0.048484848484848464	0.07272727272727264	0.25454545454545452	0.25454545454545452	0	0.37575757575757573
319	7	-0.25454545454545452	-0.412121212121212	-0.25454545454545452	-0.16969696969696968	-0.19393939393939386	0.096969696969697039	-0.024242424242424399	-0.27878787878787881	-0.2666666666666665	0	0.25454545454545452	0.412121212121212	0.25454545454545452	0.16969696969696968	0.19393939393939386	0.096969696969697039	0.024242424242424399	0.27878787878787881	0.2666666666666665	0	0.412121212121212
320	2	0.18181818181818188	0.47272727272727272	-0.23030303030303029	-0.12121212121212127	0.26666666666666661	-0.036363636363636376	-0.036363636363636376	0.46060606060606057	0.33939393939393936	0.096969696969697039	0.18181818181818188	0.47272727272727272	0.23030303030303029	0.12121212121212127	0.26666666666666661	0.036363636363636376	0.036363636363636376	0.46060606060606057	0.33939393939393936	0.096969696969697039	0.47272727272727272
321	3	0.1454545454545455	0.3515151515151515	-0.096969696969697039	0	0.21818181818181814	0.012121212121211977	0.024242424242424288	0.43636363636363623	0.3393939393939393	0.096969696969697039	0.1454545454545455	0.3515151515151515	0.096969696969697039	0	0.21818181818181814	0.012121212121211977	0.024242424242424288	0.43636363636363623	0.3393939393939393	0.096969696969697039	0.43636363636363623
322	3	0.08484848484848484	0.23030303030303023	-0.15757575757575748	-0.12121212121212122	0.13333333333333341	0.1454545454545455	0.048484848484848686	0.41212121212121211	0.23030303030303023	0.096969696969696928	0.08484848484848484	0.23030303030303023	0.15757575757575748	0.12121212121212122	0.13333333333333341	0.1454545454545455	0.048484848484848686	0.41212121212121211	0.23030303030303023	0.096969696969696928	0.41212121212121211
323	4	0.048484848484848464	0.13333333333333341	-0.036363636363636376	-0.024242424242424176	0.096969696969697039	0.18181818181818188	0.10909090909090924	0.37575757575757573	0.21818181818181814	0.096969696969696928	0.048484848484848464	0.13333333333333341	0.036363636363636376	0.024242424242424176	0.096969696969697039	0.18181818181818188	0.10909090909090924	0.37575757575757573	0.21818181818181814	0.096969696969696928	0.37575757575757573
324	3	0.12121212121212122	0.33939393939393936	-0.18181818181818188	-0.10909090909090913	0.15757575757575759	-0.024242424242424288	-0.024242424242424288	0.44848484848484849	0.33939393939393941	0.096969696969697039	0.12121212121212122	0.33939393939393936	0.18181818181818188	0.10909090909090913	0.15757575757575759	0.024242424242424288	0.024242424242424288	0.44848484848484849	0.33939393939393941	0.096969696969697039	0.44848484848484849
325	4	0.08484848484848484	0.26666666666666672	-0.08484848484848484	-0.024242424242424288	0.12121212121212122	0.012121212121211977	0.024242424242424288	0.44848484848484832	0.36363636363636354	0.096969696969697039	0.08484848484848484	0.26666666666666672	0.08484848484848484	0.024242424242424288	0.12121212121212122	0.012121212121211977	0.024242424242424288	0.44848484848484832	0.36363636363636354	0.096969696969697039	0.44848484848484832
326	4	-0.012121212121212088	0.096969696969696928	-0.12121212121212133	-0.1212121212121211	0.036363636363636154	0.15757575757575759	0.060606060606060774	0.37575757575757573	0.21818181818181814	0.096969696969696928	0.012121212121212088	0.096969696969696928	0.12121212121212133	0.1212121212121211	0.036363636363636154	0.15757575757575759	0.060606060606060774	0.37575757575757573	0.21818181818181814	0.096969696969696928	0.37575757575757573
327	5	-0.048484848484848464	0.024242424242424288	-0.012121212121212088	-0.036363636363636376	0.012121212121212088	0.18181818181818188	0.10909090909090924	0.36363636363636365	0.23030303030303023	0.096969696969696928	0.048484848484848464	0.024242424242424288	0.012121212121212088	0.036363636363636376	0.012121212121212088	0.18181818181818188	0.10909090909090924	0.36363636363636365	0.23030303030303023	0.096969696969696928	0.36363636363636365
328	3	0.26666666666666661	0.29090909090909078	-0.26666666666666661	-0.16969696969696957	0.24242424242424254	0.048484848484848575	0.024242424242424176	0.15757575757575759	0.1454545454545455	0.048484848484848464	0.26666666666666661	0.29090909090909078	0.26666666666666661	0.16969696969696957	0.24242424242424254	0.048484848484848575	0.024242424242424176	0.15757575757575759	0.1454545454545455	0.048484848484848464	0.29090909090909078
329	4	0.23030303030303023	0.21818181818181814	-0.14545454545454539	-0.060606060606060663	0.23030303030303034	0.084848484848484729	0.07272727272727264	0.16969696969696968	0.16969696969696968	0.048484848484848464	0.23030303030303023	0.21818181818181814	0.14545454545454539	0.060606060606060663	0.23030303030303034	0.084848484848484729	0.07272727272727264	0.16969696969696968	0.16969696969696968	0.048484848484848464	0.23030303030303034
330	4	0.1575757575757577	0.060606060606060552	-0.21818181818181814	-0.18181818181818188	0.15757575757575748	0.24242424242424254	0.1212121212121211	0.12121212121212122	0.060606060606060552	0.048484848484848464	0.1575757575757577	0.060606060606060552	0.21818181818181814	0.18181818181818188	0.15757575757575748	0.24242424242424254	0.1212121212121211	0.12121212121212122	0.060606060606060552	0.048484848484848464	0.24242424242424254
331	5	0.12121212121212133	-0.012121212121212199	-0.08484848484848484	-0.072727272727272751	0.1333333333333333	0.26666666666666672	0.16969696969696979	0.12121212121212122	0.072727272727272863	0.048484848484848464	0.12121212121212133	0.012121212121212199	0.08484848484848484	0.072727272727272751	0.1333333333333333	0.26666666666666672	0.16969696969696979	0.12121212121212122	0.072727272727272863	0.048484848484848464	0.26666666666666672
332	4	0.16969696969696968	0.1575757575757577	-0.25454545454545441	-0.18181818181818177	0.15757575757575759	0.036363636363636154	0.012121212121212088	0.15757575757575759	0.15757575757575748	0.048484848484848464	0.16969696969696968	0.1575757575757577	0.25454545454545441	0.18181818181818177	0.15757575757575759	0.036363636363636154	0.012121212121212088	0.15757575757575759	0.15757575757575748	0.048484848484848464	0.25454545454545441
333	5	0.1333333333333333	0.10909090909090902	-0.1454545454545455	-0.08484848484848484	0.13333333333333341	0.084848484848484618	0.07272727272727264	0.16969696969696968	0.18181818181818166	0.048484848484848464	0.1333333333333333	0.10909090909090902	0.1454545454545455	0.08484848484848484	0.13333333333333341	0.084848484848484618	0.07272727272727264	0.16969696969696968	0.18181818181818166	0.048484848484848464	0.18181818181818166
334	5	0.072727272727272751	-0.072727272727272751	-0.19393939393939408	-0.18181818181818188	0.060606060606060552	0.20606060606060617	0.084848484848484951	0.096969696969697039	0.060606060606060552	0.048484848484848464	0.072727272727272751	0.072727272727272751	0.19393939393939408	0.18181818181818188	0.060606060606060552	0.20606060606060617	0.084848484848484951	0.096969696969697039	0.060606060606060552	0.048484848484848464	0.20606060606060617
335	6	0.036363636363636487	-0.1454545454545455	-0.048484848484848575	-0.060606060606060552	0.024242424242424399	0.24242424242424243	0.14545454545454539	0.096969696969696928	0.07272727272727264	0.048484848484848464	0.036363636363636487	0.1454545454545455	0.048484848484848575	0.060606060606060552	0.024242424242424399	0.24242424242424243	0.14545454545454539	0.096969696969696928	0.07272727272727264	0.048484848484848464	0.24242424242424243
336	3	0.024242424242424288	0.42424242424242431	-0.31515151515151507	-0.16969696969696957	0.14545454545454539	-0.036363636363636265	-0.096969696969696928	0.33939393939393941	0.18181818181818177	0.060606060606060552	0.024242424242424288	0.42424242424242431	0.31515151515151507	0.16969696969696957	0.14545454545454539	0.036363636363636265	0.096969696969696928	0.33939393939393941	0.18181818181818177	0.060606060606060552	0.42424242424242431
337	4	-0.012121212121212088	0.30303030303030309	-0.18181818181818188	-0.048484848484848464	0.10909090909090902	0.012121212121212088	-0.036363636363636487	0.32727272727272727	0.19393939393939386	0.060606060606060552	0.012121212121212088	0.30303030303030309	0.18181818181818188	0.048484848484848464	0.10909090909090902	0.012121212121212088	0.036363636363636487	0.32727272727272727	0.19393939393939386	0.060606060606060552	0.32727272727272727
338	4	-0.060606060606060663	0.18181818181818177	-0.23030303030303034	-0.15757575757575759	0.024242424242424176	0.1333333333333333	-0.024242424242424399	0.29090909090909089	0.08484848484848484	0.060606060606060663	0.060606060606060663	0.18181818181818177	0.23030303030303034	0.15757575757575759	0.024242424242424176	0.1333333333333333	0.024242424242424399	0.29090909090909089	0.08484848484848484	0.060606060606060663	0.29090909090909089
339	5	-0.096969696969697039	0.08484848484848484	-0.10909090909090913	-0.060606060606060552	0	0.16969696969696968	0.036363636363636376	0.26666666666666661	0.084848484848484729	0.060606060606060663	0.096969696969697039	0.08484848484848484	0.10909090909090913	0.060606060606060552	0	0.16969696969696968	0.036363636363636376	0.26666666666666661	0.084848484848484729	0.060606060606060663	0.26666666666666661
340	4	-0.024242424242424176	0.25454545454545441	-0.25454545454545452	-0.14545454545454539	0.036363636363636265	-0.036363636363636265	-0.096969696969696928	0.31515151515151529	0.16969696969696968	0.060606060606060552	0.024242424242424176	0.25454545454545441	0.25454545454545452	0.14545454545454539	0.036363636363636265	0.036363636363636265	0.096969696969696928	0.31515151515151529	0.16969696969696968	0.060606060606060552	0.31515151515151529
341	5	-0.060606060606060552	0.18181818181818177	-0.1575757575757577	-0.060606060606060663	0.012121212121212088	0	-0.048484848484848575	0.32727272727272738	0.20606060606060594	0.060606060606060552	0.060606060606060552	0.18181818181818177	0.1575757575757577	0.060606060606060663	0.012121212121212088	0	0.048484848484848575	0.32727272727272738	0.20606060606060594	0.060606060606060552	0.32727272727272738
342	5	-0.14545454545454539	0.012121212121212088	-0.18181818181818188	-0.14545454545454561	-0.07272727272727264	0.1333333333333333	-0.024242424242424399	0.24242424242424243	0.060606060606060552	0.060606060606060663	0.14545454545454539	0.012121212121212088	0.18181818181818188	0.14545454545454561	0.07272727272727264	0.1333333333333333	0.024242424242424399	0.24242424242424243	0.060606060606060552	0.060606060606060663	0.24242424242424243
343	6	-0.18181818181818166	-0.060606060606060552	-0.072727272727272863	-0.060606060606060663	-0.084848484848484951	0.15757575757575759	0.024242424242424399	0.24242424242424254	0.084848484848484951	0.060606060606060663	0.18181818181818166	0.060606060606060552	0.072727272727272863	0.060606060606060663	0.084848484848484951	0.15757575757575759	0.024242424242424399	0.24242424242424254	0.084848484848484951	0.060606060606060663	0.24242424242424254
344	4	0.10909090909090913	0.24242424242424232	-0.35151515151515134	-0.21818181818181814	0.16969696969696968	0.048484848484848464	-0.024242424242424288	0.072727272727272751	0.036363636363636487	0.012121212121212199	0.10909090909090913	0.24242424242424232	0.35151515151515134	0.21818181818181814	0.16969696969696968	0.048484848484848464	0.024242424242424288	0.072727272727272751	0.036363636363636487	0.012121212121212199	0.35151515151515134
345	5	0.072727272727272751	0.16969696969696957	-0.23030303030303023	-0.10909090909090913	0.14545454545454539	0.084848484848484618	0.024242424242424176	0.072727272727272751	0.048484848484848464	0.012121212121212199	0.072727272727272751	0.16969696969696957	0.23030303030303023	0.10909090909090913	0.14545454545454539	0.084848484848484618	0.024242424242424176	0.072727272727272751	0.048484848484848464	0.012121212121212199	0.23030303030303023
346	5	0.012121212121212199	-0.012121212121212088	-0.29090909090909101	-0.21818181818181814	0.072727272727272751	0.23030303030303034	0.060606060606060552	0.012121212121212199	-0.060606060606060552	0.012121212121212088	0.012121212121212199	0.012121212121212088	0.29090909090909101	0.21818181818181814	0.072727272727272751	0.23030303030303034	0.060606060606060552	0.012121212121212199	0.060606060606060552	0.012121212121212088	0.29090909090909101
347	6	-0.024242424242424288	-0.08484848484848484	-0.15757575757575759	-0.10909090909090913	0.036363636363636376	0.25454545454545452	0.10909090909090902	0	-0.060606060606060552	0.012121212121212088	0.024242424242424288	0.08484848484848484	0.15757575757575759	0.10909090909090913	0.036363636363636376	0.25454545454545452	0.10909090909090902	0	0.060606060606060552	0.012121212121212088	0.25454545454545452
348	5	0.024242424242424288	0.096969696969696817	-0.32727272727272727	-0.21818181818181814	0.084848484848484618	0.024242424242424399	-0.048484848484848575	0.060606060606060552	0.036363636363636154	0.012121212121212199	0.024242424242424288	0.096969696969696817	0.32727272727272727	0.21818181818181814	0.084848484848484618	0.024242424242424399	0.048484848484848575	0.060606060606060552	0.036363636363636154	0.012121212121212199	0.32727272727272727
349	6	-0.012121212121212088	0.048484848484848464	-0.21818181818181814	-0.1212121212121211	0.048484848484848464	0.072727272727272863	0.01212121212121231	0.060606060606060774	0.048484848484848464	0.012121212121212199	0.012121212121212088	0.048484848484848464	0.21818181818181814	0.1212121212121211	0.048484848484848464	0.072727272727272863	0.01212121212121231	0.060606060606060774	0.048484848484848464	0.012121212121212199	0.21818181818181814
350	6	-0.060606060606060552	-0.15757575757575759	-0.25454545454545463	-0.20606060606060617	-0.024242424242424288	0.18181818181818177	0.012121212121212088	-0.024242424242424176	-0.07272727272727264	0.012121212121212088	0.060606060606060552	0.15757575757575759	0.25454545454545463	0.20606060606060617	0.024242424242424288	0.18181818181818177	0.012121212121212088	0.024242424242424176	0.07272727272727264	0.012121212121212088	0.25454545454545463
351	7	-0.096969696969696928	-0.23030303030303023	-0.10909090909090913	-0.08484848484848484	-0.072727272727272751	0.21818181818181814	0.07272727272727264	-0.036363636363636376	-0.07272727272727264	0.012121212121212088	0.096969696969696928	0.23030303030303023	0.10909090909090913	0.08484848484848484	0.072727272727272751	0.21818181818181814	0.07272727272727264	0.036363636363636376	0.07272727272727264	0.012121212121212088	0.23030303030303023
352	3	0.024242424242424288	0.37575757575757573	-0.32727272727272727	-0.25454545454545446	0.23030303030303023	-0.14545454545454539	-0.18181818181818177	0.24242424242424238	0.10909090909090913	0.048484848484848464	0.024242424242424288	0.37575757575757573	0.32727272727272727	0.25454545454545446	0.23030303030303023	0.14545454545454539	0.18181818181818177	0.24242424242424238	0.10909090909090913	0.048484848484848464	0.37575757575757573
353	4	-0.012121212121212088	0.25454545454545452	-0.19393939393939386	-0.1333333333333333	0.18181818181818177	-0.096969696969697039	-0.12121212121212133	0.23030303030303034	0.12121212121212122	0.048484848484848464	0.012121212121212088	0.25454545454545452	0.19393939393939386	0.1333333333333333	0.18181818181818177	0.096969696969697039	0.12121212121212133	0.23030303030303034	0.12121212121212122	0.048484848484848464	0.25454545454545452
354	4	-0.060606060606060663	0.1333333333333333	-0.24242424242424232	-0.24242424242424243	0.10909090909090913	0.036363636363636376	-0.084848484848484951	0.20606060606060606	0.036363636363636376	0.048484848484848575	0.060606060606060663	0.1333333333333333	0.24242424242424232	0.24242424242424243	0.10909090909090913	0.036363636363636376	0.084848484848484951	0.20606060606060606	0.036363636363636376	0.048484848484848575	0.24242424242424243
355	5	-0.096969696969697039	0.036363636363636376	-0.1212121212121211	-0.14545454545454539	0.072727272727272863	0.07272727272727264	-0.024242424242424399	0.18181818181818188	0.036363636363636487	0.048484848484848575	0.096969696969697039	0.036363636363636376	0.1212121212121211	0.14545454545454539	0.072727272727272863	0.07272727272727264	0.024242424242424399	0.18181818181818188	0.036363636363636487	0.048484848484848575	0.18181818181818188
356	4	-0.024242424242424176	0.23030303030303023	-0.26666666666666672	-0.21818181818181814	0.1212121212121211	-0.13333333333333319	-0.16969696969696968	0.23030303030303023	0.10909090909090913	0.048484848484848464	0.024242424242424176	0.23030303030303023	0.26666666666666672	0.21818181818181814	0.1212121212121211	0.13333333333333319	0.16969696969696968	0.23030303030303023	0.10909090909090913	0.048484848484848464	0.26666666666666672
357	5	-0.060606060606060552	0.15757575757575748	-0.16969696969696957	-0.1333333333333333	0.08484848484848484	-0.096969696969697039	-0.12121212121212133	0.24242424242424243	0.14545454545454539	0.048484848484848464	0.060606060606060552	0.15757575757575748	0.16969696969696957	0.1333333333333333	0.08484848484848484	0.096969696969697039	0.12121212121212133	0.24242424242424243	0.14545454545454539	0.048484848484848464	0.24242424242424243
358	5	-0.14545454545454539	-0.012121212121212088	-0.19393939393939386	-0.24242424242424232	0.012121212121212088	0.048484848484848686	-0.072727272727272863	0.16969696969696968	0.024242424242424399	0.048484848484848575	0.14545454545454539	0.012121212121212088	0.19393939393939386	0.24242424242424232	0.012121212121212088	0.048484848484848686	0.072727272727272863	0.16969696969696968	0.024242424242424399	0.048484848484848575	0.24242424242424232
359	6	-0.18181818181818166	-0.08484848484848484	-0.08484848484848484	-0.15757575757575759	-0.012121212121212088	0.07272727272727264	-0.024242424242424399	0.1696969696969699	0.048484848484848242	0.048484848484848575	0.18181818181818166	0.08484848484848484	0.08484848484848484	0.15757575757575759	0.012121212121212088	0.07272727272727264	0.024242424242424399	0.1696969696969699	0.048484848484848242	0.048484848484848575	0.18181818181818166
360	4	0.1333333333333333	0.19393939393939397	-0.36363636363636365	-0.29090909090909101	0.20606060606060617	-0.060606060606060552	-0.10909090909090902	-0.012121212121212088	-0.036363636363636376	0	0.1333333333333333	0.19393939393939397	0.36363636363636365	0.29090909090909101	0.20606060606060617	0.060606060606060552	0.10909090909090902	0.012121212121212088	0.036363636363636376	0	0.36363636363636365
361	5	0.096969696969696928	0.12121212121212133	-0.24242424242424254	-0.18181818181818188	0.19393939393939397	-0.024242424242424399	-0.060606060606060552	-0.012121212121212088	-0.024242424242424176	0	0.096969696969696928	0.12121212121212133	0.24242424242424254	0.18181818181818188	0.19393939393939397	0.024242424242424399	0.060606060606060552	0.012121212121212088	0.024242424242424176	0	0.24242424242424254
362	5	0.036363636363636376	-0.036363636363636376	-0.30303030303030309	-0.31515151515151529	0.1333333333333333	0.1333333333333333	-0.024242424242424288	-0.060606060606060552	-0.10909090909090902	0	0.036363636363636376	0.036363636363636376	0.30303030303030309	0.31515151515151529	0.1333333333333333	0.1333333333333333	0.024242424242424288	0.060606060606060552	0.10909090909090902	0	0.31515151515151529
363	6	0	-0.10909090909090902	-0.16969696969696968	-0.20606060606060594	0.10909090909090913	0.15757575757575748	0.024242424242424288	-0.072727272727272751	-0.10909090909090913	0	0	0.10909090909090902	0.16969696969696968	0.20606060606060594	0.10909090909090913	0.15757575757575748	0.024242424242424288	0.072727272727272751	0.10909090909090913	0	0.20606060606060594
364	5	0.048484848484848464	0.048484848484848242	-0.33939393939393947	-0.2787878787878787	0.12121212121212133	-0.07272727272727264	-0.1212121212121211	-0.012121212121212199	-0.024242424242424288	0	0.048484848484848464	0.048484848484848242	0.33939393939393947	0.2787878787878787	0.12121212121212133	0.07272727272727264	0.1212121212121211	0.012121212121212199	0.024242424242424288	0	0.33939393939393947
365	6	0.012121212121212088	0	-0.23030303030303023	-0.18181818181818177	0.096969696969697039	-0.024242424242424176	-0.060606060606060663	-0.012121212121212088	-0.01212121212121231	0	0.012121212121212088	0	0.23030303030303023	0.18181818181818177	0.096969696969697039	0.024242424242424176	0.060606060606060663	0.012121212121212088	0.01212121212121231	0	0.23030303030303023
366	6	-0.036363636363636487	-0.18181818181818177	-0.2666666666666665	-0.31515151515151507	0.036363636363636487	0.096969696969696817	-0.060606060606060552	-0.08484848484848484	-0.10909090909090902	0	0.036363636363636487	0.18181818181818177	0.2666666666666665	0.31515151515151507	0.036363636363636487	0.096969696969696817	0.060606060606060552	0.08484848484848484	0.10909090909090902	0	0.31515151515151507
367	7	-0.072727272727272751	-0.25454545454545441	-0.1212121212121211	-0.19393939393939397	0	0.13333333333333341	0	-0.096969696969696928	-0.10909090909090902	0	0.072727272727272751	0.25454545454545441	0.1212121212121211	0.19393939393939397	0	0.13333333333333341	0	0.096969696969696928	0.10909090909090902	0	0.25454545454545441
368	4	-0.12121212121212122	0.31515151515151513	-0.41212121212121222	-0.29090909090909101	0.12121212121212122	-0.13333333333333341	-0.23030303030303034	0.15757575757575748	-0.024242424242424176	0.012121212121212088	0.12121212121212122	0.31515151515151513	0.41212121212121222	0.29090909090909101	0.12121212121212122	0.13333333333333341	0.23030303030303034	0.15757575757575748	0.024242424242424176	0.012121212121212088	0.41212121212121222
369	5	-0.15757575757575759	0.19393939393939386	-0.27878787878787881	-0.16969696969696968	0.084848484848484729	-0.084848484848484951	-0.16969696969696968	0.15757575757575748	0	0.012121212121212088	0.15757575757575759	0.19393939393939386	0.27878787878787881	0.16969696969696968	0.084848484848484729	0.084848484848484951	0.16969696969696968	0.15757575757575748	0	0.012121212121212088	0.27878787878787881
370	5	-0.19393939393939386	0.048484848484848353	-0.31515151515151518	-0.26666666666666661	0.012121212121212088	0.036363636363636376	-0.16969696969696968	0.1212121212121211	-0.10909090909090913	-0.012121212121211977	0.19393939393939386	0.048484848484848353	0.31515151515151518	0.26666666666666661	0.012121212121212088	0.036363636363636376	0.16969696969696968	0.1212121212121211	0.10909090909090913	0.012121212121211977	0.31515151515151518
371	6	-0.23030303030303034	-0.048484848484848575	-0.19393939393939397	-0.16969696969696968	-0.012121212121212088	0.072727272727272863	-0.10909090909090902	0.10909090909090902	-0.096969696969697039	-0.012121212121211977	0.23030303030303034	0.048484848484848575	0.19393939393939397	0.16969696969696968	0.012121212121212088	0.072727272727272863	0.10909090909090902	0.10909090909090902	0.096969696969697039	0.012121212121211977	0.23030303030303034
372	5	-0.15757575757575748	0.15757575757575759	-0.33939393939393936	-0.24242424242424254	0.012121212121212088	-0.13333333333333341	-0.23030303030303034	0.13333333333333341	-0.036363636363636376	0.012121212121212088	0.15757575757575748	0.15757575757575759	0.33939393939393936	0.24242424242424254	0.012121212121212088	0.13333333333333341	0.23030303030303034	0.13333333333333341	0.036363636363636376	0.012121212121212088	0.33939393939393936
373	6	-0.19393939393939397	0.08484848484848484	-0.24242424242424243	-0.15757575757575748	-0.012121212121212088	-0.096969696969696928	-0.18181818181818177	0.1575757575757577	0.012121212121212088	0.012121212121212088	0.19393939393939397	0.08484848484848484	0.24242424242424243	0.15757575757575748	0.012121212121212088	0.096969696969696928	0.18181818181818177	0.1575757575757577	0.012121212121212088	0.012121212121212088	0.24242424242424243
374	6	-0.26666666666666672	-0.10909090909090902	-0.25454545454545463	-0.25454545454545441	-0.084848484848484618	0.036363636363636376	-0.16969696969696968	0.072727272727272751	-0.13333333333333341	-0.012121212121211977	0.26666666666666672	0.10909090909090902	0.25454545454545463	0.25454545454545441	0.084848484848484618	0.036363636363636376	0.16969696969696968	0.072727272727272751	0.13333333333333341	0.012121212121211977	0.26666666666666672
375	7	-0.30303030303030309	-0.18181818181818177	-0.14545454545454539	-0.16969696969696968	-0.096969696969696928	0.060606060606060774	-0.1212121212121211	0.084848484848485062	-0.096969696969696928	-0.012121212121211977	0.30303030303030309	0.18181818181818177	0.14545454545454539	0.16969696969696968	0.096969696969696928	0.060606060606060774	0.1212121212121211	0.084848484848485062	0.096969696969696928	0.012121212121211977	0.30303030303030309
376	5	-0.036363636363636376	0.1333333333333333	-0.47272727272727277	-0.35151515151515134	0.14545454545454539	-0.048484848484848464	-0.16969696969696957	-0.08484848484848484	-0.14545454545454539	-0.036363636363636376	0.036363636363636376	0.1333333333333333	0.47272727272727277	0.35151515151515134	0.14545454545454539	0.048484848484848464	0.16969696969696957	0.08484848484848484	0.14545454545454539	0.036363636363636376	0.47272727272727277
377	6	-0.072727272727272751	0.060606060606060663	-0.35151515151515134	-0.24242424242424254	0.1212121212121211	-0.012121212121212088	-0.1212121212121211	-0.096969696969696928	-0.14545454545454561	-0.036363636363636376	0.072727272727272751	0.060606060606060663	0.35151515151515134	0.24242424242424254	0.1212121212121211	0.012121212121212088	0.1212121212121211	0.096969696969696928	0.14545454545454561	0.036363636363636376	0.35151515151515134
378	6	-0.12121212121212133	-0.14545454545454539	-0.40000000000000002	-0.36363636363636354	0.060606060606060552	0.1333333333333333	-0.12121212121212122	-0.15757575757575759	-0.25454545454545452	-0.060606060606060552	0.12121212121212133	0.14545454545454539	0.40000000000000002	0.36363636363636354	0.060606060606060552	0.1333333333333333	0.12121212121212122	0.15757575757575759	0.25454545454545452	0.060606060606060552	0.40000000000000002
379	7	-0.15757575757575759	-0.21818181818181814	-0.26666666666666672	-0.25454545454545452	0.024242424242424288	0.1575757575757577	-0.07272727272727264	-0.18181818181818177	-0.26666666666666672	-0.060606060606060552	0.15757575757575759	0.21818181818181814	0.26666666666666672	0.25454545454545452	0.024242424242424288	0.1575757575757577	0.07272727272727264	0.18181818181818177	0.26666666666666672	0.060606060606060552	0.26666666666666672
380	6	-0.10909090909090913	0	-0.43636363636363629	-0.32727272727272716	0.060606060606060552	-0.072727272727272863	-0.19393939393939408	-0.096969696969696928	-0.14545454545454539	-0.036363636363636376	0.10909090909090913	0	0.43636363636363629	0.32727272727272716	0.060606060606060552	0.072727272727272863	0.19393939393939408	0.096969696969696928	0.14545454545454539	0.036363636363636376	0.43636363636363629
381	7	-0.14545454545454561	-0.048484848484848464	-0.32727272727272727	-0.23030303030303023	0.024242424242424065	-0.024242424242424399	-0.13333333333333319	-0.10909090909090913	-0.1454545454545455	-0.036363636363636376	0.14545454545454561	0.048484848484848464	0.32727272727272727	0.23030303030303023	0.024242424242424065	0.024242424242424399	0.13333333333333319	0.10909090909090913	0.1454545454545455	0.036363636363636376	0.32727272727272727
382	7	-0.18181818181818177	-0.27878787878787881	-0.35151515151515156	-0.3515151515151515	-0.036363636363636376	0.084848484848484951	-0.16969696969696957	-0.19393939393939397	-0.26666666666666672	-0.060606060606060552	0.18181818181818177	0.27878787878787881	0.35151515151515156	0.3515151515151515	0.036363636363636376	0.084848484848484951	0.16969696969696957	0.19393939393939397	0.26666666666666672	0.060606060606060552	0.35151515151515156
383	8	-0.21818181818181825	-0.35151515151515145	-0.20606060606060594	-0.23030303030303023	-0.084848484848485062	0.12121212121212122	-0.10909090909090902	-0.21818181818181814	-0.27878787878787881	-0.060606060606060552	0.21818181818181825	0.35151515151515145	0.20606060606060594	0.23030303030303023	0.084848484848485062	0.12121212121212122	0.10909090909090902	0.21818181818181814	0.27878787878787881	0.060606060606060552	0.35151515151515145
384	2	0.23030303030303023	0.43636363636363629	0.10909090909090902	0.16969696969696968	0.096969696969696817	-0.048484848484848464	0.15757575757575759	0.35151515151515156	0.37575757575757585	0.10909090909090902	0.23030303030303023	0.43636363636363629	0.10909090909090902	0.16969696969696968	0.096969696969696817	0.048484848484848464	0.15757575757575759	0.35151515151515156	0.37575757575757585	0.10909090909090902	0.43636363636363629
385	3	0.20606060606060606	0.33939393939393936	0.26666666666666672	0.32727272727272716	0.036363636363636487	0	0.21818181818181825	0.32727272727272727	0.36363636363636365	0.10909090909090902	0.20606060606060606	0.33939393939393936	0.26666666666666672	0.32727272727272716	0.036363636363636487	0	0.21818181818181825	0.32727272727272727	0.36363636363636365	0.10909090909090902	0.36363636363636365
386	3	0.1696969696969699	0.16969696969696957	0.26666666666666661	0.19393939393939397	-0.012121212121211977	0.084848484848484951	0.18181818181818188	0.21818181818181825	0.24242424242424254	0.07272727272727264	0.1696969696969699	0.16969696969696957	0.26666666666666661	0.19393939393939397	0.012121212121211977	0.084848484848484951	0.18181818181818188	0.21818181818181825	0.24242424242424254	0.07272727272727264	0.26666666666666661
387	4	0.14545454545454539	0.096969696969696817	0.38787878787878793	0.30303030303030309	-0.060606060606060663	0.1454545454545455	0.24242424242424243	0.20606060606060617	0.24242424242424243	0.07272727272727264	0.14545454545454539	0.096969696969696817	0.38787878787878793	0.30303030303030309	0.060606060606060663	0.1454545454545455	0.24242424242424243	0.20606060606060617	0.24242424242424243	0.07272727272727264	0.38787878787878793
388	3	0.1696969696969699	0.35151515151515156	0.20606060606060606	0.23030303030303023	0.012121212121212088	-0.07272727272727264	0.1333333333333333	0.32727272727272727	0.36363636363636365	0.10909090909090902	0.1696969696969699	0.35151515151515156	0.20606060606060606	0.23030303030303023	0.012121212121212088	0.07272727272727264	0.1333333333333333	0.32727272727272727	0.36363636363636365	0.10909090909090902	0.36363636363636365
389	4	0.14545454545454539	0.2787878787878787	0.32727272727272727	0.35151515151515156	-0.036363636363636376	-0.036363636363636376	0.18181818181818188	0.30303030303030309	0.35151515151515145	0.10909090909090902	0.14545454545454539	0.2787878787878787	0.32727272727272727	0.35151515151515156	0.036363636363636376	0.036363636363636376	0.18181818181818188	0.30303030303030309	0.35151515151515145	0.10909090909090902	0.35151515151515156
390	4	0.07272727272727264	0.084848484848484729	0.30303030303030287	0.24242424242424232	-0.084848484848484951	0.084848484848484618	0.18181818181818177	0.21818181818181825	0.24242424242424254	0.07272727272727264	0.07272727272727264	0.084848484848484729	0.30303030303030287	0.24242424242424232	0.084848484848484951	0.084848484848484618	0.18181818181818177	0.21818181818181825	0.24242424242424254	0.07272727272727264	0.30303030303030287
391	5	0.048484848484848464	0.01212121212121231	0.41212121212121211	0.33939393939393947	-0.12121212121212122	0.13333333333333319	0.23030303030303023	0.20606060606060617	0.24242424242424254	0.07272727272727264	0.048484848484848464	0.01212121212121231	0.41212121212121211	0.33939393939393947	0.12121212121212122	0.13333333333333319	0.23030303030303023	0.20606060606060617	0.24242424242424254	0.07272727272727264	0.41212121212121211
392	3	0.30303030303030287	0.30303030303030298	0.072727272727272751	0.14545454545454539	0.096969696969697039	0.012121212121212088	0.14545454545454561	0.048484848484848464	0.16969696969696968	0.060606060606060552	0.30303030303030287	0.30303030303030298	0.072727272727272751	0.14545454545454539	0.096969696969697039	0.012121212121212088	0.14545454545454561	0.048484848484848464	0.16969696969696968	0.060606060606060552	0.30303030303030298
393	4	0.27878787878787881	0.23030303030303023	0.19393939393939397	0.26666666666666672	0.072727272727272863	0.048484848484848464	0.19393939393939397	0.060606060606060774	0.20606060606060617	0.060606060606060552	0.27878787878787881	0.23030303030303023	0.19393939393939397	0.26666666666666672	0.072727272727272863	0.048484848484848464	0.19393939393939397	0.060606060606060774	0.20606060606060617	0.060606060606060552	0.27878787878787881
394	4	0.20606060606060606	0.048484848484848575	0.18181818181818177	0.1575757575757577	0.01212121212121231	0.15757575757575759	0.20606060606060617	-0.048484848484848242	0.060606060606060552	0.024242424242424176	0.20606060606060606	0.048484848484848575	0.18181818181818177	0.1575757575757577	0.01212121212121231	0.15757575757575759	0.20606060606060617	0.048484848484848242	0.060606060606060552	0.024242424242424176	0.20606060606060617
395	5	0.18181818181818188	-0.024242424242424176	0.29090909090909089	0.25454545454545452	-0.024242424242424399	0.20606060606060606	0.25454545454545452	-0.024242424242424288	0.10909090909090913	0.024242424242424176	0.18181818181818188	0.024242424242424176	0.29090909090909089	0.25454545454545452	0.024242424242424399	0.20606060606060606	0.25454545454545452	0.024242424242424288	0.10909090909090913	0.024242424242424176	0.29090909090909089
396	4	0.23030303030303023	0.19393939393939397	0.1333333333333333	0.15757575757575748	0.012121212121212088	-0.012121212121212088	0.12121212121212133	0.036363636363636487	0.16969696969696979	0.060606060606060552	0.23030303030303023	0.19393939393939397	0.1333333333333333	0.15757575757575748	0.012121212121212088	0.012121212121212088	0.12121212121212133	0.036363636363636487	0.16969696969696979	0.060606060606060552	0.23030303030303023
397	5	0.20606060606060606	0.12121212121212122	0.24242424242424243	0.26666666666666672	-0.024242424242424176	0.036363636363636376	0.18181818181818188	0.024242424242424288	0.18181818181818188	0.060606060606060552	0.20606060606060606	0.12121212121212122	0.24242424242424243	0.26666666666666672	0.024242424242424176	0.036363636363636376	0.18181818181818188	0.024242424242424288	0.18181818181818188	0.060606060606060552	0.26666666666666672
398	5	0.14545454545454539	-0.060606060606060663	0.20606060606060606	0.18181818181818166	-0.084848484848484951	0.13333333333333341	0.18181818181818188	-0.036363636363636376	0.07272727272727264	0.024242424242424176	0.14545454545454539	0.060606060606060663	0.20606060606060606	0.18181818181818166	0.084848484848484951	0.13333333333333341	0.18181818181818188	0.036363636363636376	0.07272727272727264	0.024242424242424176	0.20606060606060606
399	6	0.12121212121212122	-0.15757575757575759	0.32727272727272727	0.29090909090909078	-0.13333333333333341	0.19393939393939397	0.24242424242424243	-0.036363636363636376	0.096969696969696928	0.024242424242424176	0.12121212121212122	0.15757575757575759	0.32727272727272727	0.29090909090909078	0.13333333333333341	0.19393939393939397	0.24242424242424243	0.036363636363636376	0.096969696969696928	0.024242424242424176	0.32727272727272727
400	3	0.08484848484848484	0.35151515151515145	0.024242424242424176	0.1454545454545455	0	-0.072727272727272863	0.036363636363636376	0.21818181818181825	0.19393939393939408	0.048484848484848464	0.08484848484848484	0.35151515151515145	0.024242424242424176	0.1454545454545455	0	0.072727272727272863	0.036363636363636376	0.21818181818181825	0.19393939393939408	0.048484848484848464	0.35151515151515145
401	4	0.060606060606060663	0.25454545454545441	0.18181818181818177	0.30303030303030298	-0.048484848484848686	-0.024242424242424176	0.096969696969697039	0.20606060606060606	0.19393939393939397	0.048484848484848464	0.060606060606060663	0.25454545454545441	0.18181818181818177	0.30303030303030298	0.048484848484848686	0.024242424242424176	0.096969696969697039	0.20606060606060606	0.19393939393939397	0.048484848484848464	0.30303030303030298
402	4	0.012121212121212088	0.13333333333333341	0.16969696969696968	0.15757575757575759	-0.096969696969697039	0.072727272727272863	0.096969696969697039	0.10909090909090913	0.096969696969697039	0.036363636363636376	0.012121212121212088	0.13333333333333341	0.16969696969696968	0.15757575757575759	0.096969696969697039	0.072727272727272863	0.096969696969697039	0.10909090909090913	0.096969696969697039	0.036363636363636376	0.16969696969696968
403	5	-0.012121212121212088	0.060606060606060663	0.29090909090909089	0.26666666666666672	-0.13333333333333341	0.13333333333333341	0.15757575757575759	0.10909090909090902	0.10909090909090902	0.036363636363636376	0.012121212121212088	0.060606060606060663	0.29090909090909089	0.26666666666666672	0.13333333333333341	0.13333333333333341	0.15757575757575759	0.10909090909090902	0.10909090909090902	0.036363636363636376	0.29090909090909089
404	4	0.012121212121212088	0.23030303030303045	0.10909090909090902	0.19393939393939397	-0.084848484848484729	-0.084848484848484729	0.024242424242424176	0.20606060606060594	0.19393939393939386	0.048484848484848464	0.012121212121212088	0.23030303030303045	0.10909090909090902	0.19393939393939397	0.084848484848484729	0.084848484848484729	0.024242424242424176	0.20606060606060594	0.19393939393939386	0.048484848484848464	0.23030303030303045
405	5	-0.012121212121212088	0.15757575757575748	0.23030303030303023	0.31515151515151518	-0.1212121212121211	-0.048484848484848464	0.072727272727272751	0.19393939393939386	0.19393939393939397	0.048484848484848464	0.012121212121212088	0.15757575757575748	0.23030303030303023	0.31515151515151518	0.1212121212121211	0.048484848484848464	0.072727272727272751	0.19393939393939386	0.19393939393939397	0.048484848484848464	0.31515151515151518
406	5	-0.096969696969696928	0.01212121212121231	0.19393939393939386	0.19393939393939386	-0.16969696969696968	0.084848484848484618	0.10909090909090902	0.1212121212121211	0.10909090909090902	0.036363636363636376	0.096969696969696928	0.01212121212121231	0.19393939393939386	0.19393939393939386	0.16969696969696968	0.084848484848484618	0.10909090909090902	0.1212121212121211	0.10909090909090902	0.036363636363636376	0.19393939393939386
407	6	-0.12121212121212133	-0.060606060606060552	0.30303030303030309	0.29090909090909101	-0.19393939393939397	0.13333333333333319	0.15757575757575748	0.1212121212121211	0.1212121212121211	0.036363636363636376	0.12121212121212133	0.060606060606060552	0.30303030303030309	0.29090909090909101	0.19393939393939397	0.13333333333333319	0.15757575757575748	0.1212121212121211	0.1212121212121211	0.036363636363636376	0.30303030303030309
408	4	0.18181818181818177	0.21818181818181825	0.012121212121212088	0.1454545454545455	0	-0.012121212121212088	0.060606060606060552	-0.048484848484848464	0.036363636363636376	0	0.18181818181818177	0.21818181818181825	0.012121212121212088	0.1454545454545455	0	0.012121212121212088	0.060606060606060552	0.048484848484848464	0.036363636363636376	0	0.21818181818181825
409	5	0.15757575757575759	0.14545454545454539	0.1333333333333333	0.2666666666666665	-0.036363636363636376	0.024242424242424065	0.10909090909090913	-0.048484848484848464	0.060606060606060663	0	0.15757575757575759	0.14545454545454539	0.1333333333333333	0.2666666666666665	0.036363636363636376	0.024242424242424065	0.10909090909090913	0.048484848484848464	0.060606060606060663	0	0.2666666666666665
410	5	0.072727272727272863	-0.012121212121211977	0.10909090909090913	0.14545454545454561	-0.096969696969696928	0.1454545454545455	0.15757575757575759	-0.14545454545454539	-0.060606060606060552	-0.012121212121212199	0.072727272727272863	0.012121212121211977	0.10909090909090913	0.14545454545454561	0.096969696969696928	0.1454545454545455	0.15757575757575759	0.14545454545454539	0.060606060606060552	0.012121212121212199	0.15757575757575759
411	6	0.048484848484848464	-0.084848484848484729	0.21818181818181825	0.24242424242424232	-0.14545454545454561	0.19393939393939397	0.20606060606060606	-0.13333333333333341	-0.024242424242424288	-0.012121212121212199	0.048484848484848464	0.084848484848484729	0.21818181818181825	0.24242424242424232	0.14545454545454561	0.19393939393939397	0.20606060606060606	0.13333333333333341	0.024242424242424288	0.012121212121212199	0.24242424242424232
412	5	0.096969696969697039	0.096969696969696928	0.060606060606060663	0.1454545454545455	-0.084848484848484951	-0.024242424242424399	0.048484848484848575	-0.048484848484848464	0.048484848484848575	0	0.096969696969697039	0.096969696969696928	0.060606060606060663	0.1454545454545455	0.084848484848484951	0.024242424242424399	0.048484848484848575	0.048484848484848464	0.048484848484848575	0	0.1454545454545455
413	6	0.072727272727272863	0.024242424242424288	0.16969696969696957	0.25454545454545441	-0.13333333333333341	0.024242424242424065	0.10909090909090913	-0.07272727272727264	0.048484848484848464	0	0.072727272727272863	0.024242424242424288	0.16969696969696957	0.25454545454545441	0.13333333333333341	0.024242424242424065	0.10909090909090913	0.07272727272727264	0.048484848484848464	0	0.25454545454545441
414	6	0	-0.13333333333333341	0.1212121212121211	0.15757575757575759	-0.19393939393939386	0.13333333333333341	0.1454545454545455	-0.12121212121212133	-0.036363636363636265	-0.012121212121212199	0	0.13333333333333341	0.1212121212121211	0.15757575757575759	0.19393939393939386	0.13333333333333341	0.1454545454545455	0.12121212121212133	0.036363636363636265	0.012121212121212199	0.19393939393939386
415	7	-0.024242424242424288	-0.23030303030303023	0.24242424242424232	0.26666666666666672	-0.25454545454545441	0.19393939393939397	0.20606060606060606	-0.1333333333333333	-0.024242424242424176	-0.012121212121212199	0.024242424242424288	0.23030303030303023	0.24242424242424232	0.26666666666666672	0.25454545454545441	0.19393939393939397	0.20606060606060606	0.1333333333333333	0.024242424242424176	0.012121212121212199	0.26666666666666672
416	3	0.10909090909090913	0.3393939393939393	0.012121212121212199	0.048484848484848464	0.07272727272727264	-0.15757575757575759	-0.036363636363636376	0.16969696969696957	0.16969696969696979	0.036363636363636376	0.10909090909090913	0.3393939393939393	0.012121212121212199	0.048484848484848464	0.07272727272727264	0.15757575757575759	0.036363636363636376	0.16969696969696957	0.16969696969696979	0.036363636363636376	0.3393939393939393
417	4	0.08484848484848484	0.24242424242424232	0.1696969696969699	0.20606060606060594	0.012121212121212088	-0.10909090909090902	0.024242424242424176	0.1575757575757577	0.16969696969696968	0.036363636363636376	0.08484848484848484	0.24242424242424232	0.1696969696969699	0.20606060606060594	0.012121212121212088	0.10909090909090902	0.024242424242424176	0.1575757575757577	0.16969696969696968	0.036363636363636376	0.24242424242424232
418	4	0.036363636363636376	0.096969696969696817	0.1575757575757577	0.10909090909090902	-0.048484848484848464	-0.024242424242424399	0.024242424242424399	0.048484848484848464	0.048484848484848464	0.024242424242424288	0.036363636363636376	0.096969696969696817	0.1575757575757577	0.10909090909090902	0.048484848484848464	0.024242424242424399	0.024242424242424399	0.048484848484848464	0.048484848484848464	0.024242424242424288	0.1575757575757577
419	5	0.012121212121212199	0.024242424242424176	0.27878787878787892	0.21818181818181803	-0.096969696969697039	0.036363636363636376	0.084848484848484951	0.048484848484848575	0.060606060606060552	0.024242424242424288	0.012121212121212199	0.024242424242424176	0.27878787878787892	0.21818181818181803	0.096969696969697039	0.036363636363636376	0.084848484848484951	0.048484848484848575	0.060606060606060552	0.024242424242424288	0.27878787878787892
420	4	0.036363636363636376	0.24242424242424254	0.096969696969696928	0.10909090909090902	-0.012121212121212088	-0.18181818181818188	-0.060606060606060552	0.14545454545454539	0.1575757575757577	0.036363636363636376	0.036363636363636376	0.24242424242424254	0.096969696969696928	0.10909090909090902	0.012121212121212088	0.18181818181818188	0.060606060606060552	0.14545454545454539	0.1575757575757577	0.036363636363636376	0.24242424242424254
421	5	0.012121212121212199	0.16969696969696957	0.21818181818181825	0.23030303030303034	-0.060606060606060552	-0.1454545454545455	-0.01212121212121231	0.13333333333333341	0.1575757575757577	0.036363636363636376	0.012121212121212199	0.16969696969696957	0.21818181818181825	0.23030303030303034	0.060606060606060552	0.1454545454545455	0.01212121212121231	0.13333333333333341	0.1575757575757577	0.036363636363636376	0.23030303030303034
422	5	-0.072727272727272751	0	0.18181818181818188	0.1333333333333333	-0.12121212121212133	-0.024242424242424065	0.024242424242424176	0.048484848484848464	0.048484848484848464	0.024242424242424288	0.072727272727272751	0	0.18181818181818188	0.1333333333333333	0.12121212121212133	0.024242424242424065	0.024242424242424176	0.048484848484848464	0.048484848484848464	0.024242424242424288	0.18181818181818188
423	6	-0.096969696969696928	-0.072727272727272863	0.29090909090909078	0.23030303030303045	-0.15757575757575759	0.024242424242424399	0.07272727272727264	0.048484848484848464	0.060606060606060552	0.024242424242424288	0.096969696969696928	0.072727272727272863	0.29090909090909078	0.23030303030303045	0.15757575757575759	0.024242424242424399	0.07272727272727264	0.048484848484848464	0.060606060606060552	0.024242424242424288	0.29090909090909078
424	4	0.18181818181818177	0.20606060606060606	0	0.060606060606060552	0.07272727272727264	-0.096969696969697039	-0.012121212121212088	-0.10909090909090902	-0.012121212121212088	-0.012121212121212088	0.18181818181818177	0.20606060606060606	0	0.060606060606060552	0.07272727272727264	0.096969696969697039	0.012121212121212088	0.10909090909090902	0.012121212121212088	0.012121212121212088	0.20606060606060606
425	5	0.15757575757575748	0.13333333333333341	0.12121212121212122	0.18181818181818177	0.048484848484848464	-0.060606060606060552	0.036363636363636487	-0.10909090909090913	0.012121212121212088	-0.012121212121212088	0.15757575757575748	0.13333333333333341	0.12121212121212122	0.18181818181818177	0.048484848484848464	0.060606060606060552	0.036363636363636487	0.10909090909090913	0.012121212121212088	0.012121212121212088	0.18181818181818177
426	5	0.072727272727272751	-0.024242424242424065	0.096969696969696928	0.08484848484848484	-0.024242424242424176	0.048484848484848242	0.060606060606060552	-0.21818181818181825	-0.13333333333333341	-0.024242424242424288	0.072727272727272751	0.024242424242424065	0.096969696969696928	0.08484848484848484	0.024242424242424176	0.048484848484848242	0.060606060606060552	0.21818181818181825	0.13333333333333341	0.024242424242424288	0.21818181818181825
427	6	0.048484848484848575	-0.096969696969697039	0.20606060606060594	0.18181818181818188	-0.060606060606060774	0.096969696969697039	0.10909090909090902	-0.20606060606060606	-0.096969696969696928	-0.024242424242424288	0.048484848484848575	0.096969696969697039	0.20606060606060594	0.18181818181818188	0.060606060606060774	0.096969696969697039	0.10909090909090902	0.20606060606060606	0.096969696969696928	0.024242424242424288	0.20606060606060606
428	5	0.096969696969696928	0.08484848484848484	0.048484848484848464	0.072727272727272751	-0.012121212121212088	-0.12121212121212133	-0.036363636363636265	-0.12121212121212122	-0.012121212121212088	-0.012121212121212088	0.096969696969696928	0.08484848484848484	0.048484848484848464	0.072727272727272751	0.012121212121212088	0.12121212121212133	0.036363636363636265	0.12121212121212122	0.012121212121212088	0.012121212121212088	0.12121212121212133
429	6	0.072727272727272751	0.012121212121212088	0.1575757575757577	0.18181818181818177	-0.048484848484848464	-0.072727272727272863	0.024242424242424399	-0.14545454545454539	-0.012121212121212088	-0.012121212121212088	0.072727272727272751	0.012121212121212088	0.1575757575757577	0.18181818181818177	0.048484848484848464	0.072727272727272863	0.024242424242424399	0.14545454545454539	0.012121212121212088	0.012121212121212088	0.18181818181818177
430	6	0	-0.14545454545454539	0.10909090909090913	0.08484848484848484	-0.12121212121212133	0.024242424242424176	0.036363636363636376	-0.20606060606060606	-0.12121212121212122	-0.024242424242424288	0	0.14545454545454539	0.10909090909090913	0.08484848484848484	0.12121212121212133	0.024242424242424176	0.036363636363636376	0.20606060606060606	0.12121212121212122	0.024242424242424288	0.20606060606060606
431	7	-0.024242424242424288	-0.24242424242424254	0.23030303030303023	0.19393939393939408	-0.16969696969696979	0.084848484848484951	0.096969696969696817	-0.21818181818181814	-0.10909090909090913	-0.024242424242424288	0.024242424242424288	0.24242424242424254	0.23030303030303023	0.19393939393939408	0.16969696969696979	0.084848484848484951	0.096969696969696817	0.21818181818181814	0.10909090909090913	0.024242424242424288	0.24242424242424254
432	4	-0.024242424242424176	0.26666666666666672	-0.048484848484848464	0.036363636363636376	-0.036363636363636154	-0.16969696969696968	-0.1212121212121211	0.048484848484848464	0.012121212121212088	0	0.024242424242424176	0.26666666666666672	0.048484848484848464	0.036363636363636376	0.036363636363636154	0.16969696969696968	0.1212121212121211	0.048484848484848464	0.012121212121212088	0	0.26666666666666672
433	5	-0.048484848484848464	0.1696969696969699	0.10909090909090913	0.19393939393939408	-0.084848484848484951	-0.1212121212121211	-0.060606060606060663	0.048484848484848464	0.024242424242424065	0	0.048484848484848464	0.1696969696969699	0.10909090909090913	0.19393939393939408	0.084848484848484951	0.1212121212121211	0.060606060606060663	0.048484848484848464	0.024242424242424065	0	0.19393939393939408
434	5	-0.10909090909090902	0.048484848484848464	0.08484848484848484	0.08484848484848484	-0.1454545454545455	-0.024242424242424399	-0.048484848484848575	-0.048484848484848464	-0.096969696969696928	-0.012121212121212199	0.10909090909090902	0.048484848484848464	0.08484848484848484	0.08484848484848484	0.1454545454545455	0.024242424242424399	0.048484848484848575	0.048484848484848464	0.096969696969696928	0.012121212121212199	0.1454545454545455
435	6	-0.13333333333333341	-0.024242424242424176	0.20606060606060606	0.19393939393939397	-0.18181818181818188	0.036363636363636376	0.012121212121212088	-0.036363636363636265	-0.07272727272727264	-0.012121212121212199	0.13333333333333341	0.024242424242424176	0.20606060606060606	0.19393939393939397	0.18181818181818188	0.036363636363636376	0.012121212121212088	0.036363636363636265	0.07272727272727264	0.012121212121212199	0.20606060606060606
436	5	-0.10909090909090902	0.15757575757575748	0.024242424242424288	0.08484848484848484	-0.1212121212121211	-0.18181818181818188	-0.13333333333333341	0.036363636363636487	0.012121212121211977	0	0.10909090909090902	0.15757575757575748	0.024242424242424288	0.08484848484848484	0.1212121212121211	0.18181818181818188	0.13333333333333341	0.036363636363636487	0.012121212121211977	0	0.18181818181818188
437	6	-0.13333333333333341	0.084848484848485062	0.1454545454545455	0.20606060606060606	-0.15757575757575748	-0.1454545454545455	-0.084848484848484729	0.036363636363636154	0.024242424242424176	0	0.13333333333333341	0.084848484848485062	0.1454545454545455	0.20606060606060606	0.15757575757575748	0.1454545454545455	0.084848484848484729	0.036363636363636154	0.024242424242424176	0	0.20606060606060606
438	6	-0.23030303030303023	-0.060606060606060774	0.096969696969696928	0.096969696969696928	-0.21818181818181825	-0.012121212121212088	-0.036363636363636154	-0.036363636363636376	-0.08484848484848484	-0.012121212121212199	0.23030303030303023	0.060606060606060774	0.096969696969696928	0.096969696969696928	0.21818181818181825	0.012121212121212088	0.036363636363636154	0.036363636363636376	0.08484848484848484	0.012121212121212199	0.23030303030303023
439	7	-0.25454545454545441	-0.1333333333333333	0.20606060606060594	0.19393939393939386	-0.24242424242424254	0.036363636363636487	0.01212121212121231	-0.024242424242424399	-0.060606060606060552	-0.012121212121212199	0.25454545454545441	0.1333333333333333	0.20606060606060594	0.19393939393939386	0.24242424242424254	0.036363636363636487	0.01212121212121231	0.024242424242424399	0.060606060606060552	0.012121212121212199	0.25454545454545441
440	5	0.048484848484848353	0.1333333333333333	-0.060606060606060663	0.048484848484848464	-0.036363636363636376	-0.10909090909090902	-0.084848484848484951	-0.21818181818181803	-0.1454545454545455	-0.048484848484848464	0.048484848484848353	0.1333333333333333	0.060606060606060663	0.048484848484848464	0.036363636363636376	0.10909090909090902	0.084848484848484951	0.21818181818181803	0.1454545454545455	0.048484848484848464	0.21818181818181803
441	6	0.024242424242424176	0.060606060606060774	0.060606060606060552	0.16969696969696968	-0.07272727272727264	-0.072727272727272863	-0.036363636363636487	-0.23030303030303023	-0.13333333333333341	-0.048484848484848464	0.024242424242424176	0.060606060606060774	0.060606060606060552	0.16969696969696968	0.07272727272727264	0.072727272727272863	0.036363636363636487	0.23030303030303023	0.13333333333333341	0.048484848484848464	0.23030303030303023
442	6	-0.072727272727272751	-0.096969696969696928	0.024242424242424176	0.060606060606060552	-0.14545454545454539	0.048484848484848242	0	-0.32727272727272716	-0.27878787878787881	-0.060606060606060552	0.072727272727272751	0.096969696969696928	0.024242424242424176	0.060606060606060552	0.14545454545454539	0.048484848484848242	0	0.32727272727272716	0.27878787878787881	0.060606060606060552	0.32727272727272716
443	7	-0.096969696969696928	-0.16969696969696979	0.13333333333333341	0.15757575757575759	-0.19393939393939408	0.096969696969697039	0.048484848484848575	-0.32727272727272738	-0.25454545454545452	-0.060606060606060552	0.096969696969696928	0.16969696969696979	0.13333333333333341	0.15757575757575759	0.19393939393939408	0.096969696969697039	0.048484848484848575	0.32727272727272738	0.25454545454545452	0.060606060606060552	0.32727272727272738
444	6	-0.048484848484848464	0.024242424242424176	-0.024242424242424288	0.048484848484848464	-0.12121212121212133	-0.12121212121212133	-0.096969696969697039	-0.21818181818181814	-0.13333333333333341	-0.048484848484848464	0.048484848484848464	0.024242424242424176	0.024242424242424288	0.048484848484848464	0.12121212121212133	0.12121212121212133	0.096969696969697039	0.21818181818181814	0.13333333333333341	0.048484848484848464	0.21818181818181814
445	7	-0.072727272727272751	-0.048484848484848464	0.08484848484848484	0.15757575757575759	-0.16969696969696979	-0.072727272727272863	-0.036363636363636487	-0.25454545454545463	-0.14545454545454539	-0.048484848484848464	0.072727272727272751	0.048484848484848464	0.08484848484848484	0.15757575757575759	0.16969696969696979	0.072727272727272863	0.036363636363636487	0.25454545454545463	0.14545454545454539	0.048484848484848464	0.25454545454545463
446	7	-0.15757575757575759	-0.20606060606060606	0.024242424242424288	0.048484848484848464	-0.24242424242424232	0.036363636363636265	-0.012121212121212088	-0.30303030303030287	-0.25454545454545452	-0.060606060606060552	0.15757575757575759	0.20606060606060606	0.024242424242424288	0.048484848484848464	0.24242424242424232	0.036363636363636265	0.012121212121212088	0.30303030303030287	0.25454545454545452	0.060606060606060552	0.30303030303030287
447	8	-0.18181818181818177	-0.30303030303030298	0.14545454545454539	0.15757575757575759	-0.30303030303030287	0.096969696969697039	0.048484848484848575	-0.32727272727272722	-0.25454545454545446	-0.060606060606060552	0.18181818181818177	0.30303030303030298	0.14545454545454539	0.15757575757575759	0.30303030303030287	0.096969696969697039	0.048484848484848575	0.32727272727272722	0.25454545454545446	0.060606060606060552	0.32727272727272722
448	3	0.26666666666666661	0.59393939393939388	0.16969696969696968	0.15757575757575748	0.19393939393939397	-0.036363636363636376	0.048484848484848575	0.46060606060606069	0.39999999999999991	0.048484848484848464	0.26666666666666661	0.59393939393939388	0.16969696969696968	0.15757575757575748	0.19393939393939397	0.036363636363636376	0.048484848484848575	0.46060606060606069	0.39999999999999991	0.048484848484848464	0.59393939393939388
449	4	0.23030303030303023	0.49696969696969689	0.30303030303030287	0.2787878787878787	0.14545454545454561	0	0.096969696969696928	0.41212121212121211	0.36363636363636365	0.048484848484848464	0.23030303030303023	0.49696969696969689	0.30303030303030287	0.2787878787878787	0.14545454545454561	0	0.096969696969696928	0.41212121212121211	0.36363636363636365	0.048484848484848464	0.49696969696969689
450	4	0.18181818181818188	0.33939393939393936	0.2787878787878787	0.20606060606060606	0.060606060606060552	0.096969696969697039	0.084848484848484951	0.38787878787878793	0.26666666666666672	0.036363636363636265	0.18181818181818188	0.33939393939393936	0.2787878787878787	0.20606060606060606	0.060606060606060552	0.096969696969697039	0.084848484848484951	0.38787878787878793	0.26666666666666672	0.036363636363636265	0.38787878787878793
451	5	0.14545454545454539	0.26666666666666661	0.40000000000000002	0.30303030303030287	0.024242424242424176	0.1454545454545455	0.15757575757575759	0.35151515151515156	0.24242424242424243	0.036363636363636265	0.14545454545454539	0.26666666666666661	0.40000000000000002	0.30303030303030287	0.024242424242424176	0.1454545454545455	0.15757575757575759	0.35151515151515156	0.24242424242424243	0.036363636363636265	0.40000000000000002
452	4	0.18181818181818188	0.47272727272727277	0.25454545454545452	0.21818181818181814	0.096969696969696928	-0.048484848484848575	0.036363636363636154	0.40000000000000002	0.35151515151515156	0.048484848484848464	0.18181818181818188	0.47272727272727277	0.25454545454545452	0.21818181818181814	0.096969696969696928	0.048484848484848575	0.036363636363636154	0.40000000000000002	0.35151515151515156	0.048484848484848464	0.47272727272727277
453	5	0.14545454545454539	0.40000000000000002	0.35151515151515156	0.30303030303030309	0.060606060606060552	-0.024242424242424399	0.07272727272727264	0.37575757575757573	0.33939393939393947	0.048484848484848464	0.14545454545454539	0.40000000000000002	0.35151515151515156	0.30303030303030309	0.060606060606060552	0.024242424242424399	0.07272727272727264	0.37575757575757573	0.33939393939393947	0.048484848484848464	0.40000000000000002
454	5	0.060606060606060552	0.21818181818181814	0.32727272727272727	0.23030303030303023	-0.024242424242424176	0.10909090909090902	0.096969696969696928	0.32727272727272727	0.23030303030303023	0.036363636363636265	0.060606060606060552	0.21818181818181814	0.32727272727272727	0.23030303030303023	0.024242424242424176	0.10909090909090902	0.096969696969696928	0.32727272727272727	0.23030303030303023	0.036363636363636265	0.32727272727272727
455	6	0.024242424242424288	0.14545454545454539	0.43636363636363645	0.31515151515151507	-0.048484848484848575	0.1454545454545455	0.15757575757575748	0.31515151515151518	0.23030303030303034	0.036363636363636265	0.024242424242424288	0.14545454545454539	0.43636363636363645	0.31515151515151507	0.048484848484848575	0.1454545454545455	0.15757575757575748	0.31515151515151518	0.23030303030303034	0.036363636363636265	0.43636363636363645
456	4	0.35151515151515134	0.42424242424242409	0.14545454545454539	0.1454545454545455	0.19393939393939397	0.036363636363636376	0.084848484848484729	0.14545454545454561	0.16969696969696979	-0.012121212121212088	0.35151515151515134	0.42424242424242409	0.14545454545454539	0.1454545454545455	0.19393939393939397	0.036363636363636376	0.084848484848484729	0.14545454545454561	0.16969696969696979	0.012121212121212088	0.42424242424242409
457	5	0.31515151515151496	0.35151515151515145	0.26666666666666672	0.25454545454545441	0.18181818181818166	0.060606060606060552	0.1212121212121211	0.1333333333333333	0.18181818181818188	-0.012121212121212088	0.31515151515151496	0.35151515151515145	0.26666666666666672	0.25454545454545441	0.18181818181818166	0.060606060606060552	0.1212121212121211	0.1333333333333333	0.18181818181818188	0.012121212121212088	0.35151515151515145
458	5	0.23030303030303023	0.18181818181818188	0.23030303030303034	0.15757575757575759	0.10909090909090913	0.20606060606060617	0.15757575757575748	0.08484848484848484	0.060606060606060552	-0.024242424242424176	0.23030303030303023	0.18181818181818188	0.23030303030303034	0.15757575757575759	0.10909090909090913	0.20606060606060617	0.15757575757575748	0.08484848484848484	0.060606060606060552	0.024242424242424176	0.23030303030303034
459	6	0.19393939393939397	0.10909090909090902	0.36363636363636365	0.26666666666666672	0.08484848484848484	0.24242424242424254	0.21818181818181825	0.08484848484848484	0.084848484848485062	-0.024242424242424176	0.19393939393939397	0.10909090909090902	0.36363636363636365	0.26666666666666672	0.08484848484848484	0.24242424242424254	0.21818181818181825	0.08484848484848484	0.084848484848485062	0.024242424242424176	0.36363636363636365
460	5	0.25454545454545441	0.30303030303030309	0.19393939393939397	0.1575757575757577	0.096969696969696928	0	0.048484848484848242	0.12121212121212122	0.15757575757575759	-0.012121212121212088	0.25454545454545441	0.30303030303030309	0.19393939393939397	0.1575757575757577	0.096969696969696928	0	0.048484848484848242	0.12121212121212122	0.15757575757575759	0.012121212121212088	0.30303030303030309
461	6	0.21818181818181814	0.23030303030303023	0.30303030303030309	0.25454545454545441	0.07272727272727264	0.036363636363636487	0.096969696969696928	0.10909090909090902	0.16969696969696979	-0.012121212121212088	0.21818181818181814	0.23030303030303023	0.30303030303030309	0.25454545454545441	0.07272727272727264	0.036363636363636487	0.096969696969696928	0.10909090909090902	0.16969696969696979	0.012121212121212088	0.30303030303030309
462	6	0.1454545454545455	0.060606060606060663	0.26666666666666672	0.15757575757575759	0	0.16969696969696979	0.1212121212121211	0.060606060606060663	0.060606060606060552	-0.024242424242424176	0.1454545454545455	0.060606060606060663	0.26666666666666672	0.15757575757575759	0	0.16969696969696979	0.1212121212121211	0.060606060606060663	0.060606060606060552	0.024242424242424176	0.26666666666666672
463	7	0.10909090909090913	-0.036363636363636376	0.41212121212121217	0.27878787878787875	-0.036363636363636487	0.21818181818181825	0.19393939393939397	0.060606060606060552	0.08484848484848484	-0.024242424242424176	0.10909090909090913	0.036363636363636376	0.41212121212121217	0.27878787878787875	0.036363636363636487	0.21818181818181825	0.19393939393939397	0.060606060606060552	0.08484848484848484	0.024242424242424176	0.41212121212121217
464	4	0.13333333333333341	0.53333333333333321	0.10909090909090913	0.1333333333333333	0.084848484848484729	-0.048484848484848686	-0.036363636363636487	0.33939393939393947	0.23030303030303045	0	0.13333333333333341	0.53333333333333321	0.10909090909090913	0.1333333333333333	0.084848484848484729	0.048484848484848686	0.036363636363636487	0.33939393939393947	0.23030303030303045	0	0.53333333333333321
465	5	0.096969696969697039	0.43636363636363629	0.24242424242424232	0.25454545454545452	0.048484848484848464	-0.012121212121211977	0.01212121212121231	0.30303030303030298	0.20606060606060606	0	0.096969696969697039	0.43636363636363629	0.24242424242424232	0.25454545454545452	0.048484848484848464	0.012121212121211977	0.01212121212121231	0.30303030303030298	0.20606060606060606	0	0.43636363636363629
466	5	0.036363636363636376	0.30303030303030298	0.20606060606060606	0.16969696969696957	-0.060606060606060552	0.096969696969697039	0.012121212121212088	0.26666666666666661	0.10909090909090924	-0.012121212121212088	0.036363636363636376	0.30303030303030298	0.20606060606060606	0.16969696969696957	0.060606060606060552	0.096969696969697039	0.012121212121212088	0.26666666666666661	0.10909090909090924	0.012121212121212088	0.30303030303030298
467	6	0	0.23030303030303023	0.32727272727272716	0.26666666666666661	-0.084848484848484729	0.1454545454545455	0.084848484848484951	0.24242424242424232	0.096969696969696928	-0.012121212121212088	0	0.23030303030303023	0.32727272727272716	0.26666666666666661	0.084848484848484729	0.1454545454545455	0.084848484848484951	0.24242424242424232	0.096969696969696928	0.012121212121212088	0.32727272727272716
468	5	0.036363636363636376	0.37575757575757573	0.18181818181818188	0.18181818181818177	-0.012121212121211977	-0.048484848484848575	-0.036363636363636265	0.29090909090909101	0.19393939393939397	0	0.036363636363636376	0.37575757575757573	0.18181818181818188	0.18181818181818177	0.012121212121211977	0.048484848484848575	0.036363636363636265	0.29090909090909101	0.19393939393939397	0	0.37575757575757573
469	6	0	0.30303030303030287	0.2787878787878787	0.26666666666666672	-0.036363636363636376	-0.024242424242424399	0	0.27878787878787881	0.19393939393939397	0	0	0.30303030303030287	0.2787878787878787	0.26666666666666672	0.036363636363636376	0.024242424242424399	0	0.27878787878787881	0.19393939393939397	0	0.30303030303030287
470	6	-0.096969696969697039	0.1454545454545455	0.24242424242424232	0.18181818181818177	-0.14545454545454539	0.12121212121212133	0.036363636363636487	0.21818181818181814	0.084848484848485062	-0.012121212121212088	0.096969696969697039	0.1454545454545455	0.24242424242424232	0.18181818181818177	0.14545454545454539	0.12121212121212133	0.036363636363636487	0.21818181818181814	0.084848484848485062	0.012121212121212088	0.24242424242424232
471	7	-0.1333333333333333	0.07272727272727264	0.3515151515151515	0.26666666666666661	-0.15757575757575748	0.1575757575757577	0.096969696969696817	0.21818181818181814	0.096969696969696928	-0.012121212121212088	0.1333333333333333	0.07272727272727264	0.3515151515151515	0.26666666666666661	0.15757575757575748	0.1575757575757577	0.096969696969696817	0.21818181818181814	0.096969696969696928	0.012121212121212088	0.3515151515151515
472	5	0.21818181818181814	0.36363636363636365	0.08484848484848484	0.12121212121212122	0.10909090909090913	0.024242424242424065	0.012121212121211977	0.060606060606060552	0.048484848484848464	-0.060606060606060552	0.21818181818181814	0.36363636363636365	0.08484848484848484	0.12121212121212122	0.10909090909090913	0.024242424242424065	0.012121212121211977	0.060606060606060552	0.048484848484848464	0.060606060606060552	0.36363636363636365
473	6	0.18181818181818177	0.29090909090909078	0.20606060606060606	0.23030303030303023	0.08484848484848484	0.048484848484848575	0.048484848484848242	0.036363636363636265	0.048484848484848464	-0.060606060606060552	0.18181818181818177	0.29090909090909078	0.20606060606060606	0.23030303030303023	0.08484848484848484	0.048484848484848575	0.048484848484848242	0.036363636363636265	0.048484848484848464	0.060606060606060552	0.29090909090909078
474	6	0.08484848484848484	0.12121212121212122	0.15757575757575759	0.12121212121212122	-0.012121212121212088	0.20606060606060617	0.09696969696969715	-0.024242424242424288	-0.072727272727272751	-0.07272727272727264	0.08484848484848484	0.12121212121212122	0.15757575757575759	0.12121212121212122	0.012121212121212088	0.20606060606060617	0.09696969696969715	0.024242424242424288	0.072727272727272751	0.07272727272727264	0.20606060606060617
475	7	0.048484848484848464	0.048484848484848464	0.29090909090909089	0.23030303030303029	-0.048484848484848464	0.24242424242424254	0.15757575757575759	-0.036363636363636265	-0.060606060606060552	-0.07272727272727264	0.048484848484848464	0.048484848484848464	0.29090909090909089	0.23030303030303029	0.048484848484848464	0.24242424242424254	0.15757575757575759	0.036363636363636265	0.060606060606060552	0.07272727272727264	0.29090909090909089
476	6	0.10909090909090902	0.23030303030303023	0.12121212121212122	0.12121212121212122	0.012121212121211977	0	-0.012121212121212088	0.048484848484848464	0.048484848484848464	-0.060606060606060552	0.10909090909090902	0.23030303030303023	0.12121212121212122	0.12121212121212122	0.012121212121211977	0	0.012121212121212088	0.048484848484848464	0.048484848484848464	0.060606060606060552	0.23030303030303023
477	7	0.07272727272727264	0.15757575757575748	0.23030303030303023	0.21818181818181814	-0.024242424242424176	0.036363636363636487	0.036363636363636265	0.024242424242424288	0.048484848484848464	-0.060606060606060552	0.07272727272727264	0.15757575757575748	0.23030303030303023	0.21818181818181814	0.024242424242424176	0.036363636363636487	0.036363636363636265	0.024242424242424288	0.048484848484848464	0.060606060606060552	0.23030303030303023
478	7	-0.012121212121212199	-0.012121212121212088	0.18181818181818177	0.10909090909090902	-0.12121212121212122	0.18181818181818188	0.072727272727272863	-0.036363636363636376	-0.060606060606060663	-0.07272727272727264	0.012121212121212199	0.012121212121212088	0.18181818181818177	0.10909090909090902	0.12121212121212122	0.18181818181818188	0.072727272727272863	0.036363636363636376	0.060606060606060663	0.07272727272727264	0.18181818181818188
479	8	-0.048484848484848575	-0.10909090909090902	0.32727272727272722	0.23030303030303023	-0.16969696969696968	0.23030303030303034	0.14545454545454539	-0.048484848484848464	-0.048484848484848464	-0.07272727272727264	0.048484848484848575	0.10909090909090902	0.32727272727272722	0.23030303030303023	0.16969696969696968	0.23030303030303034	0.14545454545454539	0.048484848484848464	0.048484848484848464	0.07272727272727264	0.32727272727272722
480	4	0.1454545454545455	0.50909090909090904	0.096969696969697039	0.036363636363636487	0.15757575757575748	-0.1454545454545455	-0.10909090909090913	0.26666666666666661	0.19393939393939386	-0.012121212121212199	0.1454545454545455	0.50909090909090904	0.096969696969697039	0.036363636363636487	0.15757575757575748	0.1454545454545455	0.10909090909090913	0.26666666666666661	0.19393939393939386	0.012121212121212199	0.50909090909090904
481	5	0.10909090909090913	0.41212121212121205	0.23030303030303023	0.15757575757575759	0.10909090909090913	-0.10909090909090913	-0.060606060606060774	0.23030303030303034	0.16969696969696979	-0.012121212121212199	0.10909090909090913	0.41212121212121205	0.23030303030303023	0.15757575757575759	0.10909090909090913	0.10909090909090913	0.060606060606060774	0.23030303030303034	0.16969696969696979	0.012121212121212199	0.41212121212121205
482	5	0.048484848484848464	0.25454545454545441	0.19393939393939397	0.096969696969696928	0.012121212121212088	-0.012121212121212088	-0.060606060606060774	0.18181818181818188	0.072727272727272751	-0.024242424242424176	0.048484848484848464	0.25454545454545441	0.19393939393939397	0.096969696969696928	0.012121212121212088	0.012121212121212088	0.060606060606060774	0.18181818181818188	0.072727272727272751	0.024242424242424176	0.25454545454545441
483	6	0.012121212121212088	0.18181818181818177	0.31515151515151507	0.19393939393939397	-0.024242424242424288	0.036363636363636487	0.012121212121212088	0.15757575757575759	0.060606060606060552	-0.024242424242424176	0.012121212121212088	0.18181818181818177	0.31515151515151507	0.19393939393939397	0.024242424242424288	0.036363636363636487	0.012121212121212088	0.15757575757575759	0.060606060606060552	0.024242424242424176	0.31515151515151507
484	5	0.048484848484848464	0.37575757575757573	0.16969696969696968	0.096969696969696928	0.060606060606060774	-0.15757575757575759	-0.1212121212121211	0.20606060606060606	0.14545454545454539	-0.012121212121212199	0.048484848484848464	0.37575757575757573	0.16969696969696968	0.096969696969696928	0.060606060606060774	0.15757575757575759	0.1212121212121211	0.20606060606060606	0.14545454545454539	0.012121212121212199	0.37575757575757573
485	6	0.012121212121212088	0.30303030303030287	0.26666666666666661	0.18181818181818188	0.024242424242424176	-0.13333333333333341	-0.084848484848484951	0.19393939393939408	0.1454545454545455	-0.012121212121212199	0.012121212121212088	0.30303030303030287	0.26666666666666661	0.18181818181818188	0.024242424242424176	0.13333333333333341	0.084848484848484951	0.19393939393939408	0.1454545454545455	0.012121212121212199	0.30303030303030287
486	6	-0.08484848484848484	0.12121212121212133	0.23030303030303023	0.096969696969696928	-0.07272727272727264	0	-0.048484848484848575	0.12121212121212122	0.036363636363636487	-0.024242424242424176	0.08484848484848484	0.12121212121212133	0.23030303030303023	0.096969696969696928	0.07272727272727264	0	0.048484848484848575	0.12121212121212122	0.036363636363636487	0.024242424242424176	0.23030303030303023
487	7	-0.12121212121212122	0.048484848484848575	0.33939393939393936	0.18181818181818166	-0.096969696969697039	0.036363636363636154	0.012121212121211977	0.1212121212121211	0.048484848484848464	-0.024242424242424176	0.12121212121212122	0.048484848484848575	0.33939393939393936	0.18181818181818166	0.096969696969697039	0.036363636363636154	0.012121212121211977	0.1212121212121211	0.048484848484848464	0.024242424242424176	0.33939393939393936
488	5	0.23030303030303023	0.33939393939393925	0.072727272727272751	0.036363636363636265	0.15757575757575748	-0.096969696969697039	-0.060606060606060552	-0.024242424242424288	-0.012121212121211977	-0.07272727272727264	0.23030303030303023	0.33939393939393925	0.072727272727272751	0.036363636363636265	0.15757575757575748	0.096969696969697039	0.060606060606060552	0.024242424242424288	0.012121212121211977	0.07272727272727264	0.33939393939393925
489	6	0.19393939393939397	0.26666666666666661	0.19393939393939397	0.1454545454545455	0.14545454545454539	-0.07272727272727264	-0.024242424242424176	-0.048484848484848575	-0.012121212121211977	-0.07272727272727264	0.19393939393939397	0.26666666666666661	0.19393939393939397	0.1454545454545455	0.14545454545454539	0.07272727272727264	0.024242424242424176	0.048484848484848575	0.012121212121211977	0.07272727272727264	0.26666666666666661
490	6	0.096969696969697039	0.096969696969696928	0.14545454545454539	0.036363636363636376	0.060606060606060552	0.072727272727272751	0	-0.1212121212121211	-0.1333333333333333	-0.084848484848484951	0.096969696969697039	0.096969696969696928	0.14545454545454539	0.036363636363636376	0.060606060606060552	0.072727272727272751	0	0.1212121212121211	0.1333333333333333	0.084848484848484951	0.14545454545454539
491	7	0.060606060606060552	0.024242424242424288	0.2787878787878787	0.14545454545454539	0.036363636363636376	0.10909090909090913	0.060606060606060552	-0.1333333333333333	-0.12121212121212122	-0.084848484848484951	0.060606060606060552	0.024242424242424288	0.2787878787878787	0.14545454545454539	0.036363636363636376	0.10909090909090913	0.060606060606060552	0.1333333333333333	0.12121212121212122	0.084848484848484951	0.2787878787878787
492	6	0.12121212121212122	0.20606060606060594	0.10909090909090924	0.048484848484848353	0.060606060606060552	-0.1333333333333333	-0.096969696969697039	-0.048484848484848575	-0.024242424242424176	-0.07272727272727264	0.12121212121212122	0.20606060606060594	0.10909090909090924	0.048484848484848353	0.060606060606060552	0.1333333333333333	0.096969696969697039	0.048484848484848575	0.024242424242424176	0.07272727272727264	0.20606060606060594
493	7	0.08484848484848484	0.1333333333333333	0.21818181818181814	0.1454545454545455	0.036363636363636487	-0.096969696969696817	-0.048484848484848575	-0.072727272727272751	-0.024242424242424288	-0.07272727272727264	0.08484848484848484	0.1333333333333333	0.21818181818181814	0.1454545454545455	0.036363636363636487	0.096969696969696817	0.048484848484848575	0.072727272727272751	0.024242424242424288	0.07272727272727264	0.21818181818181814
494	7	0	-0.036363636363636376	0.16969696969696968	0.012121212121212199	-0.048484848484848464	0.036363636363636487	-0.036363636363636376	-0.1454545454545455	-0.1333333333333333	-0.084848484848484951	0	0.036363636363636376	0.16969696969696968	0.012121212121212199	0.048484848484848464	0.036363636363636487	0.036363636363636376	0.1454545454545455	0.1333333333333333	0.084848484848484951	0.16969696969696968
495	8	-0.036363636363636376	-0.1333333333333333	0.31515151515151529	0.13333333333333336	-0.08484848484848484	0.08484848484848484	0.036363636363636376	-0.15757575757575759	-0.12121212121212133	-0.084848484848484951	0.036363636363636376	0.1333333333333333	0.31515151515151529	0.13333333333333336	0.08484848484848484	0.08484848484848484	0.036363636363636376	0.15757575757575759	0.12121212121212133	0.084848484848484951	0.31515151515151529
496	5	0	0.43636363636363629	0.036363636363636376	0.024242424242424288	0.036363636363636265	-0.1454545454545455	-0.18181818181818177	0.15757575757575759	0.024242424242424288	-0.060606060606060552	0	0.43636363636363629	0.036363636363636376	0.024242424242424288	0.036363636363636265	0.1454545454545455	0.18181818181818177	0.15757575757575759	0.024242424242424288	0.060606060606060552	0.43636363636363629
497	6	-0.036363636363636487	0.3393939393939393	0.16969696969696957	0.14545454545454539	0	-0.10909090909090913	-0.13333333333333341	0.13333333333333319	0.012121212121212088	-0.060606060606060552	0.036363636363636487	0.3393939393939393	0.16969696969696957	0.14545454545454539	0	0.10909090909090913	0.13333333333333341	0.13333333333333319	0.012121212121212088	0.060606060606060552	0.3393939393939393
498	6	-0.10909090909090902	0.18181818181818177	0.12121212121212122	0.07272727272727264	-0.12121212121212122	0	-0.1454545454545455	0.072727272727272751	-0.10909090909090913	-0.096969696969697039	0.10909090909090902	0.18181818181818177	0.12121212121212122	0.07272727272727264	0.12121212121212122	0	0.1454545454545455	0.072727272727272751	0.10909090909090913	0.096969696969697039	0.18181818181818177
499	7	-0.1454545454545455	0.10909090909090902	0.24242424242424243	0.16969696969696968	-0.14545454545454539	0.048484848484848575	-0.07272727272727264	0.060606060606060552	-0.10909090909090924	-0.096969696969697039	0.1454545454545455	0.10909090909090902	0.24242424242424243	0.16969696969696968	0.14545454545454539	0.048484848484848575	0.07272727272727264	0.060606060606060552	0.10909090909090924	0.096969696969697039	0.24242424242424243
500	6	-0.10909090909090902	0.29090909090909101	0.096969696969696928	0.07272727272727264	-0.060606060606060552	-0.1454545454545455	-0.18181818181818188	0.10909090909090913	-0.012121212121212088	-0.060606060606060552	0.10909090909090902	0.29090909090909101	0.096969696969696928	0.07272727272727264	0.060606060606060552	0.1454545454545455	0.18181818181818188	0.10909090909090913	0.012121212121212088	0.060606060606060552	0.29090909090909101
501	7	-0.1454545454545455	0.21818181818181814	0.19393939393939397	0.15757575757575759	-0.08484848484848484	-0.12121212121212133	-0.1454545454545455	0.10909090909090913	0	-0.060606060606060552	0.1454545454545455	0.21818181818181814	0.19393939393939397	0.15757575757575759	0.08484848484848484	0.12121212121212133	0.1454545454545455	0.10909090909090913	0	0.060606060606060552	0.21818181818181814
502	7	-0.25454545454545452	0.036363636363636487	0.14545454545454539	0.060606060606060663	-0.20606060606060594	0.024242424242424176	-0.12121212121212133	0.024242424242424176	-0.1333333333333333	-0.096969696969697039	0.25454545454545452	0.036363636363636487	0.14545454545454539	0.060606060606060663	0.20606060606060594	0.024242424242424176	0.12121212121212133	0.024242424242424176	0.1333333333333333	0.096969696969697039	0.25454545454545452
503	8	-0.29090909090909101	-0.036363636363636487	0.25454545454545452	0.14545454545454539	-0.21818181818181803	0.060606060606060552	-0.060606060606060552	0.036363636363636265	-0.10909090909090902	-0.096969696969697039	0.29090909090909101	0.036363636363636487	0.25454545454545452	0.14545454545454539	0.21818181818181803	0.060606060606060552	0.060606060606060552	0.036363636363636265	0.10909090909090902	0.096969696969697039	0.29090909090909101
504	6	0.060606060606060663	0.26666666666666672	-0.012121212121212088	0	0.060606060606060663	-0.096969696969697039	-0.14545454545454539	-0.1212121212121211	-0.15757575757575748	-0.12121212121212133	0.060606060606060663	0.26666666666666672	0.012121212121212088	0	0.060606060606060663	0.096969696969697039	0.14545454545454539	0.1212121212121211	0.15757575757575748	0.12121212121212133	0.26666666666666672
505	7	0.024242424242424288	0.19393939393939386	0.10909090909090902	0.10909090909090902	0.036363636363636376	-0.07272727272727264	-0.10909090909090902	-0.15757575757575759	-0.16969696969696957	-0.12121212121212133	0.024242424242424288	0.19393939393939386	0.10909090909090902	0.10909090909090902	0.036363636363636376	0.07272727272727264	0.10909090909090902	0.15757575757575759	0.16969696969696957	0.12121212121212133	0.19393939393939386
506	7	-0.084848484848484729	0	0.048484848484848464	-0.012121212121212088	-0.07272727272727264	0.08484848484848484	-0.096969696969696928	-0.24242424242424238	-0.31515151515151529	-0.15757575757575759	0.084848484848484729	0	0.048484848484848464	0.012121212121212088	0.07272727272727264	0.08484848484848484	0.096969696969696928	0.24242424242424238	0.31515151515151529	0.15757575757575759	0.31515151515151529
507	8	-0.1212121212121211	-0.072727272727272751	0.18181818181818182	0.096969696969697039	-0.10909090909090902	0.12121212121212122	-0.036363636363636487	-0.26666666666666661	-0.31515151515151518	-0.15757575757575759	0.1212121212121211	0.072727272727272751	0.18181818181818182	0.096969696969697039	0.10909090909090902	0.12121212121212122	0.036363636363636487	0.26666666666666661	0.31515151515151518	0.15757575757575759	0.31515151515151518
508	7	-0.060606060606060552	0.14545454545454539	0.012121212121212088	0	-0.036363636363636487	-0.12121212121212122	-0.16969696969696979	-0.13333333333333341	-0.15757575757575748	-0.12121212121212133	0.060606060606060552	0.14545454545454539	0.012121212121212088	0	0.036363636363636487	0.12121212121212122	0.16969696969696979	0.13333333333333341	0.15757575757575748	0.12121212121212133	0.16969696969696979
509	8	-0.096969696969696928	0.072727272727272751	0.12121212121212122	0.096969696969696928	-0.072727272727272751	-0.084848484848484729	-0.1212121212121211	-0.16969696969696968	-0.16969696969696968	-0.12121212121212133	0.096969696969696928	0.072727272727272751	0.12121212121212122	0.096969696969696928	0.072727272727272751	0.084848484848484729	0.1212121212121211	0.16969696969696968	0.16969696969696968	0.12121212121212133	0.16969696969696968
510	8	-0.19393939393939391	-0.1212121212121211	0.060606060606060663	-0.048484848484848464	-0.18181818181818177	0.060606060606060663	-0.12121212121212122	-0.25454545454545446	-0.30303030303030298	-0.15757575757575759	0.19393939393939391	0.1212121212121211	0.060606060606060663	0.048484848484848464	0.18181818181818177	0.060606060606060663	0.12121212121212122	0.25454545454545446	0.30303030303030298	0.15757575757575759	0.30303030303030298
511	9	-0.23030303030303029	-0.21818181818181803	0.20606060606060606	0.07272727272727264	-0.23030303030303023	0.10909090909090913	-0.048484848484848575	-0.2787878787878787	-0.30303030303030293	-0.15757575757575759	0.23030303030303029	0.21818181818181803	0.20606060606060606	0.07272727272727264	0.23030303030303023	0.10909090909090913	0.048484848484848575	0.2787878787878787	0.30303030303030293	0.15757575757575759	0.30303030303030293
512	1	0.23030303030303029	0.21818181818181803	-0.20606060606060606	-0.07272727272727264	0.23030303030303023	-0.10909090909090913	0.048484848484848575	0.2787878787878787	0.30303030303030293	0.15757575757575759	0.23030303030303029	0.21818181818181803	0.20606060606060606	0.07272727272727264	0.23030303030303023	0.10909090909090913	0.048484848484848575	0.2787878787878787	0.30303030303030293	0.15757575757575759	0.30303030303030293
513	2	0.19393939393939391	0.1212121212121211	-0.060606060606060663	0.048484848484848464	0.18181818181818177	-0.060606060606060663	0.12121212121212122	0.25454545454545446	0.30303030303030298	0.15757575757575759	0.19393939393939391	0.1212121212121211	0.060606060606060663	0.048484848484848464	0.18181818181818177	0.060606060606060663	0.12121212121212122	0.25454545454545446	0.30303030303030298	0.15757575757575759	0.30303030303030298
514	2	0.096969696969696928	-0.072727272727272751	-0.12121212121212122	-0.096969696969696928	0.072727272727272751	0.084848484848484729	0.1212121212121211	0.16969696969696968	0.16969696969696968	0.12121212121212133	0.096969696969696928	0.072727272727272751	0.12121212121212122	0.096969696969696928	0.072727272727272751	0.084848484848484729	0.1212121212121211	0.16969696969696968	0.16969696969696968	0.12121212121212133	0.16969696969696968
515	3	0.060606060606060552	-0.14545454545454539	-0.012121212121212088	0	0.036363636363636487	0.12121212121212122	0.16969696969696979	0.13333333333333341	0.15757575757575748	0.12121212121212133	0.060606060606060552	0.14545454545454539	0.012121212121212088	0	0.036363636363636487	0.12121212121212122	0.16969696969696979	0.13333333333333341	0.15757575757575748	0.12121212121212133	0.16969696969696979
516	2	0.1212121212121211	0.072727272727272751	-0.18181818181818182	-0.096969696969697039	0.10909090909090902	-0.12121212121212122	0.036363636363636487	0.26666666666666661	0.31515151515151518	0.15757575757575759	0.1212121212121211	0.072727272727272751	0.18181818181818182	0.096969696969697039	0.10909090909090902	0.12121212121212122	0.036363636363636487	0.26666666666666661	0.31515151515151518	0.15757575757575759	0.31515151515151518
517	3	0.084848484848484729	0	-0.048484848484848464	0.012121212121212088	0.07272727272727264	-0.08484848484848484	0.096969696969696928	0.24242424242424238	0.31515151515151529	0.15757575757575759	0.084848484848484729	0	0.048484848484848464	0.012121212121212088	0.07272727272727264	0.08484848484848484	0.096969696969696928	0.24242424242424238	0.31515151515151529	0.15757575757575759	0.31515151515151529
518	3	-0.024242424242424288	-0.19393939393939386	-0.10909090909090902	-0.10909090909090902	-0.036363636363636376	0.07272727272727264	0.10909090909090902	0.15757575757575759	0.16969696969696957	0.12121212121212133	0.024242424242424288	0.19393939393939386	0.10909090909090902	0.10909090909090902	0.036363636363636376	0.07272727272727264	0.10909090909090902	0.15757575757575759	0.16969696969696957	0.12121212121212133	0.19393939393939386
519	4	-0.060606060606060663	-0.26666666666666672	0.012121212121212088	0	-0.060606060606060663	0.096969696969697039	0.14545454545454539	0.1212121212121211	0.15757575757575748	0.12121212121212133	0.060606060606060663	0.26666666666666672	0.012121212121212088	0	0.060606060606060663	0.096969696969697039	0.14545454545454539	0.1212121212121211	0.15757575757575748	0.12121212121212133	0.26666666666666672
520	2	0.29090909090909101	0.036363636363636487	-0.25454545454545452	-0.14545454545454539	0.21818181818181803	-0.060606060606060552	0.060606060606060552	-0.036363636363636265	0.10909090909090902	0.096969696969697039	0.29090909090909101	0.036363636363636487	0.25454545454545452	0.14545454545454539	0.21818181818181803	0.060606060606060552	0.060606060606060552	0.036363636363636265	0.10909090909090902	0.096969696969697039	0.29090909090909101
521	3	0.25454545454545452	-0.036363636363636487	-0.14545454545454539	-0.060606060606060663	0.20606060606060594	-0.024242424242424176	0.12121212121212133	-0.024242424242424176	0.1333333333333333	0.096969696969697039	0.25454545454545452	0.036363636363636487	0.14545454545454539	0.060606060606060663	0.20606060606060594	0.024242424242424176	0.12121212121212133	0.024242424242424176	0.1333333333333333	0.096969696969697039	0.25454545454545452
522	3	0.1454545454545455	-0.21818181818181814	-0.19393939393939397	-0.15757575757575759	0.08484848484848484	0.12121212121212133	0.1454545454545455	-0.10909090909090913	0	0.060606060606060552	0.1454545454545455	0.21818181818181814	0.19393939393939397	0.15757575757575759	0.08484848484848484	0.12121212121212133	0.1454545454545455	0.10909090909090913	0	0.060606060606060552	0.21818181818181814
523	4	0.10909090909090902	-0.29090909090909101	-0.096969696969696928	-0.07272727272727264	0.060606060606060552	0.1454545454545455	0.18181818181818188	-0.10909090909090913	0.012121212121212088	0.060606060606060552	0.10909090909090902	0.29090909090909101	0.096969696969696928	0.07272727272727264	0.060606060606060552	0.1454545454545455	0.18181818181818188	0.10909090909090913	0.012121212121212088	0.060606060606060552	0.29090909090909101
524	3	0.1454545454545455	-0.10909090909090902	-0.24242424242424243	-0.16969696969696968	0.14545454545454539	-0.048484848484848575	0.07272727272727264	-0.060606060606060552	0.10909090909090924	0.096969696969697039	0.1454545454545455	0.10909090909090902	0.24242424242424243	0.16969696969696968	0.14545454545454539	0.048484848484848575	0.07272727272727264	0.060606060606060552	0.10909090909090924	0.096969696969697039	0.24242424242424243
525	4	0.10909090909090902	-0.18181818181818177	-0.12121212121212122	-0.07272727272727264	0.12121212121212122	0	0.1454545454545455	-0.072727272727272751	0.10909090909090913	0.096969696969697039	0.10909090909090902	0.18181818181818177	0.12121212121212122	0.07272727272727264	0.12121212121212122	0	0.1454545454545455	0.072727272727272751	0.10909090909090913	0.096969696969697039	0.18181818181818177
526	4	0.036363636363636487	-0.3393939393939393	-0.16969696969696957	-0.14545454545454539	0	0.10909090909090913	0.13333333333333341	-0.13333333333333319	-0.012121212121212088	0.060606060606060552	0.036363636363636487	0.3393939393939393	0.16969696969696957	0.14545454545454539	0	0.10909090909090913	0.13333333333333341	0.13333333333333319	0.012121212121212088	0.060606060606060552	0.3393939393939393
527	5	0	-0.43636363636363629	-0.036363636363636376	-0.024242424242424288	-0.036363636363636265	0.1454545454545455	0.18181818181818177	-0.15757575757575759	-0.024242424242424288	0.060606060606060552	0	0.43636363636363629	0.036363636363636376	0.024242424242424288	0.036363636363636265	0.1454545454545455	0.18181818181818177	0.15757575757575759	0.024242424242424288	0.060606060606060552	0.43636363636363629
528	2	0.036363636363636376	0.1333333333333333	-0.31515151515151529	-0.13333333333333336	0.08484848484848484	-0.08484848484848484	-0.036363636363636376	0.15757575757575759	0.12121212121212133	0.084848484848484951	0.036363636363636376	0.1333333333333333	0.31515151515151529	0.13333333333333336	0.08484848484848484	0.08484848484848484	0.036363636363636376	0.15757575757575759	0.12121212121212133	0.084848484848484951	0.31515151515151529
529	3	0	0.036363636363636376	-0.16969696969696968	-0.012121212121212199	0.048484848484848464	-0.036363636363636487	0.036363636363636376	0.1454545454545455	0.1333333333333333	0.084848484848484951	0	0.036363636363636376	0.16969696969696968	0.012121212121212199	0.048484848484848464	0.036363636363636487	0.036363636363636376	0.1454545454545455	0.1333333333333333	0.084848484848484951	0.16969696969696968
530	3	-0.08484848484848484	-0.1333333333333333	-0.21818181818181814	-0.1454545454545455	-0.036363636363636487	0.096969696969696817	0.048484848484848575	0.072727272727272751	0.024242424242424288	0.07272727272727264	0.08484848484848484	0.1333333333333333	0.21818181818181814	0.1454545454545455	0.036363636363636487	0.096969696969696817	0.048484848484848575	0.072727272727272751	0.024242424242424288	0.07272727272727264	0.21818181818181814
531	4	-0.12121212121212122	-0.20606060606060594	-0.10909090909090924	-0.048484848484848353	-0.060606060606060552	0.1333333333333333	0.096969696969697039	0.048484848484848575	0.024242424242424176	0.07272727272727264	0.12121212121212122	0.20606060606060594	0.10909090909090924	0.048484848484848353	0.060606060606060552	0.1333333333333333	0.096969696969697039	0.048484848484848575	0.024242424242424176	0.07272727272727264	0.20606060606060594
532	3	-0.060606060606060552	-0.024242424242424288	-0.2787878787878787	-0.14545454545454539	-0.036363636363636376	-0.10909090909090913	-0.060606060606060552	0.1333333333333333	0.12121212121212122	0.084848484848484951	0.060606060606060552	0.024242424242424288	0.2787878787878787	0.14545454545454539	0.036363636363636376	0.10909090909090913	0.060606060606060552	0.1333333333333333	0.12121212121212122	0.084848484848484951	0.2787878787878787
533	4	-0.096969696969697039	-0.096969696969696928	-0.14545454545454539	-0.036363636363636376	-0.060606060606060552	-0.072727272727272751	0	0.1212121212121211	0.1333333333333333	0.084848484848484951	0.096969696969697039	0.096969696969696928	0.14545454545454539	0.036363636363636376	0.060606060606060552	0.072727272727272751	0	0.1212121212121211	0.1333333333333333	0.084848484848484951	0.14545454545454539
534	4	-0.19393939393939397	-0.26666666666666661	-0.19393939393939397	-0.1454545454545455	-0.14545454545454539	0.07272727272727264	0.024242424242424176	0.048484848484848575	0.012121212121211977	0.07272727272727264	0.19393939393939397	0.26666666666666661	0.19393939393939397	0.1454545454545455	0.14545454545454539	0.07272727272727264	0.024242424242424176	0.048484848484848575	0.012121212121211977	0.07272727272727264	0.26666666666666661
535	5	-0.23030303030303023	-0.33939393939393925	-0.072727272727272751	-0.036363636363636265	-0.15757575757575748	0.096969696969697039	0.060606060606060552	0.024242424242424288	0.012121212121211977	0.07272727272727264	0.23030303030303023	0.33939393939393925	0.072727272727272751	0.036363636363636265	0.15757575757575748	0.096969696969697039	0.060606060606060552	0.024242424242424288	0.012121212121211977	0.07272727272727264	0.33939393939393925
536	3	0.12121212121212122	-0.048484848484848575	-0.33939393939393936	-0.18181818181818166	0.096969696969697039	-0.036363636363636154	-0.012121212121211977	-0.1212121212121211	-0.048484848484848464	0.024242424242424176	0.12121212121212122	0.048484848484848575	0.33939393939393936	0.18181818181818166	0.096969696969697039	0.036363636363636154	0.012121212121211977	0.1212121212121211	0.048484848484848464	0.024242424242424176	0.33939393939393936
537	4	0.08484848484848484	-0.12121212121212133	-0.23030303030303023	-0.096969696969696928	0.07272727272727264	0	0.048484848484848575	-0.12121212121212122	-0.036363636363636487	0.024242424242424176	0.08484848484848484	0.12121212121212133	0.23030303030303023	0.096969696969696928	0.07272727272727264	0	0.048484848484848575	0.12121212121212122	0.036363636363636487	0.024242424242424176	0.23030303030303023
538	4	-0.012121212121212088	-0.30303030303030287	-0.26666666666666661	-0.18181818181818188	-0.024242424242424176	0.13333333333333341	0.084848484848484951	-0.19393939393939408	-0.1454545454545455	0.012121212121212199	0.012121212121212088	0.30303030303030287	0.26666666666666661	0.18181818181818188	0.024242424242424176	0.13333333333333341	0.084848484848484951	0.19393939393939408	0.1454545454545455	0.012121212121212199	0.30303030303030287
539	5	-0.048484848484848464	-0.37575757575757573	-0.16969696969696968	-0.096969696969696928	-0.060606060606060774	0.15757575757575759	0.1212121212121211	-0.20606060606060606	-0.14545454545454539	0.012121212121212199	0.048484848484848464	0.37575757575757573	0.16969696969696968	0.096969696969696928	0.060606060606060774	0.15757575757575759	0.1212121212121211	0.20606060606060606	0.14545454545454539	0.012121212121212199	0.37575757575757573
540	4	-0.012121212121212088	-0.18181818181818177	-0.31515151515151507	-0.19393939393939397	0.024242424242424288	-0.036363636363636487	-0.012121212121212088	-0.15757575757575759	-0.060606060606060552	0.024242424242424176	0.012121212121212088	0.18181818181818177	0.31515151515151507	0.19393939393939397	0.024242424242424288	0.036363636363636487	0.012121212121212088	0.15757575757575759	0.060606060606060552	0.024242424242424176	0.31515151515151507
541	5	-0.048484848484848464	-0.25454545454545441	-0.19393939393939397	-0.096969696969696928	-0.012121212121212088	0.012121212121212088	0.060606060606060774	-0.18181818181818188	-0.072727272727272751	0.024242424242424176	0.048484848484848464	0.25454545454545441	0.19393939393939397	0.096969696969696928	0.012121212121212088	0.012121212121212088	0.060606060606060774	0.18181818181818188	0.072727272727272751	0.024242424242424176	0.25454545454545441
542	5	-0.10909090909090913	-0.41212121212121205	-0.23030303030303023	-0.15757575757575759	-0.10909090909090913	0.10909090909090913	0.060606060606060774	-0.23030303030303034	-0.16969696969696979	0.012121212121212199	0.10909090909090913	0.41212121212121205	0.23030303030303023	0.15757575757575759	0.10909090909090913	0.10909090909090913	0.060606060606060774	0.23030303030303034	0.16969696969696979	0.012121212121212199	0.41212121212121205
543	6	-0.1454545454545455	-0.50909090909090904	-0.096969696969697039	-0.036363636363636487	-0.15757575757575748	0.1454545454545455	0.10909090909090913	-0.26666666666666661	-0.19393939393939386	0.012121212121212199	0.1454545454545455	0.50909090909090904	0.096969696969697039	0.036363636363636487	0.15757575757575748	0.1454545454545455	0.10909090909090913	0.26666666666666661	0.19393939393939386	0.012121212121212199	0.50909090909090904
544	2	0.048484848484848575	0.10909090909090902	-0.32727272727272722	-0.23030303030303023	0.16969696969696968	-0.23030303030303034	-0.14545454545454539	0.048484848484848464	0.048484848484848464	0.07272727272727264	0.048484848484848575	0.10909090909090902	0.32727272727272722	0.23030303030303023	0.16969696969696968	0.23030303030303034	0.14545454545454539	0.048484848484848464	0.048484848484848464	0.07272727272727264	0.32727272727272722
545	3	0.012121212121212199	0.012121212121212088	-0.18181818181818177	-0.10909090909090902	0.12121212121212122	-0.18181818181818188	-0.072727272727272863	0.036363636363636376	0.060606060606060663	0.07272727272727264	0.012121212121212199	0.012121212121212088	0.18181818181818177	0.10909090909090902	0.12121212121212122	0.18181818181818188	0.072727272727272863	0.036363636363636376	0.060606060606060663	0.07272727272727264	0.18181818181818188
546	3	-0.07272727272727264	-0.15757575757575748	-0.23030303030303023	-0.21818181818181814	0.024242424242424176	-0.036363636363636487	-0.036363636363636265	-0.024242424242424288	-0.048484848484848464	0.060606060606060552	0.07272727272727264	0.15757575757575748	0.23030303030303023	0.21818181818181814	0.024242424242424176	0.036363636363636487	0.036363636363636265	0.024242424242424288	0.048484848484848464	0.060606060606060552	0.23030303030303023
547	4	-0.10909090909090902	-0.23030303030303023	-0.12121212121212122	-0.12121212121212122	-0.012121212121211977	0	0.012121212121212088	-0.048484848484848464	-0.048484848484848464	0.060606060606060552	0.10909090909090902	0.23030303030303023	0.12121212121212122	0.12121212121212122	0.012121212121211977	0	0.012121212121212088	0.048484848484848464	0.048484848484848464	0.060606060606060552	0.23030303030303023
548	3	-0.048484848484848464	-0.048484848484848464	-0.29090909090909089	-0.23030303030303029	0.048484848484848464	-0.24242424242424254	-0.15757575757575759	0.036363636363636265	0.060606060606060552	0.07272727272727264	0.048484848484848464	0.048484848484848464	0.29090909090909089	0.23030303030303029	0.048484848484848464	0.24242424242424254	0.15757575757575759	0.036363636363636265	0.060606060606060552	0.07272727272727264	0.29090909090909089
549	4	-0.08484848484848484	-0.12121212121212122	-0.15757575757575759	-0.12121212121212122	0.012121212121212088	-0.20606060606060617	-0.09696969696969715	0.024242424242424288	0.072727272727272751	0.07272727272727264	0.08484848484848484	0.12121212121212122	0.15757575757575759	0.12121212121212122	0.012121212121212088	0.20606060606060617	0.09696969696969715	0.024242424242424288	0.072727272727272751	0.07272727272727264	0.20606060606060617
550	4	-0.18181818181818177	-0.29090909090909078	-0.20606060606060606	-0.23030303030303023	-0.08484848484848484	-0.048484848484848575	-0.048484848484848242	-0.036363636363636265	-0.048484848484848464	0.060606060606060552	0.18181818181818177	0.29090909090909078	0.20606060606060606	0.23030303030303023	0.08484848484848484	0.048484848484848575	0.048484848484848242	0.036363636363636265	0.048484848484848464	0.060606060606060552	0.29090909090909078
551	5	-0.21818181818181814	-0.36363636363636365	-0.08484848484848484	-0.12121212121212122	-0.10909090909090913	-0.024242424242424065	-0.012121212121211977	-0.060606060606060552	-0.048484848484848464	0.060606060606060552	0.21818181818181814	0.36363636363636365	0.08484848484848484	0.12121212121212122	0.10909090909090913	0.024242424242424065	0.012121212121211977	0.060606060606060552	0.048484848484848464	0.060606060606060552	0.36363636363636365
552	3	0.1333333333333333	-0.07272727272727264	-0.3515151515151515	-0.26666666666666661	0.15757575757575748	-0.1575757575757577	-0.096969696969696817	-0.21818181818181814	-0.096969696969696928	0.012121212121212088	0.1333333333333333	0.07272727272727264	0.3515151515151515	0.26666666666666661	0.15757575757575748	0.1575757575757577	0.096969696969696817	0.21818181818181814	0.096969696969696928	0.012121212121212088	0.3515151515151515
553	4	0.096969696969697039	-0.1454545454545455	-0.24242424242424232	-0.18181818181818177	0.14545454545454539	-0.12121212121212133	-0.036363636363636487	-0.21818181818181814	-0.084848484848485062	0.012121212121212088	0.096969696969697039	0.1454545454545455	0.24242424242424232	0.18181818181818177	0.14545454545454539	0.12121212121212133	0.036363636363636487	0.21818181818181814	0.084848484848485062	0.012121212121212088	0.24242424242424232
554	4	0	-0.30303030303030287	-0.2787878787878787	-0.26666666666666672	0.036363636363636376	0.024242424242424399	0	-0.27878787878787881	-0.19393939393939397	0	0	0.30303030303030287	0.2787878787878787	0.26666666666666672	0.036363636363636376	0.024242424242424399	0	0.27878787878787881	0.19393939393939397	0	0.30303030303030287
555	5	-0.036363636363636376	-0.37575757575757573	-0.18181818181818188	-0.18181818181818177	0.012121212121211977	0.048484848484848575	0.036363636363636265	-0.29090909090909101	-0.19393939393939397	0	0.036363636363636376	0.37575757575757573	0.18181818181818188	0.18181818181818177	0.012121212121211977	0.048484848484848575	0.036363636363636265	0.29090909090909101	0.19393939393939397	0	0.37575757575757573
556	4	0	-0.23030303030303023	-0.32727272727272716	-0.26666666666666661	0.084848484848484729	-0.1454545454545455	-0.084848484848484951	-0.24242424242424232	-0.096969696969696928	0.012121212121212088	0	0.23030303030303023	0.32727272727272716	0.26666666666666661	0.084848484848484729	0.1454545454545455	0.084848484848484951	0.24242424242424232	0.096969696969696928	0.012121212121212088	0.32727272727272716
557	5	-0.036363636363636376	-0.30303030303030298	-0.20606060606060606	-0.16969696969696957	0.060606060606060552	-0.096969696969697039	-0.012121212121212088	-0.26666666666666661	-0.10909090909090924	0.012121212121212088	0.036363636363636376	0.30303030303030298	0.20606060606060606	0.16969696969696957	0.060606060606060552	0.096969696969697039	0.012121212121212088	0.26666666666666661	0.10909090909090924	0.012121212121212088	0.30303030303030298
558	5	-0.096969696969697039	-0.43636363636363629	-0.24242424242424232	-0.25454545454545452	-0.048484848484848464	0.012121212121211977	-0.01212121212121231	-0.30303030303030298	-0.20606060606060606	0	0.096969696969697039	0.43636363636363629	0.24242424242424232	0.25454545454545452	0.048484848484848464	0.012121212121211977	0.01212121212121231	0.30303030303030298	0.20606060606060606	0	0.43636363636363629
559	6	-0.13333333333333341	-0.53333333333333321	-0.10909090909090913	-0.1333333333333333	-0.084848484848484729	0.048484848484848686	0.036363636363636487	-0.33939393939393947	-0.23030303030303045	0	0.13333333333333341	0.53333333333333321	0.10909090909090913	0.1333333333333333	0.084848484848484729	0.048484848484848686	0.036363636363636487	0.33939393939393947	0.23030303030303045	0	0.53333333333333321
560	3	-0.10909090909090913	0.036363636363636376	-0.41212121212121217	-0.27878787878787875	0.036363636363636487	-0.21818181818181825	-0.19393939393939397	-0.060606060606060552	-0.08484848484848484	0.024242424242424176	0.10909090909090913	0.036363636363636376	0.41212121212121217	0.27878787878787875	0.036363636363636487	0.21818181818181825	0.19393939393939397	0.060606060606060552	0.08484848484848484	0.024242424242424176	0.41212121212121217
561	4	-0.1454545454545455	-0.060606060606060663	-0.26666666666666672	-0.15757575757575759	0	-0.16969696969696979	-0.1212121212121211	-0.060606060606060663	-0.060606060606060552	0.024242424242424176	0.1454545454545455	0.060606060606060663	0.26666666666666672	0.15757575757575759	0	0.16969696969696979	0.1212121212121211	0.060606060606060663	0.060606060606060552	0.024242424242424176	0.26666666666666672
562	4	-0.21818181818181814	-0.23030303030303023	-0.30303030303030309	-0.25454545454545441	-0.07272727272727264	-0.036363636363636487	-0.096969696969696928	-0.10909090909090902	-0.16969696969696979	0.012121212121212088	0.21818181818181814	0.23030303030303023	0.30303030303030309	0.25454545454545441	0.07272727272727264	0.036363636363636487	0.096969696969696928	0.10909090909090902	0.16969696969696979	0.012121212121212088	0.30303030303030309
563	5	-0.25454545454545441	-0.30303030303030309	-0.19393939393939397	-0.1575757575757577	-0.096969696969696928	0	-0.048484848484848242	-0.12121212121212122	-0.15757575757575759	0.012121212121212088	0.25454545454545441	0.30303030303030309	0.19393939393939397	0.1575757575757577	0.096969696969696928	0	0.048484848484848242	0.12121212121212122	0.15757575757575759	0.012121212121212088	0.30303030303030309
564	4	-0.19393939393939397	-0.10909090909090902	-0.36363636363636365	-0.26666666666666672	-0.08484848484848484	-0.24242424242424254	-0.21818181818181825	-0.08484848484848484	-0.084848484848485062	0.024242424242424176	0.19393939393939397	0.10909090909090902	0.36363636363636365	0.26666666666666672	0.08484848484848484	0.24242424242424254	0.21818181818181825	0.08484848484848484	0.084848484848485062	0.024242424242424176	0.36363636363636365
565	5	-0.23030303030303023	-0.18181818181818188	-0.23030303030303034	-0.15757575757575759	-0.10909090909090913	-0.20606060606060617	-0.15757575757575748	-0.08484848484848484	-0.060606060606060552	0.024242424242424176	0.23030303030303023	0.18181818181818188	0.23030303030303034	0.15757575757575759	0.10909090909090913	0.20606060606060617	0.15757575757575748	0.08484848484848484	0.060606060606060552	0.024242424242424176	0.23030303030303034
566	5	-0.31515151515151496	-0.35151515151515145	-0.26666666666666672	-0.25454545454545441	-0.18181818181818166	-0.060606060606060552	-0.1212121212121211	-0.1333333333333333	-0.18181818181818188	0.012121212121212088	0.31515151515151496	0.35151515151515145	0.26666666666666672	0.25454545454545441	0.18181818181818166	0.060606060606060552	0.1212121212121211	0.1333333333333333	0.18181818181818188	0.012121212121212088	0.35151515151515145
567	6	-0.35151515151515134	-0.42424242424242409	-0.14545454545454539	-0.1454545454545455	-0.19393939393939397	-0.036363636363636376	-0.084848484848484729	-0.14545454545454561	-0.16969696969696979	0.012121212121212088	0.35151515151515134	0.42424242424242409	0.14545454545454539	0.1454545454545455	0.19393939393939397	0.036363636363636376	0.084848484848484729	0.14545454545454561	0.16969696969696979	0.012121212121212088	0.42424242424242409
568	4	-0.024242424242424288	-0.14545454545454539	-0.43636363636363645	-0.31515151515151507	0.048484848484848575	-0.1454545454545455	-0.15757575757575748	-0.31515151515151518	-0.23030303030303034	-0.036363636363636265	0.024242424242424288	0.14545454545454539	0.43636363636363645	0.31515151515151507	0.048484848484848575	0.1454545454545455	0.15757575757575748	0.31515151515151518	0.23030303030303034	0.036363636363636265	0.43636363636363645
569	5	-0.060606060606060552	-0.21818181818181814	-0.32727272727272727	-0.23030303030303023	0.024242424242424176	-0.10909090909090902	-0.096969696969696928	-0.32727272727272727	-0.23030303030303023	-0.036363636363636265	0.060606060606060552	0.21818181818181814	0.32727272727272727	0.23030303030303023	0.024242424242424176	0.10909090909090902	0.096969696969696928	0.32727272727272727	0.23030303030303023	0.036363636363636265	0.32727272727272727
570	5	-0.14545454545454539	-0.40000000000000002	-0.35151515151515156	-0.30303030303030309	-0.060606060606060552	0.024242424242424399	-0.07272727272727264	-0.37575757575757573	-0.33939393939393947	-0.048484848484848464	0.14545454545454539	0.40000000000000002	0.35151515151515156	0.30303030303030309	0.060606060606060552	0.024242424242424399	0.07272727272727264	0.37575757575757573	0.33939393939393947	0.048484848484848464	0.40000000000000002
571	6	-0.18181818181818188	-0.47272727272727277	-0.25454545454545452	-0.21818181818181814	-0.096969696969696928	0.048484848484848575	-0.036363636363636154	-0.40000000000000002	-0.35151515151515156	-0.048484848484848464	0.18181818181818188	0.47272727272727277	0.25454545454545452	0.21818181818181814	0.096969696969696928	0.048484848484848575	0.036363636363636154	0.40000000000000002	0.35151515151515156	0.048484848484848464	0.47272727272727277
572	5	-0.14545454545454539	-0.26666666666666661	-0.40000000000000002	-0.30303030303030287	-0.024242424242424176	-0.1454545454545455	-0.15757575757575759	-0.35151515151515156	-0.24242424242424243	-0.036363636363636265	0.14545454545454539	0.26666666666666661	0.40000000000000002	0.30303030303030287	0.024242424242424176	0.1454545454545455	0.15757575757575759	0.35151515151515156	0.24242424242424243	0.036363636363636265	0.40000000000000002
573	6	-0.18181818181818188	-0.33939393939393936	-0.2787878787878787	-0.20606060606060606	-0.060606060606060552	-0.096969696969697039	-0.084848484848484951	-0.38787878787878793	-0.26666666666666672	-0.036363636363636265	0.18181818181818188	0.33939393939393936	0.2787878787878787	0.20606060606060606	0.060606060606060552	0.096969696969697039	0.084848484848484951	0.38787878787878793	0.26666666666666672	0.036363636363636265	0.38787878787878793
574	6	-0.23030303030303023	-0.49696969696969689	-0.30303030303030287	-0.2787878787878787	-0.14545454545454561	0	-0.096969696969696928	-0.41212121212121211	-0.36363636363636365	-0.048484848484848464	0.23030303030303023	0.49696969696969689	0.30303030303030287	0.2787878787878787	0.14545454545454561	0	0.096969696969696928	0.41212121212121211	0.36363636363636365	0.048484848484848464	0.49696969696969689
575	7	-0.26666666666666661	-0.59393939393939388	-0.16969696969696968	-0.15757575757575748	-0.19393939393939397	0.036363636363636376	-0.048484848484848575	-0.46060606060606069	-0.39999999999999991	-0.048484848484848464	0.26666666666666661	0.59393939393939388	0.16969696969696968	0.15757575757575748	0.19393939393939397	0.036363636363636376	0.048484848484848575	0.46060606060606069	0.39999999999999991	0.048484848484848464	0.59393939393939388
576	2	0.18181818181818177	0.30303030303030298	-0.14545454545454539	-0.15757575757575759	0.30303030303030287	-0.096969696969697039	-0.048484848484848575	0.32727272727272722	0.25454545454545446	0.060606060606060552	0.18181818181818177	0.30303030303030298	0.14545454545454539	0.15757575757575759	0.30303030303030287	0.096969696969697039	0.048484848484848575	0.32727272727272722	0.25454545454545446	0.060606060606060552	0.32727272727272722
577	3	0.15757575757575759	0.20606060606060606	-0.024242424242424288	-0.048484848484848464	0.24242424242424232	-0.036363636363636265	0.012121212121212088	0.30303030303030287	0.25454545454545452	0.060606060606060552	0.15757575757575759	0.20606060606060606	0.024242424242424288	0.048484848484848464	0.24242424242424232	0.036363636363636265	0.012121212121212088	0.30303030303030287	0.25454545454545452	0.060606060606060552	0.30303030303030287
578	3	0.072727272727272751	0.048484848484848464	-0.08484848484848484	-0.15757575757575759	0.16969696969696979	0.072727272727272863	0.036363636363636487	0.25454545454545463	0.14545454545454539	0.048484848484848464	0.072727272727272751	0.048484848484848464	0.08484848484848484	0.15757575757575759	0.16969696969696979	0.072727272727272863	0.036363636363636487	0.25454545454545463	0.14545454545454539	0.048484848484848464	0.25454545454545463
579	4	0.048484848484848464	-0.024242424242424176	0.024242424242424288	-0.048484848484848464	0.12121212121212133	0.12121212121212133	0.096969696969697039	0.21818181818181814	0.13333333333333341	0.048484848484848464	0.048484848484848464	0.024242424242424176	0.024242424242424288	0.048484848484848464	0.12121212121212133	0.12121212121212133	0.096969696969697039	0.21818181818181814	0.13333333333333341	0.048484848484848464	0.21818181818181814
580	3	0.096969696969696928	0.16969696969696979	-0.13333333333333341	-0.15757575757575759	0.19393939393939408	-0.096969696969697039	-0.048484848484848575	0.32727272727272738	0.25454545454545452	0.060606060606060552	0.096969696969696928	0.16969696969696979	0.13333333333333341	0.15757575757575759	0.19393939393939408	0.096969696969697039	0.048484848484848575	0.32727272727272738	0.25454545454545452	0.060606060606060552	0.32727272727272738
581	4	0.072727272727272751	0.096969696969696928	-0.024242424242424176	-0.060606060606060552	0.14545454545454539	-0.048484848484848242	0	0.32727272727272716	0.27878787878787881	0.060606060606060552	0.072727272727272751	0.096969696969696928	0.024242424242424176	0.060606060606060552	0.14545454545454539	0.048484848484848242	0	0.32727272727272716	0.27878787878787881	0.060606060606060552	0.32727272727272716
582	4	-0.024242424242424176	-0.060606060606060774	-0.060606060606060552	-0.16969696969696968	0.07272727272727264	0.072727272727272863	0.036363636363636487	0.23030303030303023	0.13333333333333341	0.048484848484848464	0.024242424242424176	0.060606060606060774	0.060606060606060552	0.16969696969696968	0.07272727272727264	0.072727272727272863	0.036363636363636487	0.23030303030303023	0.13333333333333341	0.048484848484848464	0.23030303030303023
583	5	-0.048484848484848353	-0.1333333333333333	0.060606060606060663	-0.048484848484848464	0.036363636363636376	0.10909090909090902	0.084848484848484951	0.21818181818181803	0.1454545454545455	0.048484848484848464	0.048484848484848353	0.1333333333333333	0.060606060606060663	0.048484848484848464	0.036363636363636376	0.10909090909090902	0.084848484848484951	0.21818181818181803	0.1454545454545455	0.048484848484848464	0.21818181818181803
584	3	0.25454545454545441	0.1333333333333333	-0.20606060606060594	-0.19393939393939386	0.24242424242424254	-0.036363636363636487	-0.01212121212121231	0.024242424242424399	0.060606060606060552	0.012121212121212199	0.25454545454545441	0.1333333333333333	0.20606060606060594	0.19393939393939386	0.24242424242424254	0.036363636363636487	0.01212121212121231	0.024242424242424399	0.060606060606060552	0.012121212121212199	0.25454545454545441
585	4	0.23030303030303023	0.060606060606060774	-0.096969696969696928	-0.096969696969696928	0.21818181818181825	0.012121212121212088	0.036363636363636154	0.036363636363636376	0.08484848484848484	0.012121212121212199	0.23030303030303023	0.060606060606060774	0.096969696969696928	0.096969696969696928	0.21818181818181825	0.012121212121212088	0.036363636363636154	0.036363636363636376	0.08484848484848484	0.012121212121212199	0.23030303030303023
586	4	0.13333333333333341	-0.084848484848485062	-0.1454545454545455	-0.20606060606060606	0.15757575757575748	0.1454545454545455	0.084848484848484729	-0.036363636363636154	-0.024242424242424176	0	0.13333333333333341	0.084848484848485062	0.1454545454545455	0.20606060606060606	0.15757575757575748	0.1454545454545455	0.084848484848484729	0.036363636363636154	0.024242424242424176	0	0.20606060606060606
587	5	0.10909090909090902	-0.15757575757575748	-0.024242424242424288	-0.08484848484848484	0.1212121212121211	0.18181818181818188	0.13333333333333341	-0.036363636363636487	-0.012121212121211977	0	0.10909090909090902	0.15757575757575748	0.024242424242424288	0.08484848484848484	0.1212121212121211	0.18181818181818188	0.13333333333333341	0.036363636363636487	0.012121212121211977	0	0.18181818181818188
588	4	0.13333333333333341	0.024242424242424176	-0.20606060606060606	-0.19393939393939397	0.18181818181818188	-0.036363636363636376	-0.012121212121212088	0.036363636363636265	0.07272727272727264	0.012121212121212199	0.13333333333333341	0.024242424242424176	0.20606060606060606	0.19393939393939397	0.18181818181818188	0.036363636363636376	0.012121212121212088	0.036363636363636265	0.07272727272727264	0.012121212121212199	0.20606060606060606
589	5	0.10909090909090902	-0.048484848484848464	-0.08484848484848484	-0.08484848484848484	0.1454545454545455	0.024242424242424399	0.048484848484848575	0.048484848484848464	0.096969696969696928	0.012121212121212199	0.10909090909090902	0.048484848484848464	0.08484848484848484	0.08484848484848484	0.1454545454545455	0.024242424242424399	0.048484848484848575	0.048484848484848464	0.096969696969696928	0.012121212121212199	0.1454545454545455
590	5	0.048484848484848464	-0.1696969696969699	-0.10909090909090913	-0.19393939393939408	0.084848484848484951	0.1212121212121211	0.060606060606060663	-0.048484848484848464	-0.024242424242424065	0	0.048484848484848464	0.1696969696969699	0.10909090909090913	0.19393939393939408	0.084848484848484951	0.1212121212121211	0.060606060606060663	0.048484848484848464	0.024242424242424065	0	0.19393939393939408
591	6	0.024242424242424176	-0.26666666666666672	0.048484848484848464	-0.036363636363636376	0.036363636363636154	0.16969696969696968	0.1212121212121211	-0.048484848484848464	-0.012121212121212088	0	0.024242424242424176	0.26666666666666672	0.048484848484848464	0.036363636363636376	0.036363636363636154	0.16969696969696968	0.1212121212121211	0.048484848484848464	0.012121212121212088	0	0.26666666666666672
592	3	0.024242424242424288	0.24242424242424254	-0.23030303030303023	-0.19393939393939408	0.16969696969696979	-0.084848484848484951	-0.096969696969696817	0.21818181818181814	0.10909090909090913	0.024242424242424288	0.024242424242424288	0.24242424242424254	0.23030303030303023	0.19393939393939408	0.16969696969696979	0.084848484848484951	0.096969696969696817	0.21818181818181814	0.10909090909090913	0.024242424242424288	0.24242424242424254
593	4	0	0.14545454545454539	-0.10909090909090913	-0.08484848484848484	0.12121212121212133	-0.024242424242424176	-0.036363636363636376	0.20606060606060606	0.12121212121212122	0.024242424242424288	0	0.14545454545454539	0.10909090909090913	0.08484848484848484	0.12121212121212133	0.024242424242424176	0.036363636363636376	0.20606060606060606	0.12121212121212122	0.024242424242424288	0.20606060606060606
594	4	-0.072727272727272751	-0.012121212121212088	-0.1575757575757577	-0.18181818181818177	0.048484848484848464	0.072727272727272863	-0.024242424242424399	0.14545454545454539	0.012121212121212088	0.012121212121212088	0.072727272727272751	0.012121212121212088	0.1575757575757577	0.18181818181818177	0.048484848484848464	0.072727272727272863	0.024242424242424399	0.14545454545454539	0.012121212121212088	0.012121212121212088	0.18181818181818177
595	5	-0.096969696969696928	-0.08484848484848484	-0.048484848484848464	-0.072727272727272751	0.012121212121212088	0.12121212121212133	0.036363636363636265	0.12121212121212122	0.012121212121212088	0.012121212121212088	0.096969696969696928	0.08484848484848484	0.048484848484848464	0.072727272727272751	0.012121212121212088	0.12121212121212133	0.036363636363636265	0.12121212121212122	0.012121212121212088	0.012121212121212088	0.12121212121212133
596	4	-0.048484848484848575	0.096969696969697039	-0.20606060606060594	-0.18181818181818188	0.060606060606060774	-0.096969696969697039	-0.10909090909090902	0.20606060606060606	0.096969696969696928	0.024242424242424288	0.048484848484848575	0.096969696969697039	0.20606060606060594	0.18181818181818188	0.060606060606060774	0.096969696969697039	0.10909090909090902	0.20606060606060606	0.096969696969696928	0.024242424242424288	0.20606060606060606
597	5	-0.072727272727272751	0.024242424242424065	-0.096969696969696928	-0.08484848484848484	0.024242424242424176	-0.048484848484848242	-0.060606060606060552	0.21818181818181825	0.13333333333333341	0.024242424242424288	0.072727272727272751	0.024242424242424065	0.096969696969696928	0.08484848484848484	0.024242424242424176	0.048484848484848242	0.060606060606060552	0.21818181818181825	0.13333333333333341	0.024242424242424288	0.21818181818181825
598	5	-0.15757575757575748	-0.13333333333333341	-0.12121212121212122	-0.18181818181818177	-0.048484848484848464	0.060606060606060552	-0.036363636363636487	0.10909090909090913	-0.012121212121212088	0.012121212121212088	0.15757575757575748	0.13333333333333341	0.12121212121212122	0.18181818181818177	0.048484848484848464	0.060606060606060552	0.036363636363636487	0.10909090909090913	0.012121212121212088	0.012121212121212088	0.18181818181818177
599	6	-0.18181818181818177	-0.20606060606060606	0	-0.060606060606060552	-0.07272727272727264	0.096969696969697039	0.012121212121212088	0.10909090909090902	0.012121212121212088	0.012121212121212088	0.18181818181818177	0.20606060606060606	0	0.060606060606060552	0.07272727272727264	0.096969696969697039	0.012121212121212088	0.10909090909090902	0.012121212121212088	0.012121212121212088	0.20606060606060606
600	4	0.096969696969696928	0.072727272727272863	-0.29090909090909078	-0.23030303030303045	0.15757575757575759	-0.024242424242424399	-0.07272727272727264	-0.048484848484848464	-0.060606060606060552	-0.024242424242424288	0.096969696969696928	0.072727272727272863	0.29090909090909078	0.23030303030303045	0.15757575757575759	0.024242424242424399	0.07272727272727264	0.048484848484848464	0.060606060606060552	0.024242424242424288	0.29090909090909078
601	5	0.072727272727272751	0	-0.18181818181818188	-0.1333333333333333	0.12121212121212133	0.024242424242424065	-0.024242424242424176	-0.048484848484848464	-0.048484848484848464	-0.024242424242424288	0.072727272727272751	0	0.18181818181818188	0.1333333333333333	0.12121212121212133	0.024242424242424065	0.024242424242424176	0.048484848484848464	0.048484848484848464	0.024242424242424288	0.18181818181818188
602	5	-0.012121212121212199	-0.16969696969696957	-0.21818181818181825	-0.23030303030303034	0.060606060606060552	0.1454545454545455	0.01212121212121231	-0.13333333333333341	-0.1575757575757577	-0.036363636363636376	0.012121212121212199	0.16969696969696957	0.21818181818181825	0.23030303030303034	0.060606060606060552	0.1454545454545455	0.01212121212121231	0.13333333333333341	0.1575757575757577	0.036363636363636376	0.23030303030303034
603	6	-0.036363636363636376	-0.24242424242424254	-0.096969696969696928	-0.10909090909090902	0.012121212121212088	0.18181818181818188	0.060606060606060552	-0.14545454545454539	-0.1575757575757577	-0.036363636363636376	0.036363636363636376	0.24242424242424254	0.096969696969696928	0.10909090909090902	0.012121212121212088	0.18181818181818188	0.060606060606060552	0.14545454545454539	0.1575757575757577	0.036363636363636376	0.24242424242424254
604	5	-0.012121212121212199	-0.024242424242424176	-0.27878787878787892	-0.21818181818181803	0.096969696969697039	-0.036363636363636376	-0.084848484848484951	-0.048484848484848575	-0.060606060606060552	-0.024242424242424288	0.012121212121212199	0.024242424242424176	0.27878787878787892	0.21818181818181803	0.096969696969697039	0.036363636363636376	0.084848484848484951	0.048484848484848575	0.060606060606060552	0.024242424242424288	0.27878787878787892
605	6	-0.036363636363636376	-0.096969696969696817	-0.1575757575757577	-0.10909090909090902	0.048484848484848464	0.024242424242424399	-0.024242424242424399	-0.048484848484848464	-0.048484848484848464	-0.024242424242424288	0.036363636363636376	0.096969696969696817	0.1575757575757577	0.10909090909090902	0.048484848484848464	0.024242424242424399	0.024242424242424399	0.048484848484848464	0.048484848484848464	0.024242424242424288	0.1575757575757577
606	6	-0.08484848484848484	-0.24242424242424232	-0.1696969696969699	-0.20606060606060594	-0.012121212121212088	0.10909090909090902	-0.024242424242424176	-0.1575757575757577	-0.16969696969696968	-0.036363636363636376	0.08484848484848484	0.24242424242424232	0.1696969696969699	0.20606060606060594	0.012121212121212088	0.10909090909090902	0.024242424242424176	0.1575757575757577	0.16969696969696968	0.036363636363636376	0.24242424242424232
607	7	-0.10909090909090913	-0.3393939393939393	-0.012121212121212199	-0.048484848484848464	-0.07272727272727264	0.15757575757575759	0.036363636363636376	-0.16969696969696957	-0.16969696969696979	-0.036363636363636376	0.10909090909090913	0.3393939393939393	0.012121212121212199	0.048484848484848464	0.07272727272727264	0.15757575757575759	0.036363636363636376	0.16969696969696957	0.16969696969696979	0.036363636363636376	0.3393939393939393
608	3	0.024242424242424288	0.23030303030303023	-0.24242424242424232	-0.26666666666666672	0.25454545454545441	-0.19393939393939397	-0.20606060606060606	0.1333333333333333	0.024242424242424176	0.012121212121212199	0.024242424242424288	0.23030303030303023	0.24242424242424232	0.26666666666666672	0.25454545454545441	0.19393939393939397	0.20606060606060606	0.1333333333333333	0.024242424242424176	0.012121212121212199	0.26666666666666672
609	4	0	0.13333333333333341	-0.1212121212121211	-0.15757575757575759	0.19393939393939386	-0.13333333333333341	-0.1454545454545455	0.12121212121212133	0.036363636363636265	0.012121212121212199	0	0.13333333333333341	0.1212121212121211	0.15757575757575759	0.19393939393939386	0.13333333333333341	0.1454545454545455	0.12121212121212133	0.036363636363636265	0.012121212121212199	0.19393939393939386
610	4	-0.072727272727272863	-0.024242424242424288	-0.16969696969696957	-0.25454545454545441	0.13333333333333341	-0.024242424242424065	-0.10909090909090913	0.07272727272727264	-0.048484848484848464	0	0.072727272727272863	0.024242424242424288	0.16969696969696957	0.25454545454545441	0.13333333333333341	0.024242424242424065	0.10909090909090913	0.07272727272727264	0.048484848484848464	0	0.25454545454545441
611	5	-0.096969696969697039	-0.096969696969696928	-0.060606060606060663	-0.1454545454545455	0.084848484848484951	0.024242424242424399	-0.048484848484848575	0.048484848484848464	-0.048484848484848575	0	0.096969696969697039	0.096969696969696928	0.060606060606060663	0.1454545454545455	0.084848484848484951	0.024242424242424399	0.048484848484848575	0.048484848484848464	0.048484848484848575	0	0.1454545454545455
612	4	-0.048484848484848464	0.084848484848484729	-0.21818181818181825	-0.24242424242424232	0.14545454545454561	-0.19393939393939397	-0.20606060606060606	0.13333333333333341	0.024242424242424288	0.012121212121212199	0.048484848484848464	0.084848484848484729	0.21818181818181825	0.24242424242424232	0.14545454545454561	0.19393939393939397	0.20606060606060606	0.13333333333333341	0.024242424242424288	0.012121212121212199	0.24242424242424232
613	5	-0.072727272727272863	0.012121212121211977	-0.10909090909090913	-0.14545454545454561	0.096969696969696928	-0.1454545454545455	-0.15757575757575759	0.14545454545454539	0.060606060606060552	0.012121212121212199	0.072727272727272863	0.012121212121211977	0.10909090909090913	0.14545454545454561	0.096969696969696928	0.1454545454545455	0.15757575757575759	0.14545454545454539	0.060606060606060552	0.012121212121212199	0.15757575757575759
614	5	-0.15757575757575759	-0.14545454545454539	-0.1333333333333333	-0.2666666666666665	0.036363636363636376	-0.024242424242424065	-0.10909090909090913	0.048484848484848464	-0.060606060606060663	0	0.15757575757575759	0.14545454545454539	0.1333333333333333	0.2666666666666665	0.036363636363636376	0.024242424242424065	0.10909090909090913	0.048484848484848464	0.060606060606060663	0	0.2666666666666665
615	6	-0.18181818181818177	-0.21818181818181825	-0.012121212121212088	-0.1454545454545455	0	0.012121212121212088	-0.060606060606060552	0.048484848484848464	-0.036363636363636376	0	0.18181818181818177	0.21818181818181825	0.012121212121212088	0.1454545454545455	0	0.012121212121212088	0.060606060606060552	0.048484848484848464	0.036363636363636376	0	0.21818181818181825
616	4	0.12121212121212133	0.060606060606060552	-0.30303030303030309	-0.29090909090909101	0.19393939393939397	-0.13333333333333319	-0.15757575757575748	-0.1212121212121211	-0.1212121212121211	-0.036363636363636376	0.12121212121212133	0.060606060606060552	0.30303030303030309	0.29090909090909101	0.19393939393939397	0.13333333333333319	0.15757575757575748	0.1212121212121211	0.1212121212121211	0.036363636363636376	0.30303030303030309
617	5	0.096969696969696928	-0.01212121212121231	-0.19393939393939386	-0.19393939393939386	0.16969696969696968	-0.084848484848484618	-0.10909090909090902	-0.1212121212121211	-0.10909090909090902	-0.036363636363636376	0.096969696969696928	0.01212121212121231	0.19393939393939386	0.19393939393939386	0.16969696969696968	0.084848484848484618	0.10909090909090902	0.1212121212121211	0.10909090909090902	0.036363636363636376	0.19393939393939386
618	5	0.012121212121212088	-0.15757575757575748	-0.23030303030303023	-0.31515151515151518	0.1212121212121211	0.048484848484848464	-0.072727272727272751	-0.19393939393939386	-0.19393939393939397	-0.048484848484848464	0.012121212121212088	0.15757575757575748	0.23030303030303023	0.31515151515151518	0.1212121212121211	0.048484848484848464	0.072727272727272751	0.19393939393939386	0.19393939393939397	0.048484848484848464	0.31515151515151518
619	6	-0.012121212121212088	-0.23030303030303045	-0.10909090909090902	-0.19393939393939397	0.084848484848484729	0.084848484848484729	-0.024242424242424176	-0.20606060606060594	-0.19393939393939386	-0.048484848484848464	0.012121212121212088	0.23030303030303045	0.10909090909090902	0.19393939393939397	0.084848484848484729	0.084848484848484729	0.024242424242424176	0.20606060606060594	0.19393939393939386	0.048484848484848464	0.23030303030303045
620	5	0.012121212121212088	-0.060606060606060663	-0.29090909090909089	-0.26666666666666672	0.13333333333333341	-0.13333333333333341	-0.15757575757575759	-0.10909090909090902	-0.10909090909090902	-0.036363636363636376	0.012121212121212088	0.060606060606060663	0.29090909090909089	0.26666666666666672	0.13333333333333341	0.13333333333333341	0.15757575757575759	0.10909090909090902	0.10909090909090902	0.036363636363636376	0.29090909090909089
621	6	-0.012121212121212088	-0.13333333333333341	-0.16969696969696968	-0.15757575757575759	0.096969696969697039	-0.072727272727272863	-0.096969696969697039	-0.10909090909090913	-0.096969696969697039	-0.036363636363636376	0.012121212121212088	0.13333333333333341	0.16969696969696968	0.15757575757575759	0.096969696969697039	0.072727272727272863	0.096969696969697039	0.10909090909090913	0.096969696969697039	0.036363636363636376	0.16969696969696968
622	6	-0.060606060606060663	-0.25454545454545441	-0.18181818181818177	-0.30303030303030298	0.048484848484848686	0.024242424242424176	-0.096969696969697039	-0.20606060606060606	-0.19393939393939397	-0.048484848484848464	0.060606060606060663	0.25454545454545441	0.18181818181818177	0.30303030303030298	0.048484848484848686	0.024242424242424176	0.096969696969697039	0.20606060606060606	0.19393939393939397	0.048484848484848464	0.30303030303030298
623	7	-0.08484848484848484	-0.35151515151515145	-0.024242424242424176	-0.1454545454545455	0	0.072727272727272863	-0.036363636363636376	-0.21818181818181825	-0.19393939393939408	-0.048484848484848464	0.08484848484848484	0.35151515151515145	0.024242424242424176	0.1454545454545455	0	0.072727272727272863	0.036363636363636376	0.21818181818181825	0.19393939393939408	0.048484848484848464	0.35151515151515145
624	4	-0.12121212121212122	0.15757575757575759	-0.32727272727272727	-0.29090909090909078	0.13333333333333341	-0.19393939393939397	-0.24242424242424243	0.036363636363636376	-0.096969696969696928	-0.024242424242424176	0.12121212121212122	0.15757575757575759	0.32727272727272727	0.29090909090909078	0.13333333333333341	0.19393939393939397	0.24242424242424243	0.036363636363636376	0.096969696969696928	0.024242424242424176	0.32727272727272727
625	5	-0.14545454545454539	0.060606060606060663	-0.20606060606060606	-0.18181818181818166	0.084848484848484951	-0.13333333333333341	-0.18181818181818188	0.036363636363636376	-0.07272727272727264	-0.024242424242424176	0.14545454545454539	0.060606060606060663	0.20606060606060606	0.18181818181818166	0.084848484848484951	0.13333333333333341	0.18181818181818188	0.036363636363636376	0.07272727272727264	0.024242424242424176	0.20606060606060606
626	5	-0.20606060606060606	-0.12121212121212122	-0.24242424242424243	-0.26666666666666672	0.024242424242424176	-0.036363636363636376	-0.18181818181818188	-0.024242424242424288	-0.18181818181818188	-0.060606060606060552	0.20606060606060606	0.12121212121212122	0.24242424242424243	0.26666666666666672	0.024242424242424176	0.036363636363636376	0.18181818181818188	0.024242424242424288	0.18181818181818188	0.060606060606060552	0.26666666666666672
627	6	-0.23030303030303023	-0.19393939393939397	-0.1333333333333333	-0.15757575757575748	-0.012121212121212088	0.012121212121212088	-0.12121212121212133	-0.036363636363636487	-0.16969696969696979	-0.060606060606060552	0.23030303030303023	0.19393939393939397	0.1333333333333333	0.15757575757575748	0.012121212121212088	0.012121212121212088	0.12121212121212133	0.036363636363636487	0.16969696969696979	0.060606060606060552	0.23030303030303023
628	5	-0.18181818181818188	0.024242424242424176	-0.29090909090909089	-0.25454545454545452	0.024242424242424399	-0.20606060606060606	-0.25454545454545452	0.024242424242424288	-0.10909090909090913	-0.024242424242424176	0.18181818181818188	0.024242424242424176	0.29090909090909089	0.25454545454545452	0.024242424242424399	0.20606060606060606	0.25454545454545452	0.024242424242424288	0.10909090909090913	0.024242424242424176	0.29090909090909089
629	6	-0.20606060606060606	-0.048484848484848575	-0.18181818181818177	-0.1575757575757577	-0.01212121212121231	-0.15757575757575759	-0.20606060606060617	0.048484848484848242	-0.060606060606060552	-0.024242424242424176	0.20606060606060606	0.048484848484848575	0.18181818181818177	0.1575757575757577	0.01212121212121231	0.15757575757575759	0.20606060606060617	0.048484848484848242	0.060606060606060552	0.024242424242424176	0.20606060606060617
630	6	-0.27878787878787881	-0.23030303030303023	-0.19393939393939397	-0.26666666666666672	-0.072727272727272863	-0.048484848484848464	-0.19393939393939397	-0.060606060606060774	-0.20606060606060617	-0.060606060606060552	0.27878787878787881	0.23030303030303023	0.19393939393939397	0.26666666666666672	0.072727272727272863	0.048484848484848464	0.19393939393939397	0.060606060606060774	0.20606060606060617	0.060606060606060552	0.27878787878787881
631	7	-0.30303030303030287	-0.30303030303030298	-0.072727272727272751	-0.14545454545454539	-0.096969696969697039	-0.012121212121212088	-0.14545454545454561	-0.048484848484848464	-0.16969696969696968	-0.060606060606060552	0.30303030303030287	0.30303030303030298	0.072727272727272751	0.14545454545454539	0.096969696969697039	0.012121212121212088	0.14545454545454561	0.048484848484848464	0.16969696969696968	0.060606060606060552	0.30303030303030298
632	5	-0.048484848484848464	-0.01212121212121231	-0.41212121212121211	-0.33939393939393947	0.12121212121212122	-0.13333333333333319	-0.23030303030303023	-0.20606060606060617	-0.24242424242424254	-0.07272727272727264	0.048484848484848464	0.01212121212121231	0.41212121212121211	0.33939393939393947	0.12121212121212122	0.13333333333333319	0.23030303030303023	0.20606060606060617	0.24242424242424254	0.07272727272727264	0.41212121212121211
633	6	-0.07272727272727264	-0.084848484848484729	-0.30303030303030287	-0.24242424242424232	0.084848484848484951	-0.084848484848484618	-0.18181818181818177	-0.21818181818181825	-0.24242424242424254	-0.07272727272727264	0.07272727272727264	0.084848484848484729	0.30303030303030287	0.24242424242424232	0.084848484848484951	0.084848484848484618	0.18181818181818177	0.21818181818181825	0.24242424242424254	0.07272727272727264	0.30303030303030287
634	6	-0.14545454545454539	-0.2787878787878787	-0.32727272727272727	-0.35151515151515156	0.036363636363636376	0.036363636363636376	-0.18181818181818188	-0.30303030303030309	-0.35151515151515145	-0.10909090909090902	0.14545454545454539	0.2787878787878787	0.32727272727272727	0.35151515151515156	0.036363636363636376	0.036363636363636376	0.18181818181818188	0.30303030303030309	0.35151515151515145	0.10909090909090902	0.35151515151515156
635	7	-0.1696969696969699	-0.35151515151515156	-0.20606060606060606	-0.23030303030303023	-0.012121212121212088	0.07272727272727264	-0.1333333333333333	-0.32727272727272727	-0.36363636363636365	-0.10909090909090902	0.1696969696969699	0.35151515151515156	0.20606060606060606	0.23030303030303023	0.012121212121212088	0.07272727272727264	0.1333333333333333	0.32727272727272727	0.36363636363636365	0.10909090909090902	0.36363636363636365
636	6	-0.14545454545454539	-0.096969696969696817	-0.38787878787878793	-0.30303030303030309	0.060606060606060663	-0.1454545454545455	-0.24242424242424243	-0.20606060606060617	-0.24242424242424243	-0.07272727272727264	0.14545454545454539	0.096969696969696817	0.38787878787878793	0.30303030303030309	0.060606060606060663	0.1454545454545455	0.24242424242424243	0.20606060606060617	0.24242424242424243	0.07272727272727264	0.38787878787878793
637	7	-0.1696969696969699	-0.16969696969696957	-0.26666666666666661	-0.19393939393939397	0.012121212121211977	-0.084848484848484951	-0.18181818181818188	-0.21818181818181825	-0.24242424242424254	-0.07272727272727264	0.1696969696969699	0.16969696969696957	0.26666666666666661	0.19393939393939397	0.012121212121211977	0.084848484848484951	0.18181818181818188	0.21818181818181825	0.24242424242424254	0.07272727272727264	0.26666666666666661
638	7	-0.20606060606060606	-0.33939393939393936	-0.26666666666666672	-0.32727272727272716	-0.036363636363636487	0	-0.21818181818181825	-0.32727272727272727	-0.36363636363636365	-0.10909090909090902	0.20606060606060606	0.33939393939393936	0.26666666666666672	0.32727272727272716	0.036363636363636487	0	0.21818181818181825	0.32727272727272727	0.36363636363636365	0.10909090909090902	0.36363636363636365
639	8	-0.23030303030303023	-0.43636363636363629	-0.10909090909090902	-0.16969696969696968	-0.096969696969696817	0.048484848484848464	-0.15757575757575759	-0.35151515151515156	-0.37575757575757585	-0.10909090909090902	0.23030303030303023	0.43636363636363629	0.10909090909090902	0.16969696969696968	0.096969696969696817	0.048484848484848464	0.15757575757575759	0.35151515151515156	0.37575757575757585	0.10909090909090902	0.43636363636363629
640	2	0.21818181818181825	0.35151515151515145	0.20606060606060594	0.23030303030303023	0.084848484848485062	-0.12121212121212122	0.10909090909090902	0.21818181818181814	0.27878787878787881	0.060606060606060552	0.21818181818181825	0.35151515151515145	0.20606060606060594	0.23030303030303023	0.084848484848485062	0.12121212121212122	0.10909090909090902	0.21818181818181814	0.27878787878787881	0.060606060606060552	0.35151515151515145
641	3	0.18181818181818177	0.27878787878787881	0.35151515151515156	0.3515151515151515	0.036363636363636376	-0.084848484848484951	0.16969696969696957	0.19393939393939397	0.26666666666666672	0.060606060606060552	0.18181818181818177	0.27878787878787881	0.35151515151515156	0.3515151515151515	0.036363636363636376	0.084848484848484951	0.16969696969696957	0.19393939393939397	0.26666666666666672	0.060606060606060552	0.35151515151515156
642	3	0.14545454545454561	0.048484848484848464	0.32727272727272727	0.23030303030303023	-0.024242424242424065	0.024242424242424399	0.13333333333333319	0.10909090909090913	0.1454545454545455	0.036363636363636376	0.14545454545454561	0.048484848484848464	0.32727272727272727	0.23030303030303023	0.024242424242424065	0.024242424242424399	0.13333333333333319	0.10909090909090913	0.1454545454545455	0.036363636363636376	0.32727272727272727
643	4	0.10909090909090913	0	0.43636363636363629	0.32727272727272716	-0.060606060606060552	0.072727272727272863	0.19393939393939408	0.096969696969696928	0.14545454545454539	0.036363636363636376	0.10909090909090913	0	0.43636363636363629	0.32727272727272716	0.060606060606060552	0.072727272727272863	0.19393939393939408	0.096969696969696928	0.14545454545454539	0.036363636363636376	0.43636363636363629
644	3	0.15757575757575759	0.21818181818181814	0.26666666666666672	0.25454545454545452	-0.024242424242424288	-0.1575757575757577	0.07272727272727264	0.18181818181818177	0.26666666666666672	0.060606060606060552	0.15757575757575759	0.21818181818181814	0.26666666666666672	0.25454545454545452	0.024242424242424288	0.1575757575757577	0.07272727272727264	0.18181818181818177	0.26666666666666672	0.060606060606060552	0.26666666666666672
645	4	0.12121212121212133	0.14545454545454539	0.40000000000000002	0.36363636363636354	-0.060606060606060552	-0.1333333333333333	0.12121212121212122	0.15757575757575759	0.25454545454545452	0.060606060606060552	0.12121212121212133	0.14545454545454539	0.40000000000000002	0.36363636363636354	0.060606060606060552	0.1333333333333333	0.12121212121212122	0.15757575757575759	0.25454545454545452	0.060606060606060552	0.40000000000000002
646	4	0.072727272727272751	-0.060606060606060663	0.35151515151515134	0.24242424242424254	-0.1212121212121211	0.012121212121212088	0.1212121212121211	0.096969696969696928	0.14545454545454561	0.036363636363636376	0.072727272727272751	0.060606060606060663	0.35151515151515134	0.24242424242424254	0.1212121212121211	0.012121212121212088	0.1212121212121211	0.096969696969696928	0.14545454545454561	0.036363636363636376	0.35151515151515134
647	5	0.036363636363636376	-0.1333333333333333	0.47272727272727277	0.35151515151515134	-0.14545454545454539	0.048484848484848464	0.16969696969696957	0.08484848484848484	0.14545454545454539	0.036363636363636376	0.036363636363636376	0.1333333333333333	0.47272727272727277	0.35151515151515134	0.14545454545454539	0.048484848484848464	0.16969696969696957	0.08484848484848484	0.14545454545454539	0.036363636363636376	0.47272727272727277
648	3	0.30303030303030309	0.18181818181818177	0.14545454545454539	0.16969696969696968	0.096969696969696928	-0.060606060606060774	0.1212121212121211	-0.084848484848485062	0.096969696969696928	0.012121212121211977	0.30303030303030309	0.18181818181818177	0.14545454545454539	0.16969696969696968	0.096969696969696928	0.060606060606060774	0.1212121212121211	0.084848484848485062	0.096969696969696928	0.012121212121211977	0.30303030303030309
649	4	0.26666666666666672	0.10909090909090902	0.25454545454545463	0.25454545454545441	0.084848484848484618	-0.036363636363636376	0.16969696969696968	-0.072727272727272751	0.13333333333333341	0.012121212121211977	0.26666666666666672	0.10909090909090902	0.25454545454545463	0.25454545454545441	0.084848484848484618	0.036363636363636376	0.16969696969696968	0.072727272727272751	0.13333333333333341	0.012121212121211977	0.26666666666666672
650	4	0.19393939393939397	-0.08484848484848484	0.24242424242424243	0.15757575757575748	0.012121212121212088	0.096969696969696928	0.18181818181818177	-0.1575757575757577	-0.012121212121212088	-0.012121212121212088	0.19393939393939397	0.08484848484848484	0.24242424242424243	0.15757575757575748	0.012121212121212088	0.096969696969696928	0.18181818181818177	0.1575757575757577	0.012121212121212088	0.012121212121212088	0.24242424242424243
651	5	0.15757575757575748	-0.15757575757575759	0.33939393939393936	0.24242424242424254	-0.012121212121212088	0.13333333333333341	0.23030303030303034	-0.13333333333333341	0.036363636363636376	-0.012121212121212088	0.15757575757575748	0.15757575757575759	0.33939393939393936	0.24242424242424254	0.012121212121212088	0.13333333333333341	0.23030303030303034	0.13333333333333341	0.036363636363636376	0.012121212121212088	0.33939393939393936
652	4	0.23030303030303034	0.048484848484848575	0.19393939393939397	0.16969696969696968	0.012121212121212088	-0.072727272727272863	0.10909090909090902	-0.10909090909090902	0.096969696969697039	0.012121212121211977	0.23030303030303034	0.048484848484848575	0.19393939393939397	0.16969696969696968	0.012121212121212088	0.072727272727272863	0.10909090909090902	0.10909090909090902	0.096969696969697039	0.012121212121211977	0.23030303030303034
653	5	0.19393939393939386	-0.048484848484848353	0.31515151515151518	0.26666666666666661	-0.012121212121212088	-0.036363636363636376	0.16969696969696968	-0.1212121212121211	0.10909090909090913	0.012121212121211977	0.19393939393939386	0.048484848484848353	0.31515151515151518	0.26666666666666661	0.012121212121212088	0.036363636363636376	0.16969696969696968	0.1212121212121211	0.10909090909090913	0.012121212121211977	0.31515151515151518
654	5	0.15757575757575759	-0.19393939393939386	0.27878787878787881	0.16969696969696968	-0.084848484848484729	0.084848484848484951	0.16969696969696968	-0.15757575757575748	0	-0.012121212121212088	0.15757575757575759	0.19393939393939386	0.27878787878787881	0.16969696969696968	0.084848484848484729	0.084848484848484951	0.16969696969696968	0.15757575757575748	0	0.012121212121212088	0.27878787878787881
655	6	0.12121212121212122	-0.31515151515151513	0.41212121212121222	0.29090909090909101	-0.12121212121212122	0.13333333333333341	0.23030303030303034	-0.15757575757575748	0.024242424242424176	-0.012121212121212088	0.12121212121212122	0.31515151515151513	0.41212121212121222	0.29090909090909101	0.12121212121212122	0.13333333333333341	0.23030303030303034	0.15757575757575748	0.024242424242424176	0.012121212121212088	0.41212121212121222
656	3	0.072727272727272751	0.25454545454545441	0.1212121212121211	0.19393939393939397	0	-0.13333333333333341	0	0.096969696969696928	0.10909090909090902	0	0.072727272727272751	0.25454545454545441	0.1212121212121211	0.19393939393939397	0	0.13333333333333341	0	0.096969696969696928	0.10909090909090902	0	0.25454545454545441
657	4	0.036363636363636487	0.18181818181818177	0.2666666666666665	0.31515151515151507	-0.036363636363636487	-0.096969696969696817	0.060606060606060552	0.08484848484848484	0.10909090909090902	0	0.036363636363636487	0.18181818181818177	0.2666666666666665	0.31515151515151507	0.036363636363636487	0.096969696969696817	0.060606060606060552	0.08484848484848484	0.10909090909090902	0	0.31515151515151507
658	4	-0.012121212121212088	0	0.23030303030303023	0.18181818181818177	-0.096969696969697039	0.024242424242424176	0.060606060606060663	0.012121212121212088	0.01212121212121231	0	0.012121212121212088	0	0.23030303030303023	0.18181818181818177	0.096969696969697039	0.024242424242424176	0.060606060606060663	0.012121212121212088	0.01212121212121231	0	0.23030303030303023
659	5	-0.048484848484848464	-0.048484848484848242	0.33939393939393947	0.2787878787878787	-0.12121212121212133	0.07272727272727264	0.1212121212121211	0.012121212121212199	0.024242424242424288	0	0.048484848484848464	0.048484848484848242	0.33939393939393947	0.2787878787878787	0.12121212121212133	0.07272727272727264	0.1212121212121211	0.012121212121212199	0.024242424242424288	0	0.33939393939393947
660	4	0	0.10909090909090902	0.16969696969696968	0.20606060606060594	-0.10909090909090913	-0.15757575757575748	-0.024242424242424288	0.072727272727272751	0.10909090909090913	0	0	0.10909090909090902	0.16969696969696968	0.20606060606060594	0.10909090909090913	0.15757575757575748	0.024242424242424288	0.072727272727272751	0.10909090909090913	0	0.20606060606060594
661	5	-0.036363636363636376	0.036363636363636376	0.30303030303030309	0.31515151515151529	-0.1333333333333333	-0.1333333333333333	0.024242424242424288	0.060606060606060552	0.10909090909090902	0	0.036363636363636376	0.036363636363636376	0.30303030303030309	0.31515151515151529	0.1333333333333333	0.1333333333333333	0.024242424242424288	0.060606060606060552	0.10909090909090902	0	0.31515151515151529
662	5	-0.096969696969696928	-0.12121212121212133	0.24242424242424254	0.18181818181818188	-0.19393939393939397	0.024242424242424399	0.060606060606060552	0.012121212121212088	0.024242424242424176	0	0.096969696969696928	0.12121212121212133	0.24242424242424254	0.18181818181818188	0.19393939393939397	0.024242424242424399	0.060606060606060552	0.012121212121212088	0.024242424242424176	0	0.24242424242424254
663	6	-0.1333333333333333	-0.19393939393939397	0.36363636363636365	0.29090909090909101	-0.20606060606060617	0.060606060606060552	0.10909090909090902	0.012121212121212088	0.036363636363636376	0	0.1333333333333333	0.19393939393939397	0.36363636363636365	0.29090909090909101	0.20606060606060617	0.060606060606060552	0.10909090909090902	0.012121212121212088	0.036363636363636376	0	0.36363636363636365
664	4	0.18181818181818166	0.08484848484848484	0.08484848484848484	0.15757575757575759	0.012121212121212088	-0.07272727272727264	0.024242424242424399	-0.1696969696969699	-0.048484848484848242	-0.048484848484848575	0.18181818181818166	0.08484848484848484	0.08484848484848484	0.15757575757575759	0.012121212121212088	0.07272727272727264	0.024242424242424399	0.1696969696969699	0.048484848484848242	0.048484848484848575	0.18181818181818166
665	5	0.14545454545454539	0.012121212121212088	0.19393939393939386	0.24242424242424232	-0.012121212121212088	-0.048484848484848686	0.072727272727272863	-0.16969696969696968	-0.024242424242424399	-0.048484848484848575	0.14545454545454539	0.012121212121212088	0.19393939393939386	0.24242424242424232	0.012121212121212088	0.048484848484848686	0.072727272727272863	0.16969696969696968	0.024242424242424399	0.048484848484848575	0.24242424242424232
666	5	0.060606060606060552	-0.15757575757575748	0.16969696969696957	0.1333333333333333	-0.08484848484848484	0.096969696969697039	0.12121212121212133	-0.24242424242424243	-0.14545454545454539	-0.048484848484848464	0.060606060606060552	0.15757575757575748	0.16969696969696957	0.1333333333333333	0.08484848484848484	0.096969696969697039	0.12121212121212133	0.24242424242424243	0.14545454545454539	0.048484848484848464	0.24242424242424243
667	6	0.024242424242424176	-0.23030303030303023	0.26666666666666672	0.21818181818181814	-0.1212121212121211	0.13333333333333319	0.16969696969696968	-0.23030303030303023	-0.10909090909090913	-0.048484848484848464	0.024242424242424176	0.23030303030303023	0.26666666666666672	0.21818181818181814	0.1212121212121211	0.13333333333333319	0.16969696969696968	0.23030303030303023	0.10909090909090913	0.048484848484848464	0.26666666666666672
668	5	0.096969696969697039	-0.036363636363636376	0.1212121212121211	0.14545454545454539	-0.072727272727272863	-0.07272727272727264	0.024242424242424399	-0.18181818181818188	-0.036363636363636487	-0.048484848484848575	0.096969696969697039	0.036363636363636376	0.1212121212121211	0.14545454545454539	0.072727272727272863	0.07272727272727264	0.024242424242424399	0.18181818181818188	0.036363636363636487	0.048484848484848575	0.18181818181818188
669	6	0.060606060606060663	-0.1333333333333333	0.24242424242424232	0.24242424242424243	-0.10909090909090913	-0.036363636363636376	0.084848484848484951	-0.20606060606060606	-0.036363636363636376	-0.048484848484848575	0.060606060606060663	0.1333333333333333	0.24242424242424232	0.24242424242424243	0.10909090909090913	0.036363636363636376	0.084848484848484951	0.20606060606060606	0.036363636363636376	0.048484848484848575	0.24242424242424243
670	6	0.012121212121212088	-0.25454545454545452	0.19393939393939386	0.1333333333333333	-0.18181818181818177	0.096969696969697039	0.12121212121212133	-0.23030303030303034	-0.12121212121212122	-0.048484848484848464	0.012121212121212088	0.25454545454545452	0.19393939393939386	0.1333333333333333	0.18181818181818177	0.096969696969697039	0.12121212121212133	0.23030303030303034	0.12121212121212122	0.048484848484848464	0.25454545454545452
671	7	-0.024242424242424288	-0.37575757575757573	0.32727272727272727	0.25454545454545446	-0.23030303030303023	0.14545454545454539	0.18181818181818177	-0.24242424242424238	-0.10909090909090913	-0.048484848484848464	0.024242424242424288	0.37575757575757573	0.32727272727272727	0.25454545454545446	0.23030303030303023	0.14545454545454539	0.18181818181818177	0.24242424242424238	0.10909090909090913	0.048484848484848464	0.37575757575757573
672	3	0.096969696969696928	0.23030303030303023	0.10909090909090913	0.08484848484848484	0.072727272727272751	-0.21818181818181814	-0.07272727272727264	0.036363636363636376	0.07272727272727264	-0.012121212121212088	0.096969696969696928	0.23030303030303023	0.10909090909090913	0.08484848484848484	0.072727272727272751	0.21818181818181814	0.07272727272727264	0.036363636363636376	0.07272727272727264	0.012121212121212088	0.23030303030303023
673	4	0.060606060606060552	0.15757575757575759	0.25454545454545463	0.20606060606060617	0.024242424242424288	-0.18181818181818177	-0.012121212121212088	0.024242424242424176	0.07272727272727264	-0.012121212121212088	0.060606060606060552	0.15757575757575759	0.25454545454545463	0.20606060606060617	0.024242424242424288	0.18181818181818177	0.012121212121212088	0.024242424242424176	0.07272727272727264	0.012121212121212088	0.25454545454545463
674	4	0.012121212121212088	-0.048484848484848464	0.21818181818181814	0.1212121212121211	-0.048484848484848464	-0.072727272727272863	-0.01212121212121231	-0.060606060606060774	-0.048484848484848464	-0.012121212121212199	0.012121212121212088	0.048484848484848464	0.21818181818181814	0.1212121212121211	0.048484848484848464	0.072727272727272863	0.01212121212121231	0.060606060606060774	0.048484848484848464	0.012121212121212199	0.21818181818181814
675	5	-0.024242424242424288	-0.096969696969696817	0.32727272727272727	0.21818181818181814	-0.084848484848484618	-0.024242424242424399	0.048484848484848575	-0.060606060606060552	-0.036363636363636154	-0.012121212121212199	0.024242424242424288	0.096969696969696817	0.32727272727272727	0.21818181818181814	0.084848484848484618	0.024242424242424399	0.048484848484848575	0.060606060606060552	0.036363636363636154	0.012121212121212199	0.32727272727272727
676	4	0.024242424242424288	0.08484848484848484	0.15757575757575759	0.10909090909090913	-0.036363636363636376	-0.25454545454545452	-0.10909090909090902	0	0.060606060606060552	-0.012121212121212088	0.024242424242424288	0.08484848484848484	0.15757575757575759	0.10909090909090913	0.036363636363636376	0.25454545454545452	0.10909090909090902	0	0.060606060606060552	0.012121212121212088	0.25454545454545452
677	5	-0.012121212121212199	0.012121212121212088	0.29090909090909101	0.21818181818181814	-0.072727272727272751	-0.23030303030303034	-0.060606060606060552	-0.012121212121212199	0.060606060606060552	-0.012121212121212088	0.012121212121212199	0.012121212121212088	0.29090909090909101	0.21818181818181814	0.072727272727272751	0.23030303030303034	0.060606060606060552	0.012121212121212199	0.060606060606060552	0.012121212121212088	0.29090909090909101
678	5	-0.072727272727272751	-0.16969696969696957	0.23030303030303023	0.10909090909090913	-0.14545454545454539	-0.084848484848484618	-0.024242424242424176	-0.072727272727272751	-0.048484848484848464	-0.012121212121212199	0.072727272727272751	0.16969696969696957	0.23030303030303023	0.10909090909090913	0.14545454545454539	0.084848484848484618	0.024242424242424176	0.072727272727272751	0.048484848484848464	0.012121212121212199	0.23030303030303023
679	6	-0.10909090909090913	-0.24242424242424232	0.35151515151515134	0.21818181818181814	-0.16969696969696968	-0.048484848484848464	0.024242424242424288	-0.072727272727272751	-0.036363636363636487	-0.012121212121212199	0.10909090909090913	0.24242424242424232	0.35151515151515134	0.21818181818181814	0.16969696969696968	0.048484848484848464	0.024242424242424288	0.072727272727272751	0.036363636363636487	0.012121212121212199	0.35151515151515134
680	4	0.18181818181818166	0.060606060606060552	0.072727272727272863	0.060606060606060663	0.084848484848484951	-0.15757575757575759	-0.024242424242424399	-0.24242424242424254	-0.084848484848484951	-0.060606060606060663	0.18181818181818166	0.060606060606060552	0.072727272727272863	0.060606060606060663	0.084848484848484951	0.15757575757575759	0.024242424242424399	0.24242424242424254	0.084848484848484951	0.060606060606060663	0.24242424242424254
681	5	0.14545454545454539	-0.012121212121212088	0.18181818181818188	0.14545454545454561	0.07272727272727264	-0.1333333333333333	0.024242424242424399	-0.24242424242424243	-0.060606060606060552	-0.060606060606060663	0.14545454545454539	0.012121212121212088	0.18181818181818188	0.14545454545454561	0.07272727272727264	0.1333333333333333	0.024242424242424399	0.24242424242424243	0.060606060606060552	0.060606060606060663	0.24242424242424243
682	5	0.060606060606060552	-0.18181818181818177	0.1575757575757577	0.060606060606060663	-0.012121212121212088	0	0.048484848484848575	-0.32727272727272738	-0.20606060606060594	-0.060606060606060552	0.060606060606060552	0.18181818181818177	0.1575757575757577	0.060606060606060663	0.012121212121212088	0	0.048484848484848575	0.32727272727272738	0.20606060606060594	0.060606060606060552	0.32727272727272738
683	6	0.024242424242424176	-0.25454545454545441	0.25454545454545452	0.14545454545454539	-0.036363636363636265	0.036363636363636265	0.096969696969696928	-0.31515151515151529	-0.16969696969696968	-0.060606060606060552	0.024242424242424176	0.25454545454545441	0.25454545454545452	0.14545454545454539	0.036363636363636265	0.036363636363636265	0.096969696969696928	0.31515151515151529	0.16969696969696968	0.060606060606060552	0.31515151515151529
684	5	0.096969696969697039	-0.08484848484848484	0.10909090909090913	0.060606060606060552	0	-0.16969696969696968	-0.036363636363636376	-0.26666666666666661	-0.084848484848484729	-0.060606060606060663	0.096969696969697039	0.08484848484848484	0.10909090909090913	0.060606060606060552	0	0.16969696969696968	0.036363636363636376	0.26666666666666661	0.084848484848484729	0.060606060606060663	0.26666666666666661
685	6	0.060606060606060663	-0.18181818181818177	0.23030303030303034	0.15757575757575759	-0.024242424242424176	-0.1333333333333333	0.024242424242424399	-0.29090909090909089	-0.08484848484848484	-0.060606060606060663	0.060606060606060663	0.18181818181818177	0.23030303030303034	0.15757575757575759	0.024242424242424176	0.1333333333333333	0.024242424242424399	0.29090909090909089	0.08484848484848484	0.060606060606060663	0.29090909090909089
686	6	0.012121212121212088	-0.30303030303030309	0.18181818181818188	0.048484848484848464	-0.10909090909090902	-0.012121212121212088	0.036363636363636487	-0.32727272727272727	-0.19393939393939386	-0.060606060606060552	0.012121212121212088	0.30303030303030309	0.18181818181818188	0.048484848484848464	0.10909090909090902	0.012121212121212088	0.036363636363636487	0.32727272727272727	0.19393939393939386	0.060606060606060552	0.32727272727272727
687	7	-0.024242424242424288	-0.42424242424242431	0.31515151515151507	0.16969696969696957	-0.14545454545454539	0.036363636363636265	0.096969696969696928	-0.33939393939393941	-0.18181818181818177	-0.060606060606060552	0.024242424242424288	0.42424242424242431	0.31515151515151507	0.16969696969696957	0.14545454545454539	0.036363636363636265	0.096969696969696928	0.33939393939393941	0.18181818181818177	0.060606060606060552	0.42424242424242431
688	4	-0.036363636363636487	0.1454545454545455	0.048484848484848575	0.060606060606060552	-0.024242424242424399	-0.24242424242424243	-0.14545454545454539	-0.096969696969696928	-0.07272727272727264	-0.048484848484848464	0.036363636363636487	0.1454545454545455	0.048484848484848575	0.060606060606060552	0.024242424242424399	0.24242424242424243	0.14545454545454539	0.096969696969696928	0.07272727272727264	0.048484848484848464	0.24242424242424243
689	5	-0.072727272727272751	0.072727272727272751	0.19393939393939408	0.18181818181818188	-0.060606060606060552	-0.20606060606060617	-0.084848484848484951	-0.096969696969697039	-0.060606060606060552	-0.048484848484848464	0.072727272727272751	0.072727272727272751	0.19393939393939408	0.18181818181818188	0.060606060606060552	0.20606060606060617	0.084848484848484951	0.096969696969697039	0.060606060606060552	0.048484848484848464	0.20606060606060617
690	5	-0.1333333333333333	-0.10909090909090902	0.1454545454545455	0.08484848484848484	-0.13333333333333341	-0.084848484848484618	-0.07272727272727264	-0.16969696969696968	-0.18181818181818166	-0.048484848484848464	0.1333333333333333	0.10909090909090902	0.1454545454545455	0.08484848484848484	0.13333333333333341	0.084848484848484618	0.07272727272727264	0.16969696969696968	0.18181818181818166	0.048484848484848464	0.18181818181818166
691	6	-0.16969696969696968	-0.1575757575757577	0.25454545454545441	0.18181818181818177	-0.15757575757575759	-0.036363636363636154	-0.012121212121212088	-0.15757575757575759	-0.15757575757575748	-0.048484848484848464	0.16969696969696968	0.1575757575757577	0.25454545454545441	0.18181818181818177	0.15757575757575759	0.036363636363636154	0.012121212121212088	0.15757575757575759	0.15757575757575748	0.048484848484848464	0.25454545454545441
692	5	-0.12121212121212133	0.012121212121212199	0.08484848484848484	0.072727272727272751	-0.1333333333333333	-0.26666666666666672	-0.16969696969696979	-0.12121212121212122	-0.072727272727272863	-0.048484848484848464	0.12121212121212133	0.012121212121212199	0.08484848484848484	0.072727272727272751	0.1333333333333333	0.26666666666666672	0.16969696969696979	0.12121212121212122	0.072727272727272863	0.048484848484848464	0.26666666666666672
693	6	-0.1575757575757577	-0.060606060606060552	0.21818181818181814	0.18181818181818188	-0.15757575757575748	-0.24242424242424254	-0.1212121212121211	-0.12121212121212122	-0.060606060606060552	-0.048484848484848464	0.1575757575757577	0.060606060606060552	0.21818181818181814	0.18181818181818188	0.15757575757575748	0.24242424242424254	0.1212121212121211	0.12121212121212122	0.060606060606060552	0.048484848484848464	0.24242424242424254
694	6	-0.23030303030303023	-0.21818181818181814	0.14545454545454539	0.060606060606060663	-0.23030303030303034	-0.084848484848484729	-0.07272727272727264	-0.16969696969696968	-0.16969696969696968	-0.048484848484848464	0.23030303030303023	0.21818181818181814	0.14545454545454539	0.060606060606060663	0.23030303030303034	0.084848484848484729	0.07272727272727264	0.16969696969696968	0.16969696969696968	0.048484848484848464	0.23030303030303034
695	7	-0.26666666666666661	-0.29090909090909078	0.26666666666666661	0.16969696969696957	-0.24242424242424254	-0.048484848484848575	-0.024242424242424176	-0.15757575757575759	-0.1454545454545455	-0.048484848484848464	0.26666666666666661	0.29090909090909078	0.26666666666666661	0.16969696969696957	0.24242424242424254	0.048484848484848575	0.024242424242424176	0.15757575757575759	0.1454545454545455	0.048484848484848464	0.29090909090909078
696	5	0.048484848484848464	-0.024242424242424288	0.012121212121212088	0.036363636363636376	-0.012121212121212088	-0.18181818181818188	-0.10909090909090924	-0.36363636363636365	-0.23030303030303023	-0.096969696969696928	0.048484848484848464	0.024242424242424288	0.012121212121212088	0.036363636363636376	0.012121212121212088	0.18181818181818188	0.10909090909090924	0.36363636363636365	0.23030303030303023	0.096969696969696928	0.36363636363636365
697	6	0.012121212121212088	-0.096969696969696928	0.12121212121212133	0.1212121212121211	-0.036363636363636154	-0.15757575757575759	-0.060606060606060774	-0.37575757575757573	-0.21818181818181814	-0.096969696969696928	0.012121212121212088	0.096969696969696928	0.12121212121212133	0.1212121212121211	0.036363636363636154	0.15757575757575759	0.060606060606060774	0.37575757575757573	0.21818181818181814	0.096969696969696928	0.37575757575757573
698	6	-0.08484848484848484	-0.26666666666666672	0.08484848484848484	0.024242424242424288	-0.12121212121212122	-0.012121212121211977	-0.024242424242424288	-0.44848484848484832	-0.36363636363636354	-0.096969696969697039	0.08484848484848484	0.26666666666666672	0.08484848484848484	0.024242424242424288	0.12121212121212122	0.012121212121211977	0.024242424242424288	0.44848484848484832	0.36363636363636354	0.096969696969697039	0.44848484848484832
699	7	-0.12121212121212122	-0.33939393939393936	0.18181818181818188	0.10909090909090913	-0.15757575757575759	0.024242424242424288	0.024242424242424288	-0.44848484848484849	-0.33939393939393941	-0.096969696969697039	0.12121212121212122	0.33939393939393936	0.18181818181818188	0.10909090909090913	0.15757575757575759	0.024242424242424288	0.024242424242424288	0.44848484848484849	0.33939393939393941	0.096969696969697039	0.44848484848484849
700	6	-0.048484848484848464	-0.13333333333333341	0.036363636363636376	0.024242424242424176	-0.096969696969697039	-0.18181818181818188	-0.10909090909090924	-0.37575757575757573	-0.21818181818181814	-0.096969696969696928	0.048484848484848464	0.13333333333333341	0.036363636363636376	0.024242424242424176	0.096969696969697039	0.18181818181818188	0.10909090909090924	0.37575757575757573	0.21818181818181814	0.096969696969696928	0.37575757575757573
701	7	-0.08484848484848484	-0.23030303030303023	0.15757575757575748	0.12121212121212122	-0.13333333333333341	-0.1454545454545455	-0.048484848484848686	-0.41212121212121211	-0.23030303030303023	-0.096969696969696928	0.08484848484848484	0.23030303030303023	0.15757575757575748	0.12121212121212122	0.13333333333333341	0.1454545454545455	0.048484848484848686	0.41212121212121211	0.23030303030303023	0.096969696969696928	0.41212121212121211
702	7	-0.1454545454545455	-0.3515151515151515	0.096969696969697039	0	-0.21818181818181814	-0.012121212121211977	-0.024242424242424288	-0.43636363636363623	-0.3393939393939393	-0.096969696969697039	0.1454545454545455	0.3515151515151515	0.096969696969697039	0	0.21818181818181814	0.012121212121211977	0.024242424242424288	0.43636363636363623	0.3393939393939393	0.096969696969697039	0.43636363636363623
703	8	-0.18181818181818188	-0.47272727272727272	0.23030303030303029	0.12121212121212127	-0.26666666666666661	0.036363636363636376	0.036363636363636376	-0.46060606060606057	-0.33939393939393936	-0.096969696969697039	0.18181818181818188	0.47272727272727272	0.23030303030303029	0.12121212121212127	0.26666666666666661	0.036363636363636376	0.036363636363636376	0.46060606060606057	0.33939393939393936	0.096969696969697039	0.47272727272727272
704	3	0.25454545454545452	0.412121212121212	0.25454545454545452	0.16969696969696968	0.19393939393939386	-0.096969696969697039	0.024242424242424399	0.27878787878787881	0.2666666666666665	0	0.25454545454545452	0.412121212121212	0.25454545454545452	0.16969696969696968	0.19393939393939386	0.096969696969697039	0.024242424242424399	0.27878787878787881	0.2666666666666665	0	0.412121212121212
705	4	0.23030303030303023	0.33939393939393936	0.37575757575757573	0.2787878787878787	0.13333333333333319	-0.048484848484848464	0.07272727272727264	0.25454545454545452	0.25454545454545452	0	0.23030303030303023	0.33939393939393936	0.37575757575757573	0.2787878787878787	0.13333333333333319	0.048484848484848464	0.07272727272727264	0.25454545454545452	0.25454545454545452	0	0.37575757575757573
706	4	0.15757575757575759	0.14545454545454539	0.35151515151515156	0.19393939393939397	0.084848484848484729	0.048484848484848686	0.060606060606060774	0.20606060606060606	0.1333333333333333	-0.024242424242424176	0.15757575757575759	0.14545454545454539	0.35151515151515156	0.19393939393939397	0.084848484848484729	0.048484848484848686	0.060606060606060774	0.20606060606060606	0.1333333333333333	0.024242424242424176	0.35151515151515156
707	5	0.13333333333333341	0.096969696969696928	0.46060606060606057	0.30303030303030309	0.036363636363636265	0.10909090909090924	0.13333333333333341	0.19393939393939397	0.13333333333333341	-0.024242424242424176	0.13333333333333341	0.096969696969696928	0.46060606060606057	0.30303030303030309	0.036363636363636265	0.10909090909090924	0.13333333333333341	0.19393939393939397	0.13333333333333341	0.024242424242424176	0.46060606060606057
708	4	0.1696969696969699	0.29090909090909101	0.30303030303030309	0.19393939393939386	0.096969696969696817	-0.1212121212121211	0	0.25454545454545463	0.24242424242424254	0	0.1696969696969699	0.29090909090909101	0.30303030303030309	0.19393939393939386	0.096969696969696817	0.1212121212121211	0	0.25454545454545463	0.24242424242424254	0	0.30303030303030309
709	5	0.14545454545454539	0.21818181818181814	0.41212121212121211	0.29090909090909078	0.048484848484848464	-0.084848484848484951	0.036363636363636154	0.25454545454545452	0.25454545454545452	0	0.14545454545454539	0.21818181818181814	0.41212121212121211	0.29090909090909078	0.048484848484848464	0.084848484848484951	0.036363636363636154	0.25454545454545452	0.25454545454545452	0	0.41212121212121211
710	5	0.060606060606060552	0.048484848484848464	0.38787878787878771	0.18181818181818177	0	0.048484848484848575	0.060606060606060552	0.18181818181818177	0.1212121212121211	-0.024242424242424176	0.060606060606060552	0.048484848484848464	0.38787878787878771	0.18181818181818177	0	0.048484848484848575	0.060606060606060552	0.18181818181818177	0.1212121212121211	0.024242424242424176	0.38787878787878771
711	6	0.036363636363636265	-0.024242424242424176	0.50909090909090904	0.30303030303030309	-0.036363636363636265	0.096969696969697039	0.12121212121212122	0.19393939393939397	0.1454545454545455	-0.024242424242424176	0.036363636363636265	0.024242424242424176	0.50909090909090904	0.30303030303030309	0.036363636363636265	0.096969696969697039	0.12121212121212122	0.19393939393939397	0.1454545454545455	0.024242424242424176	0.50909090909090904
712	4	0.32727272727272716	0.25454545454545463	0.20606060606060606	0.14545454545454561	0.18181818181818177	-0.048484848484848464	0.060606060606060552	-0.012121212121212088	0.060606060606060552	-0.060606060606060663	0.32727272727272716	0.25454545454545463	0.20606060606060606	0.14545454545454561	0.18181818181818177	0.048484848484848464	0.060606060606060552	0.012121212121212088	0.060606060606060552	0.060606060606060663	0.32727272727272716
713	5	0.30303030303030287	0.18181818181818188	0.31515151515151518	0.24242424242424232	0.15757575757575759	-0.012121212121211977	0.096969696969697039	0	0.096969696969697039	-0.060606060606060663	0.30303030303030287	0.18181818181818188	0.31515151515151518	0.24242424242424232	0.15757575757575759	0.012121212121211977	0.096969696969697039	0	0.096969696969697039	0.060606060606060663	0.31515151515151518
714	5	0.19393939393939397	0.024242424242424176	0.30303030303030309	0.13333333333333341	0.12121212121212122	0.13333333333333341	0.13333333333333319	-0.072727272727272863	-0.048484848484848464	-0.08484848484848484	0.19393939393939397	0.024242424242424176	0.30303030303030309	0.13333333333333341	0.12121212121212122	0.13333333333333341	0.13333333333333319	0.072727272727272863	0.048484848484848464	0.08484848484848484	0.30303030303030309
715	6	0.1696969696969699	-0.048484848484848464	0.42424242424242431	0.25454545454545463	0.08484848484848484	0.18181818181818188	0.19393939393939408	-0.048484848484848464	0	-0.08484848484848484	0.1696969696969699	0.048484848484848464	0.42424242424242431	0.25454545454545463	0.08484848484848484	0.18181818181818188	0.19393939393939408	0.048484848484848464	0	0.08484848484848484	0.42424242424242431
716	5	0.23030303030303023	0.1575757575757577	0.24242424242424232	0.14545454545454539	0.10909090909090924	-0.072727272727272863	0.036363636363636376	0	0.072727272727272863	-0.060606060606060663	0.23030303030303023	0.1575757575757577	0.24242424242424232	0.14545454545454539	0.10909090909090924	0.072727272727272863	0.036363636363636376	0	0.072727272727272863	0.060606060606060663	0.24242424242424232
717	6	0.20606060606060617	0.060606060606060663	0.36363636363636365	0.25454545454545463	0.072727272727272863	-0.024242424242424288	0.084848484848484951	0.01212121212121231	0.10909090909090902	-0.060606060606060663	0.20606060606060617	0.060606060606060663	0.36363636363636365	0.25454545454545463	0.072727272727272863	0.024242424242424288	0.084848484848484951	0.01212121212121231	0.10909090909090902	0.060606060606060663	0.36363636363636365
718	6	0.1333333333333333	-0.048484848484848575	0.35151515151515156	0.1212121212121211	0.036363636363636154	0.10909090909090913	0.10909090909090902	-0.060606060606060774	-0.024242424242424288	-0.08484848484848484	0.1333333333333333	0.048484848484848575	0.35151515151515156	0.1212121212121211	0.036363636363636154	0.10909090909090913	0.10909090909090902	0.060606060606060774	0.024242424242424288	0.08484848484848484	0.35151515151515156
719	7	0.10909090909090913	-0.16969696969696968	0.50909090909090904	0.2787878787878787	-0.012121212121212088	0.16969696969696979	0.18181818181818199	-0.036363636363636265	0.024242424242424288	-0.08484848484848484	0.10909090909090913	0.16969696969696968	0.50909090909090904	0.2787878787878787	0.012121212121212088	0.16969696969696979	0.18181818181818199	0.036363636363636265	0.024242424242424288	0.08484848484848484	0.50909090909090904
720	4	0.12121212121212122	0.33939393939393936	0.19393939393939397	0.15757575757575748	0.096969696969697039	-0.1212121212121211	-0.048484848484848575	0.16969696969696968	0.10909090909090902	-0.048484848484848464	0.12121212121212122	0.33939393939393936	0.19393939393939397	0.15757575757575748	0.096969696969697039	0.1212121212121211	0.048484848484848575	0.16969696969696968	0.10909090909090902	0.048484848484848464	0.33939393939393936
721	5	0.096969696969696928	0.26666666666666672	0.31515151515151496	0.26666666666666661	0.048484848484848575	-0.072727272727272863	0	0.1575757575757577	0.10909090909090913	-0.048484848484848464	0.096969696969696928	0.26666666666666672	0.31515151515151496	0.26666666666666661	0.048484848484848575	0.072727272727272863	0	0.1575757575757577	0.10909090909090913	0.048484848484848464	0.31515151515151496
722	5	0.012121212121212199	0.096969696969696928	0.2787878787878787	0.16969696969696968	-0.024242424242424288	0.036363636363636487	0	0.096969696969696928	-0.012121212121212088	-0.072727272727272863	0.012121212121212199	0.096969696969696928	0.2787878787878787	0.16969696969696968	0.024242424242424288	0.036363636363636487	0	0.096969696969696928	0.012121212121212088	0.072727272727272863	0.2787878787878787
723	6	-0.012121212121212199	0.048484848484848464	0.38787878787878793	0.2787878787878787	-0.060606060606060552	0.096969696969697039	0.072727272727272863	0.096969696969696928	0	-0.072727272727272863	0.012121212121212199	0.048484848484848464	0.38787878787878793	0.2787878787878787	0.060606060606060552	0.096969696969697039	0.072727272727272863	0.096969696969696928	0	0.072727272727272863	0.38787878787878793
724	5	0.024242424242424288	0.20606060606060594	0.23030303030303045	0.16969696969696968	0	-0.13333333333333341	-0.060606060606060552	0.15757575757575748	0.096969696969696928	-0.048484848484848464	0.024242424242424288	0.20606060606060594	0.23030303030303045	0.16969696969696968	0	0.13333333333333341	0.060606060606060552	0.15757575757575748	0.096969696969696928	0.048484848484848464	0.23030303030303045
725	6	0	0.1333333333333333	0.33939393939393947	0.26666666666666661	-0.036363636363636265	-0.096969696969697039	-0.024242424242424065	0.16969696969696968	0.1212121212121211	-0.048484848484848464	0	0.1333333333333333	0.33939393939393947	0.26666666666666661	0.036363636363636265	0.096969696969697039	0.024242424242424065	0.16969696969696968	0.1212121212121211	0.048484848484848464	0.33939393939393947
726	6	-0.096969696969697039	-0.012121212121212088	0.30303030303030309	0.14545454545454539	-0.10909090909090913	0.048484848484848464	0.012121212121212088	0.08484848484848484	-0.012121212121212088	-0.072727272727272863	0.096969696969697039	0.012121212121212088	0.30303030303030309	0.14545454545454539	0.10909090909090913	0.048484848484848464	0.012121212121212088	0.08484848484848484	0.012121212121212088	0.072727272727272863	0.30303030303030309
727	7	-0.12121212121212122	-0.08484848484848484	0.42424242424242414	0.26666666666666661	-0.13333333333333341	0.096969696969696928	0.07272727272727264	0.10909090909090913	0.024242424242424288	-0.072727272727272863	0.12121212121212122	0.08484848484848484	0.42424242424242414	0.26666666666666661	0.13333333333333341	0.096969696969696928	0.07272727272727264	0.10909090909090913	0.024242424242424288	0.072727272727272863	0.42424242424242414
728	5	0.19393939393939397	0.18181818181818177	0.1454545454545455	0.13333333333333319	0.10909090909090924	-0.07272727272727264	-0.024242424242424176	-0.08484848484848484	-0.072727272727272751	-0.10909090909090902	0.19393939393939397	0.18181818181818177	0.1454545454545455	0.13333333333333319	0.10909090909090924	0.07272727272727264	0.024242424242424176	0.08484848484848484	0.072727272727272751	0.10909090909090902	0.19393939393939397
729	6	0.16969696969696968	0.10909090909090902	0.25454545454545463	0.23030303030303023	0.072727272727272863	-0.036363636363636487	0.01212121212121231	-0.084848484848485062	-0.048484848484848464	-0.10909090909090902	0.16969696969696968	0.10909090909090902	0.25454545454545463	0.23030303030303023	0.072727272727272863	0.036363636363636487	0.01212121212121231	0.084848484848485062	0.048484848484848464	0.10909090909090902	0.25454545454545463
730	6	0.048484848484848464	-0.048484848484848575	0.23030303030303023	0.10909090909090902	0.012121212121212088	0.12121212121212122	0.060606060606060552	-0.16969696969696968	-0.19393939393939408	-0.13333333333333341	0.048484848484848464	0.048484848484848575	0.23030303030303023	0.10909090909090902	0.012121212121212088	0.12121212121212122	0.060606060606060552	0.16969696969696968	0.19393939393939408	0.13333333333333341	0.23030303030303023
731	7	0.024242424242424176	-0.12121212121212122	0.35151515151515145	0.23030303030303023	-0.036363636363636265	0.16969696969696957	0.12121212121212122	-0.15757575757575759	-0.15757575757575759	-0.13333333333333341	0.024242424242424176	0.12121212121212122	0.35151515151515145	0.23030303030303023	0.036363636363636265	0.16969696969696957	0.12121212121212122	0.15757575757575759	0.15757575757575759	0.13333333333333341	0.35151515151515145
732	6	0.08484848484848484	0.096969696969697039	0.16969696969696968	0.12121212121212122	0.036363636363636376	-0.084848484848484618	-0.036363636363636487	-0.060606060606060774	-0.048484848484848464	-0.10909090909090902	0.08484848484848484	0.096969696969697039	0.16969696969696968	0.12121212121212122	0.036363636363636376	0.084848484848484618	0.036363636363636487	0.060606060606060774	0.048484848484848464	0.10909090909090902	0.16969696969696968
733	7	0.060606060606060663	0	0.29090909090909078	0.23030303030303023	-0.012121212121212088	-0.036363636363636487	0.01212121212121231	-0.060606060606060663	-0.024242424242424288	-0.10909090909090902	0.060606060606060663	0	0.29090909090909078	0.23030303030303023	0.012121212121212088	0.036363636363636487	0.01212121212121231	0.060606060606060663	0.024242424242424288	0.10909090909090902	0.29090909090909078
734	7	-0.024242424242424288	-0.10909090909090913	0.26666666666666661	0.08484848484848484	-0.072727272727272751	0.10909090909090913	0.048484848484848464	-0.14545454545454539	-0.15757575757575759	-0.13333333333333341	0.024242424242424288	0.10909090909090913	0.26666666666666661	0.08484848484848484	0.072727272727272751	0.10909090909090913	0.048484848484848464	0.14545454545454539	0.15757575757575759	0.13333333333333341	0.26666666666666661
735	8	-0.048484848484848464	-0.23030303030303034	0.4242424242424242	0.24242424242424232	-0.1333333333333333	0.16969696969696957	0.12121212121212122	-0.13333333333333319	-0.12121212121212122	-0.13333333333333341	0.048484848484848464	0.23030303030303034	0.4242424242424242	0.24242424242424232	0.1333333333333333	0.16969696969696957	0.12121212121212122	0.13333333333333319	0.12121212121212122	0.13333333333333341	0.4242424242424242
736	4	0.13333333333333341	0.32727272727272727	0.18181818181818177	0.048484848484848353	0.16969696969696979	-0.19393939393939397	-0.12121212121212133	0.10909090909090902	0.060606060606060552	-0.060606060606060552	0.13333333333333341	0.32727272727272727	0.18181818181818177	0.048484848484848353	0.16969696969696979	0.19393939393939397	0.12121212121212133	0.10909090909090902	0.060606060606060552	0.060606060606060552	0.32727272727272727
737	5	0.10909090909090913	0.25454545454545463	0.30303030303030309	0.15757575757575759	0.10909090909090913	-0.14545454545454528	-0.07272727272727264	0.096969696969697039	0.060606060606060552	-0.060606060606060552	0.10909090909090913	0.25454545454545463	0.30303030303030309	0.15757575757575759	0.10909090909090913	0.14545454545454528	0.07272727272727264	0.096969696969697039	0.060606060606060552	0.060606060606060552	0.30303030303030309
738	5	0.024242424242424288	0.060606060606060552	0.26666666666666661	0.08484848484848484	0.048484848484848464	-0.048484848484848464	-0.072727272727272863	0.024242424242424176	-0.060606060606060774	-0.08484848484848484	0.024242424242424288	0.060606060606060552	0.26666666666666661	0.08484848484848484	0.048484848484848464	0.048484848484848464	0.072727272727272863	0.024242424242424176	0.060606060606060774	0.08484848484848484	0.26666666666666661
739	6	0	0.012121212121212088	0.37575757575757573	0.19393939393939386	0	0.012121212121212088	0	0.024242424242424288	-0.048484848484848464	-0.08484848484848484	0	0.012121212121212088	0.37575757575757573	0.19393939393939386	0	0.012121212121212088	0	0.024242424242424288	0.048484848484848464	0.08484848484848484	0.37575757575757573
740	5	0.036363636363636376	0.19393939393939397	0.21818181818181825	0.07272727272727264	0.07272727272727264	-0.21818181818181825	-0.14545454545454528	0.084848484848485062	0.036363636363636487	-0.060606060606060552	0.036363636363636376	0.19393939393939397	0.21818181818181825	0.07272727272727264	0.07272727272727264	0.21818181818181825	0.14545454545454528	0.084848484848485062	0.036363636363636487	0.060606060606060552	0.21818181818181825
741	6	0.012121212121212088	0.12121212121212122	0.32727272727272727	0.16969696969696968	0.024242424242424288	-0.18181818181818177	-0.10909090909090913	0.096969696969697039	0.060606060606060552	-0.060606060606060552	0.012121212121212088	0.12121212121212122	0.32727272727272727	0.16969696969696968	0.024242424242424288	0.18181818181818177	0.10909090909090913	0.096969696969697039	0.060606060606060552	0.060606060606060552	0.32727272727272727
742	6	-0.08484848484848484	-0.048484848484848575	0.29090909090909101	0.048484848484848575	-0.036363636363636376	-0.048484848484848575	-0.072727272727272863	0	-0.07272727272727264	-0.08484848484848484	0.08484848484848484	0.048484848484848575	0.29090909090909101	0.048484848484848575	0.036363636363636376	0.048484848484848575	0.072727272727272863	0	0.07272727272727264	0.08484848484848484	0.29090909090909101
743	7	-0.10909090909090913	-0.12121212121212122	0.412121212121212	0.16969696969696957	-0.07272727272727264	0	-0.012121212121212088	0.024242424242424288	-0.036363636363636376	-0.08484848484848484	0.10909090909090913	0.12121212121212122	0.412121212121212	0.16969696969696957	0.07272727272727264	0	0.012121212121212088	0.024242424242424288	0.036363636363636376	0.08484848484848484	0.412121212121212
744	5	0.20606060606060606	0.16969696969696957	0.1333333333333333	0.036363636363636376	0.15757575757575759	-0.16969696969696979	-0.072727272727272863	-0.1575757575757577	-0.12121212121212133	-0.1212121212121211	0.20606060606060606	0.16969696969696957	0.1333333333333333	0.036363636363636376	0.15757575757575759	0.16969696969696979	0.072727272727272863	0.1575757575757577	0.12121212121212133	0.1212121212121211	0.20606060606060606
745	6	0.18181818181818188	0.096969696969696928	0.24242424242424254	0.13333333333333341	0.13333333333333341	-0.13333333333333341	-0.036363636363636376	-0.15757575757575748	-0.096969696969696928	-0.1212121212121211	0.18181818181818188	0.096969696969696928	0.24242424242424254	0.13333333333333341	0.13333333333333341	0.13333333333333341	0.036363636363636376	0.15757575757575748	0.096969696969696928	0.1212121212121211	0.24242424242424254
746	6	0.060606060606060552	-0.060606060606060774	0.21818181818181814	0.012121212121212088	0.08484848484848484	0.012121212121212199	-0.012121212121212088	-0.25454545454545452	-0.24242424242424254	-0.1454545454545455	0.060606060606060552	0.060606060606060774	0.21818181818181814	0.012121212121212088	0.08484848484848484	0.012121212121212199	0.012121212121212088	0.25454545454545452	0.24242424242424254	0.1454545454545455	0.25454545454545452
747	7	0.036363636363636265	-0.1333333333333333	0.33939393939393925	0.1333333333333333	0.048484848484848575	0.060606060606060663	0.048484848484848464	-0.24242424242424232	-0.20606060606060594	-0.1454545454545455	0.036363636363636265	0.1333333333333333	0.33939393939393925	0.1333333333333333	0.048484848484848575	0.060606060606060663	0.048484848484848464	0.24242424242424232	0.20606060606060594	0.1454545454545455	0.33939393939393925
748	6	0.096969696969696928	0.060606060606060552	0.15757575757575748	0.036363636363636265	0.084848484848484951	-0.19393939393939397	-0.096969696969697039	-0.14545454545454561	-0.10909090909090913	-0.1212121212121211	0.096969696969696928	0.060606060606060552	0.15757575757575748	0.036363636363636265	0.084848484848484951	0.19393939393939397	0.096969696969697039	0.14545454545454561	0.10909090909090913	0.1212121212121211	0.19393939393939397
749	7	0.072727272727272751	-0.036363636363636376	0.2787878787878787	0.14545454545454539	0.048484848484848464	-0.1454545454545455	-0.048484848484848464	-0.14545454545454539	-0.08484848484848484	-0.1212121212121211	0.072727272727272751	0.036363636363636376	0.2787878787878787	0.14545454545454539	0.048484848484848464	0.1454545454545455	0.048484848484848464	0.14545454545454539	0.08484848484848484	0.1212121212121211	0.2787878787878787
750	7	-0.012121212121212199	-0.14545454545454561	0.25454545454545463	-0.024242424242424288	0	-0.012121212121212088	-0.036363636363636376	-0.24242424242424243	-0.21818181818181814	-0.1454545454545455	0.012121212121212199	0.14545454545454561	0.25454545454545463	0.024242424242424288	0	0.012121212121212088	0.036363636363636376	0.24242424242424243	0.21818181818181814	0.1454545454545455	0.25454545454545463
751	8	-0.036363636363636376	-0.26666666666666672	0.41212121212121222	0.1333333333333333	-0.048484848484848464	0.048484848484848575	0.036363636363636265	-0.23030303030303023	-0.18181818181818188	-0.1454545454545455	0.036363636363636376	0.26666666666666672	0.41212121212121222	0.1333333333333333	0.048484848484848464	0.048484848484848575	0.036363636363636265	0.23030303030303023	0.18181818181818188	0.1454545454545455	0.41212121212121222
752	5	-0.012121212121212199	0.24242424242424232	0.1212121212121211	0.048484848484848464	0.060606060606060552	-0.23030303030303034	-0.18181818181818177	-0.012121212121212088	-0.096969696969696928	-0.10909090909090902	0.012121212121212199	0.24242424242424232	0.1212121212121211	0.048484848484848464	0.060606060606060552	0.23030303030303034	0.18181818181818177	0.012121212121212088	0.096969696969696928	0.10909090909090902	0.24242424242424232
753	6	-0.036363636363636376	0.16969696969696968	0.24242424242424232	0.15757575757575759	0.012121212121212088	-0.18181818181818177	-0.13333333333333341	-0.012121212121211977	-0.084848484848484729	-0.10909090909090902	0.036363636363636376	0.16969696969696968	0.24242424242424232	0.15757575757575759	0.012121212121212088	0.18181818181818177	0.13333333333333341	0.012121212121211977	0.084848484848484729	0.10909090909090902	0.24242424242424232
754	6	-0.13333333333333341	-0.024242424242424288	0.19393939393939397	0.072727272727272751	-0.072727272727272751	-0.072727272727272863	-0.1454545454545455	-0.096969696969696928	-0.23030303030303045	-0.15757575757575748	0.13333333333333341	0.024242424242424288	0.19393939393939397	0.072727272727272751	0.072727272727272751	0.072727272727272863	0.1454545454545455	0.096969696969696928	0.23030303030303045	0.15757575757575748	0.23030303030303045
755	7	-0.15757575757575759	-0.072727272727272751	0.30303030303030298	0.18181818181818166	-0.10909090909090902	-0.01212121212121231	-0.07272727272727264	-0.08484848484848484	-0.20606060606060606	-0.15757575757575748	0.15757575757575759	0.072727272727272751	0.30303030303030298	0.18181818181818166	0.10909090909090902	0.01212121212121231	0.07272727272727264	0.08484848484848484	0.20606060606060606	0.15757575757575748	0.30303030303030298
756	6	-0.12121212121212122	0.12121212121212133	0.14545454545454539	0.060606060606060663	-0.036363636363636376	-0.24242424242424243	-0.19393939393939397	-0.024242424242424288	-0.10909090909090902	-0.10909090909090902	0.12121212121212122	0.12121212121212133	0.14545454545454539	0.060606060606060663	0.036363636363636376	0.24242424242424243	0.19393939393939397	0.024242424242424288	0.10909090909090902	0.10909090909090902	0.24242424242424243
757	7	-0.14545454545454539	0.048484848484848575	0.25454545454545441	0.15757575757575748	-0.07272727272727264	-0.20606060606060617	-0.1575757575757577	0	-0.072727272727272751	-0.10909090909090902	0.14545454545454539	0.048484848484848575	0.25454545454545441	0.15757575757575748	0.07272727272727264	0.20606060606060617	0.1575757575757577	0	0.072727272727272751	0.10909090909090902	0.25454545454545441
758	7	-0.25454545454545452	-0.12121212121212133	0.20606060606060594	0.024242424242424288	-0.1575757575757577	-0.060606060606060552	-0.13333333333333341	-0.10909090909090902	-0.23030303030303045	-0.15757575757575748	0.25454545454545452	0.12121212121212133	0.20606060606060594	0.024242424242424288	0.1575757575757577	0.060606060606060552	0.13333333333333341	0.10909090909090902	0.23030303030303045	0.15757575757575748	0.25454545454545452
759	8	-0.2787878787878787	-0.19393939393939397	0.32727272727272722	0.14545454545454539	-0.18181818181818188	-0.012121212121212088	-0.072727272727272751	-0.072727272727272751	-0.18181818181818177	-0.15757575757575748	0.2787878787878787	0.19393939393939397	0.32727272727272722	0.14545454545454539	0.18181818181818188	0.012121212121212088	0.072727272727272751	0.072727272727272751	0.18181818181818177	0.15757575757575748	0.32727272727272722
760	6	0.036363636363636376	0.084848484848485062	0.048484848484848464	0.012121212121212088	0.072727272727272863	-0.20606060606060594	-0.16969696969696968	-0.2666666666666665	-0.2787878787878787	-0.16969696969696968	0.036363636363636376	0.084848484848485062	0.048484848484848464	0.012121212121212088	0.072727272727272863	0.20606060606060594	0.16969696969696968	0.2666666666666665	0.2787878787878787	0.16969696969696968	0.2787878787878787
761	7	0.012121212121212199	0.012121212121212199	0.15757575757575759	0.10909090909090902	0.036363636363636376	-0.16969696969696968	-0.13333333333333319	-0.2787878787878787	-0.26666666666666661	-0.16969696969696968	0.012121212121212199	0.012121212121212199	0.15757575757575759	0.10909090909090902	0.036363636363636376	0.16969696969696968	0.13333333333333319	0.2787878787878787	0.26666666666666661	0.16969696969696968	0.2787878787878787
762	7	-0.1212121212121211	-0.1696969696969699	0.1212121212121211	-0.024242424242424176	-0.036363636363636265	-0.012121212121212088	-0.12121212121212122	-0.38787878787878782	-0.43636363636363629	-0.21818181818181814	0.1212121212121211	0.1696969696969699	0.1212121212121211	0.024242424242424176	0.036363636363636265	0.012121212121212088	0.12121212121212122	0.38787878787878782	0.43636363636363629	0.21818181818181814	0.43636363636363629
763	8	-0.1454545454545455	-0.24242424242424243	0.24242424242424238	0.096969696969696983	-0.08484848484848484	0.036363636363636265	-0.060606060606060552	-0.38787878787878782	-0.412121212121212	-0.21818181818181814	0.1454545454545455	0.24242424242424243	0.24242424242424238	0.096969696969696983	0.08484848484848484	0.036363636363636265	0.060606060606060552	0.38787878787878782	0.412121212121212	0.21818181818181814	0.412121212121212
764	7	-0.084848484848484729	0.012121212121212088	0.060606060606060552	0	0	-0.21818181818181825	-0.18181818181818199	-0.24242424242424232	-0.25454545454545452	-0.16969696969696968	0.084848484848484729	0.012121212121212088	0.060606060606060552	0	0	0.21818181818181825	0.18181818181818199	0.24242424242424232	0.25454545454545452	0.16969696969696968	0.25454545454545452
765	8	-0.10909090909090902	-0.08484848484848484	0.18181818181818177	0.10909090909090913	-0.048484848484848242	-0.16969696969696968	-0.13333333333333319	-0.25454545454545452	-0.24242424242424232	-0.16969696969696968	0.10909090909090902	0.08484848484848484	0.18181818181818177	0.10909090909090913	0.048484848484848242	0.16969696969696968	0.13333333333333319	0.25454545454545452	0.24242424242424232	0.16969696969696968	0.25454545454545452
766	8	-0.20606060606060606	-0.21818181818181814	0.14545454545454545	-0.072727272727272751	-0.1212121212121211	-0.024242424242424288	-0.1333333333333333	-0.36363636363636354	-0.39999999999999991	-0.21818181818181814	0.20606060606060606	0.21818181818181814	0.14545454545454545	0.072727272727272751	0.1212121212121211	0.024242424242424288	0.1333333333333333	0.36363636363636354	0.39999999999999991	0.21818181818181814	0.39999999999999991
767	9	-0.23030303030303023	-0.3393939393939393	0.30303030303030304	0.08484848484848484	-0.18181818181818177	0.036363636363636265	-0.060606060606060552	-0.36363636363636359	-0.37575757575757573	-0.21818181818181814	0.23030303030303023	0.3393939393939393	0.30303030303030304	0.08484848484848484	0.18181818181818177	0.036363636363636265	0.060606060606060552	0.36363636363636359	0.37575757575757573	0.21818181818181814	0.37575757575757573
768	2	0.15757575757575759	0.15757575757575759	-0.18181818181818177	0.012121212121212088	0.10909090909090924	-0.10909090909090913	-0.01212121212121231	0.18181818181818177	0.25454545454545452	0.16969696969696957	0.15757575757575759	0.15757575757575759	0.18181818181818177	0.012121212121212088	0.10909090909090924	0.10909090909090913	0.01212121212121231	0.18181818181818177	0.25454545454545452	0.16969696969696957	0.25454545454545452
769	3	0.13333333333333341	0.036363636363636376	-0.060606060606060663	0.1333333333333333	0.07272727272727264	-0.060606060606060552	0.048484848484848464	0.15757575757575759	0.24242424242424243	0.16969696969696957	0.13333333333333341	0.036363636363636376	0.060606060606060663	0.1333333333333333	0.07272727272727264	0.060606060606060552	0.048484848484848464	0.15757575757575759	0.24242424242424243	0.16969696969696957	0.24242424242424243
770	3	0.048484848484848575	-0.08484848484848484	-0.10909090909090913	-0.024242424242424288	-0.024242424242424065	0.048484848484848464	0.060606060606060774	0.096969696969697039	0.1333333333333333	0.1212121212121211	0.048484848484848575	0.08484848484848484	0.10909090909090913	0.024242424242424288	0.024242424242424065	0.048484848484848464	0.060606060606060774	0.096969696969697039	0.1333333333333333	0.1212121212121211	0.1333333333333333
771	4	0.024242424242424288	-0.18181818181818177	0	0.072727272727272751	-0.048484848484848575	0.10909090909090924	0.12121212121212133	0.08484848484848484	0.1333333333333333	0.1212121212121211	0.024242424242424288	0.18181818181818177	0	0.072727272727272751	0.048484848484848575	0.10909090909090924	0.12121212121212133	0.08484848484848484	0.1333333333333333	0.1212121212121211	0.18181818181818177
772	3	0.072727272727272751	0.036363636363636376	-0.15757575757575748	-0.024242424242424176	0	-0.10909090909090913	-0.01212121212121231	0.18181818181818188	0.26666666666666661	0.16969696969696957	0.072727272727272751	0.036363636363636376	0.15757575757575748	0.024242424242424176	0	0.10909090909090913	0.01212121212121231	0.18181818181818188	0.26666666666666661	0.16969696969696957	0.26666666666666661
773	4	0.048484848484848575	-0.036363636363636487	-0.048484848484848464	0.08484848484848484	-0.024242424242424288	-0.07272727272727264	0.036363636363636487	0.15757575757575759	0.25454545454545452	0.16969696969696957	0.048484848484848575	0.036363636363636487	0.048484848484848464	0.08484848484848484	0.024242424242424288	0.07272727272727264	0.036363636363636487	0.15757575757575759	0.25454545454545452	0.16969696969696957	0.25454545454545452
774	4	-0.048484848484848464	-0.20606060606060606	-0.096969696969696928	-0.024242424242424288	-0.1212121212121211	0.048484848484848464	0.060606060606060774	0.096969696969696928	0.1333333333333333	0.1212121212121211	0.048484848484848464	0.20606060606060606	0.096969696969696928	0.024242424242424288	0.1212121212121211	0.048484848484848464	0.060606060606060774	0.096969696969696928	0.1333333333333333	0.1212121212121211	0.20606060606060606
775	5	-0.07272727272727264	-0.27878787878787881	0.024242424242424288	0.08484848484848484	-0.13333333333333341	0.096969696969696928	0.10909090909090902	0.08484848484848484	0.1333333333333333	0.1212121212121211	0.07272727272727264	0.27878787878787881	0.024242424242424288	0.08484848484848484	0.13333333333333341	0.096969696969696928	0.10909090909090902	0.08484848484848484	0.1333333333333333	0.1212121212121211	0.27878787878787881
776	3	0.23030303030303023	0	-0.23030303030303023	-0.060606060606060663	0.10909090909090902	-0.036363636363636487	0.012121212121212088	-0.08484848484848484	0.07272727272727264	0.10909090909090913	0.23030303030303023	0	0.23030303030303023	0.060606060606060663	0.10909090909090902	0.036363636363636487	0.012121212121212088	0.08484848484848484	0.07272727272727264	0.10909090909090913	0.23030303030303023
777	4	0.20606060606060617	-0.072727272727272863	-0.1212121212121211	0.048484848484848575	0.084848484848484729	0	0.060606060606060552	-0.072727272727272751	0.10909090909090913	0.10909090909090913	0.20606060606060617	0.072727272727272863	0.1212121212121211	0.048484848484848575	0.084848484848484729	0	0.060606060606060552	0.072727272727272751	0.10909090909090913	0.10909090909090913	0.20606060606060617
778	4	0.10909090909090902	-0.23030303030303023	-0.18181818181818199	-0.060606060606060552	0	0.13333333333333319	0.12121212121212133	-0.15757575757575759	-0.048484848484848242	0.060606060606060663	0.10909090909090902	0.23030303030303023	0.18181818181818199	0.060606060606060552	0	0.13333333333333319	0.12121212121212133	0.15757575757575759	0.048484848484848242	0.060606060606060663	0.23030303030303023
779	5	0.08484848484848484	-0.30303030303030309	-0.060606060606060663	0.048484848484848464	-0.036363636363636376	0.18181818181818177	0.16969696969696979	-0.13333333333333341	0	0.060606060606060663	0.08484848484848484	0.30303030303030309	0.060606060606060663	0.048484848484848464	0.036363636363636376	0.18181818181818177	0.16969696969696979	0.13333333333333341	0	0.060606060606060663	0.30303030303030309
780	4	0.10909090909090902	-0.12121212121212122	-0.21818181818181825	-0.096969696969697039	0.024242424242424288	-0.036363636363636376	0.01212121212121231	-0.096969696969696928	0.07272727272727264	0.10909090909090913	0.10909090909090902	0.12121212121212122	0.21818181818181825	0.096969696969697039	0.024242424242424288	0.036363636363636376	0.01212121212121231	0.096969696969696928	0.07272727272727264	0.10909090909090913	0.21818181818181825
781	5	0.08484848484848484	-0.16969696969696968	-0.096969696969696928	0.024242424242424176	-0.012121212121212088	0.01212121212121231	0.072727272727272863	-0.10909090909090913	0.08484848484848484	0.10909090909090913	0.08484848484848484	0.16969696969696968	0.096969696969696928	0.024242424242424176	0.012121212121212088	0.01212121212121231	0.072727272727272863	0.10909090909090913	0.08484848484848484	0.10909090909090913	0.16969696969696968
782	5	0.024242424242424176	-0.35151515151515161	-0.15757575757575759	-0.036363636363636265	-0.096969696969697039	0.10909090909090924	0.096969696969697039	-0.16969696969696968	-0.060606060606060552	0.060606060606060663	0.024242424242424176	0.35151515151515161	0.15757575757575759	0.036363636363636265	0.096969696969697039	0.10909090909090924	0.096969696969697039	0.16969696969696968	0.060606060606060552	0.060606060606060663	0.35151515151515161
783	6	0	-0.4242424242424242	0	0.10909090909090913	-0.14545454545454539	0.16969696969696979	0.15757575757575759	-0.1696969696969699	-0.036363636363636376	0.060606060606060663	0	0.4242424242424242	0	0.10909090909090913	0.14545454545454539	0.16969696969696979	0.15757575757575759	0.1696969696969699	0.036363636363636376	0.060606060606060663	0.4242424242424242
784	3	0	0.09696969696969715	-0.26666666666666661	-0.036363636363636376	0	-0.084848484848484951	-0.07272727272727264	0.08484848484848484	0.096969696969697039	0.096969696969696928	0	0.09696969696969715	0.26666666666666661	0.036363636363636376	0	0.084848484848484951	0.07272727272727264	0.08484848484848484	0.096969696969697039	0.096969696969696928	0.26666666666666661
785	4	-0.024242424242424176	-0.024242424242424065	-0.14545454545454539	0.08484848484848484	-0.024242424242424399	-0.036363636363636154	-0.012121212121212088	0.072727272727272863	0.096969696969696817	0.096969696969696928	0.024242424242424176	0.024242424242424065	0.14545454545454539	0.08484848484848484	0.024242424242424399	0.036363636363636154	0.012121212121212088	0.072727272727272863	0.096969696969696817	0.096969696969696928	0.14545454545454539
786	4	-0.096969696969696928	-0.14545454545454539	-0.18181818181818188	-0.060606060606060663	-0.12121212121212133	0.060606060606060552	0.012121212121212088	0	-0.012121212121211977	0.07272727272727264	0.096969696969696928	0.14545454545454539	0.18181818181818188	0.060606060606060663	0.12121212121212133	0.060606060606060552	0.012121212121212088	0	0.012121212121211977	0.07272727272727264	0.18181818181818188
787	5	-0.1212121212121211	-0.24242424242424243	-0.072727272727272751	0.036363636363636376	-0.13333333333333319	0.12121212121212133	0.072727272727272863	0	0	0.07272727272727264	0.1212121212121211	0.24242424242424243	0.072727272727272751	0.036363636363636376	0.13333333333333319	0.12121212121212133	0.072727272727272863	0	0	0.07272727272727264	0.24242424242424243
788	4	-0.07272727272727264	-0.036363636363636487	-0.23030303030303034	-0.060606060606060552	-0.10909090909090913	-0.096969696969697039	-0.084848484848484618	0.072727272727272751	0.096969696969696928	0.096969696969696928	0.07272727272727264	0.036363636363636487	0.23030303030303034	0.060606060606060552	0.10909090909090913	0.096969696969697039	0.084848484848484618	0.072727272727272751	0.096969696969696928	0.096969696969696928	0.23030303030303034
789	5	-0.096969696969696928	-0.10909090909090913	-0.12121212121212122	0.048484848484848464	-0.1212121212121211	-0.060606060606060552	-0.036363636363636265	0.060606060606060663	0.096969696969696928	0.096969696969696928	0.096969696969696928	0.10909090909090913	0.12121212121212122	0.048484848484848464	0.1212121212121211	0.060606060606060552	0.036363636363636265	0.060606060606060663	0.096969696969696928	0.096969696969696928	0.12121212121212122
790	5	-0.18181818181818166	-0.2787878787878787	-0.1575757575757577	-0.048484848484848575	-0.21818181818181825	0.048484848484848464	0	-0.012121212121211977	-0.024242424242424065	0.07272727272727264	0.18181818181818166	0.2787878787878787	0.1575757575757577	0.048484848484848575	0.21818181818181825	0.048484848484848464	0	0.012121212121211977	0.024242424242424065	0.07272727272727264	0.2787878787878787
791	6	-0.20606060606060617	-0.35151515151515156	-0.036363636363636376	0.060606060606060552	-0.21818181818181825	0.096969696969696928	0.048484848484848464	-0.012121212121212088	-0.012121212121212088	0.07272727272727264	0.20606060606060617	0.35151515151515156	0.036363636363636376	0.060606060606060552	0.21818181818181825	0.096969696969696928	0.048484848484848464	0.012121212121212088	0.012121212121212088	0.07272727272727264	0.35151515151515156
792	4	0.072727272727272751	-0.060606060606060552	-0.31515151515151518	-0.10909090909090913	0	-0.012121212121212088	-0.036363636363636487	-0.16969696969696979	-0.060606060606060552	0.036363636363636265	0.072727272727272751	0.060606060606060552	0.31515151515151518	0.10909090909090913	0	0.012121212121212088	0.036363636363636487	0.16969696969696979	0.060606060606060552	0.036363636363636265	0.31515151515151518
793	5	0.048484848484848464	-0.13333333333333319	-0.20606060606060606	0	-0.036363636363636376	0.024242424242424065	0.012121212121212088	-0.16969696969696968	-0.036363636363636376	0.036363636363636265	0.048484848484848464	0.13333333333333319	0.20606060606060606	0	0.036363636363636376	0.024242424242424065	0.012121212121212088	0.16969696969696968	0.036363636363636376	0.036363636363636265	0.20606060606060606
794	5	-0.036363636363636487	-0.31515151515151518	-0.25454545454545452	-0.096969696969696928	-0.1212121212121211	0.14545454545454528	0.084848484848484951	-0.26666666666666661	-0.19393939393939397	0.012121212121212088	0.036363636363636487	0.31515151515151518	0.25454545454545452	0.096969696969696928	0.1212121212121211	0.14545454545454528	0.084848484848484951	0.26666666666666661	0.19393939393939397	0.012121212121212088	0.31515151515151518
795	6	-0.060606060606060663	-0.38787878787878793	-0.1333333333333333	0.012121212121212088	-0.1696969696969699	0.19393939393939386	0.13333333333333341	-0.25454545454545452	-0.15757575757575759	0.012121212121212088	0.060606060606060663	0.38787878787878793	0.1333333333333333	0.012121212121212088	0.1696969696969699	0.19393939393939386	0.13333333333333341	0.25454545454545452	0.15757575757575759	0.012121212121212088	0.38787878787878793
796	5	-0.036363636363636487	-0.16969696969696957	-0.29090909090909078	-0.13333333333333341	-0.084848484848484729	-0.024242424242424399	-0.048484848484848464	-0.19393939393939397	-0.07272727272727264	0.036363636363636265	0.036363636363636487	0.16969696969696957	0.29090909090909078	0.13333333333333341	0.084848484848484729	0.024242424242424399	0.048484848484848464	0.19393939393939397	0.07272727272727264	0.036363636363636265	0.29090909090909078
797	6	-0.060606060606060663	-0.21818181818181825	-0.1696969696969699	-0.012121212121212088	-0.1333333333333333	0.024242424242424399	0.01212121212121231	-0.21818181818181825	-0.072727272727272751	0.036363636363636265	0.060606060606060663	0.21818181818181825	0.1696969696969699	0.012121212121212088	0.1333333333333333	0.024242424242424399	0.01212121212121231	0.21818181818181825	0.072727272727272751	0.036363636363636265	0.21818181818181825
798	6	-0.10909090909090913	-0.42424242424242409	-0.21818181818181814	-0.060606060606060552	-0.21818181818181814	0.10909090909090924	0.048484848484848464	-0.29090909090909089	-0.21818181818181825	0.012121212121212088	0.10909090909090913	0.42424242424242409	0.21818181818181814	0.060606060606060552	0.21818181818181814	0.10909090909090924	0.048484848484848464	0.29090909090909089	0.21818181818181825	0.012121212121212088	0.42424242424242409
799	7	-0.13333333333333341	-0.49696969696969706	-0.060606060606060663	0.08484848484848484	-0.2787878787878787	0.16969696969696979	0.10909090909090902	-0.30303030303030298	-0.20606060606060617	0.012121212121212088	0.13333333333333341	0.49696969696969706	0.060606060606060663	0.08484848484848484	0.2787878787878787	0.16969696969696979	0.10909090909090902	0.30303030303030298	0.20606060606060617	0.012121212121212088	0.49696969696969706
800	3	0.012121212121212199	0.07272727272727264	-0.2787878787878787	-0.1333333333333333	0.060606060606060774	-0.20606060606060606	-0.15757575757575759	-0.012121212121212088	0.036363636363636376	0.084848484848484951	0.012121212121212199	0.07272727272727264	0.2787878787878787	0.1333333333333333	0.060606060606060774	0.20606060606060606	0.15757575757575759	0.012121212121212088	0.036363636363636376	0.084848484848484951	0.2787878787878787
801	4	-0.012121212121212199	-0.048484848484848464	-0.15757575757575759	-0.012121212121212088	0.024242424242424065	-0.1575757575757577	-0.096969696969697039	-0.024242424242424288	0.036363636363636376	0.084848484848484951	0.012121212121212199	0.048484848484848464	0.15757575757575759	0.012121212121212088	0.024242424242424065	0.1575757575757577	0.096969696969697039	0.024242424242424288	0.036363636363636376	0.084848484848484951	0.1575757575757577
802	4	-0.08484848484848484	-0.16969696969696968	-0.19393939393939386	-0.13333333333333341	-0.060606060606060552	-0.048484848484848464	-0.072727272727272863	-0.08484848484848484	-0.072727272727272863	0.060606060606060552	0.08484848484848484	0.16969696969696968	0.19393939393939386	0.13333333333333341	0.060606060606060552	0.048484848484848464	0.072727272727272863	0.08484848484848484	0.072727272727272863	0.060606060606060552	0.19393939393939386
803	5	-0.10909090909090913	-0.26666666666666672	-0.08484848484848484	-0.036363636363636265	-0.084848484848484951	0.01212121212121231	-0.012121212121212088	-0.08484848484848484	-0.060606060606060552	0.060606060606060552	0.10909090909090913	0.26666666666666672	0.08484848484848484	0.036363636363636265	0.084848484848484951	0.01212121212121231	0.012121212121212088	0.08484848484848484	0.060606060606060552	0.060606060606060552	0.26666666666666672
804	4	-0.060606060606060774	-0.060606060606060774	-0.24242424242424232	-0.1454545454545455	-0.048484848484848575	-0.20606060606060606	-0.15757575757575759	-0.012121212121212088	0.048484848484848575	0.084848484848484951	0.060606060606060774	0.060606060606060774	0.24242424242424232	0.1454545454545455	0.048484848484848575	0.20606060606060606	0.15757575757575759	0.012121212121212088	0.048484848484848575	0.084848484848484951	0.24242424242424232
805	5	-0.08484848484848484	-0.13333333333333341	-0.1333333333333333	-0.036363636363636376	-0.072727272727272863	-0.16969696969696979	-0.10909090909090913	-0.024242424242424288	0.048484848484848464	0.084848484848484951	0.08484848484848484	0.13333333333333341	0.1333333333333333	0.036363636363636376	0.072727272727272863	0.16969696969696979	0.10909090909090913	0.024242424242424288	0.048484848484848464	0.084848484848484951	0.16969696969696979
806	5	-0.16969696969696968	-0.30303030303030309	-0.16969696969696957	-0.13333333333333341	-0.15757575757575748	-0.048484848484848464	-0.072727272727272863	-0.084848484848484729	-0.07272727272727264	0.060606060606060552	0.16969696969696968	0.30303030303030309	0.16969696969696957	0.13333333333333341	0.15757575757575748	0.048484848484848464	0.072727272727272863	0.084848484848484729	0.07272727272727264	0.060606060606060552	0.30303030303030309
807	6	-0.19393939393939386	-0.37575757575757573	-0.048484848484848575	-0.024242424242424176	-0.16969696969696979	0	-0.024242424242424176	-0.08484848484848484	-0.060606060606060552	0.060606060606060552	0.19393939393939386	0.37575757575757573	0.048484848484848575	0.024242424242424176	0.16969696969696979	0	0.024242424242424176	0.08484848484848484	0.060606060606060552	0.060606060606060552	0.37575757575757573
808	4	0.08484848484848484	-0.084848484848485062	-0.32727272727272716	-0.1696969696969699	0.060606060606060552	-0.13333333333333341	-0.12121212121212122	-0.25454545454545452	-0.12121212121212133	0.024242424242424176	0.08484848484848484	0.084848484848485062	0.32727272727272716	0.1696969696969699	0.060606060606060552	0.13333333333333341	0.12121212121212122	0.25454545454545452	0.12121212121212133	0.024242424242424176	0.32727272727272716
809	5	0.060606060606060663	-0.1575757575757577	-0.21818181818181814	-0.060606060606060552	0.036363636363636154	-0.096969696969696928	-0.072727272727272863	-0.25454545454545452	-0.09696969696969715	0.024242424242424176	0.060606060606060663	0.1575757575757577	0.21818181818181814	0.060606060606060552	0.036363636363636154	0.096969696969696928	0.072727272727272863	0.25454545454545452	0.09696969696969715	0.024242424242424176	0.25454545454545452
810	5	-0.024242424242424288	-0.31515151515151518	-0.26666666666666672	-0.1575757575757577	-0.036363636363636265	0.036363636363636487	-0.024242424242424399	-0.33939393939393947	-0.25454545454545463	0	0.024242424242424288	0.31515151515151518	0.26666666666666672	0.1575757575757577	0.036363636363636265	0.036363636363636487	0.024242424242424399	0.33939393939393947	0.25454545454545463	0	0.33939393939393947
811	6	-0.048484848484848575	-0.38787878787878793	-0.1454545454545455	-0.048484848484848464	-0.072727272727272863	0.084848484848484951	0.024242424242424176	-0.32727272727272716	-0.21818181818181825	0	0.048484848484848575	0.38787878787878793	0.1454545454545455	0.048484848484848464	0.072727272727272863	0.084848484848484951	0.024242424242424176	0.32727272727272716	0.21818181818181825	0	0.38787878787878793
812	5	-0.024242424242424288	-0.21818181818181825	-0.30303030303030309	-0.18181818181818177	-0.024242424242424176	-0.13333333333333319	-0.12121212121212133	-0.26666666666666683	-0.12121212121212122	0.024242424242424176	0.024242424242424288	0.21818181818181825	0.30303030303030309	0.18181818181818177	0.024242424242424176	0.13333333333333319	0.12121212121212133	0.26666666666666683	0.12121212121212122	0.024242424242424176	0.30303030303030309
813	6	-0.048484848484848575	-0.26666666666666661	-0.18181818181818177	-0.060606060606060663	-0.060606060606060552	-0.084848484848484951	-0.060606060606060552	-0.29090909090909078	-0.12121212121212133	0.024242424242424176	0.048484848484848575	0.26666666666666661	0.18181818181818177	0.060606060606060663	0.060606060606060552	0.084848484848484951	0.060606060606060552	0.29090909090909078	0.12121212121212133	0.024242424242424176	0.29090909090909078
814	6	-0.096969696969697039	-0.44848484848484838	-0.23030303030303023	-0.13333333333333341	-0.1333333333333333	0.012121212121211977	-0.048484848484848242	-0.35151515151515156	-0.26666666666666672	0	0.096969696969697039	0.44848484848484838	0.23030303030303023	0.13333333333333341	0.1333333333333333	0.012121212121211977	0.048484848484848242	0.35151515151515156	0.26666666666666672	0	0.44848484848484838
815	7	-0.12121212121212122	-0.52121212121212102	-0.072727272727272751	0.012121212121212088	-0.18181818181818166	0.07272727272727264	0.01212121212121231	-0.36363636363636354	-0.25454545454545463	0	0.12121212121212122	0.52121212121212102	0.072727272727272751	0.012121212121212088	0.18181818181818166	0.07272727272727264	0.01212121212121231	0.36363636363636354	0.25454545454545463	0	0.52121212121212102
816	4	-0.1333333333333333	0	-0.36363636363636365	-0.16969696969696968	-0.036363636363636265	-0.19393939393939397	-0.20606060606060606	-0.09696969696969715	-0.096969696969696928	0.036363636363636376	0.1333333333333333	0	0.36363636363636365	0.16969696969696968	0.036363636363636265	0.19393939393939397	0.20606060606060606	0.09696969696969715	0.096969696969696928	0.036363636363636376	0.36363636363636365
817	5	-0.15757575757575748	-0.12121212121212122	-0.24242424242424254	-0.048484848484848575	-0.060606060606060774	-0.1454545454545455	-0.1454545454545455	-0.096969696969696928	-0.084848484848484729	0.036363636363636376	0.15757575757575748	0.12121212121212122	0.24242424242424254	0.048484848484848575	0.060606060606060774	0.1454545454545455	0.1454545454545455	0.096969696969696928	0.084848484848484729	0.036363636363636376	0.24242424242424254
818	5	-0.21818181818181803	-0.26666666666666661	-0.26666666666666672	-0.15757575757575748	-0.1454545454545455	-0.048484848484848464	-0.13333333333333319	-0.16969696969696968	-0.21818181818181803	0.012121212121212088	0.21818181818181803	0.26666666666666661	0.26666666666666672	0.15757575757575748	0.1454545454545455	0.048484848484848464	0.13333333333333319	0.16969696969696968	0.21818181818181803	0.012121212121212088	0.26666666666666672
819	6	-0.24242424242424254	-0.36363636363636365	-0.1575757575757577	-0.060606060606060663	-0.15757575757575748	0.01212121212121231	-0.072727272727272863	-0.1575757575757577	-0.19393939393939397	0.012121212121212088	0.24242424242424254	0.36363636363636365	0.1575757575757577	0.060606060606060663	0.15757575757575748	0.01212121212121231	0.072727272727272863	0.1575757575757577	0.19393939393939397	0.012121212121212088	0.36363636363636365
820	5	-0.19393939393939397	-0.12121212121212133	-0.31515151515151518	-0.16969696969696957	-0.14545454545454561	-0.20606060606060606	-0.21818181818181814	-0.10909090909090913	-0.096969696969696928	0.036363636363636376	0.19393939393939397	0.12121212121212133	0.31515151515151518	0.16969696969696957	0.14545454545454561	0.20606060606060606	0.21818181818181814	0.10909090909090913	0.096969696969696928	0.036363636363636376	0.31515151515151518
821	6	-0.21818181818181803	-0.19393939393939397	-0.20606060606060594	-0.060606060606060774	-0.15757575757575748	-0.16969696969696979	-0.16969696969696979	-0.10909090909090913	-0.084848484848484729	0.036363636363636376	0.21818181818181803	0.19393939393939397	0.20606060606060594	0.060606060606060774	0.15757575757575748	0.16969696969696979	0.16969696969696979	0.10909090909090913	0.084848484848484729	0.036363636363636376	0.21818181818181803
822	6	-0.29090909090909078	-0.38787878787878782	-0.23030303030303034	-0.14545454545454539	-0.24242424242424243	-0.060606060606060552	-0.1454545454545455	-0.18181818181818199	-0.23030303030303034	0.012121212121212088	0.29090909090909078	0.38787878787878782	0.23030303030303034	0.14545454545454539	0.24242424242424243	0.060606060606060552	0.1454545454545455	0.18181818181818199	0.23030303030303034	0.012121212121212088	0.38787878787878782
823	7	-0.31515151515151518	-0.46060606060606063	-0.10909090909090913	-0.036363636363636376	-0.24242424242424243	-0.012121212121212088	-0.096969696969697039	-0.16969696969696979	-0.20606060606060594	0.012121212121212088	0.31515151515151518	0.46060606060606063	0.10909090909090913	0.036363636363636376	0.24242424242424243	0.012121212121212088	0.096969696969697039	0.16969696969696979	0.20606060606060594	0.012121212121212088	0.46060606060606063
824	5	-0.08484848484848484	-0.15757575757575748	-0.43636363636363645	-0.23030303030303023	-0.036363636363636265	-0.12121212121212133	-0.18181818181818199	-0.35151515151515145	-0.25454545454545452	-0.024242424242424176	0.08484848484848484	0.15757575757575748	0.43636363636363645	0.23030303030303023	0.036363636363636265	0.12121212121212133	0.18181818181818199	0.35151515151515145	0.25454545454545452	0.024242424242424176	0.43636363636363645
825	6	-0.10909090909090913	-0.23030303030303034	-0.32727272727272716	-0.12121212121212122	-0.072727272727272863	-0.084848484848484618	-0.13333333333333319	-0.36363636363636365	-0.24242424242424254	-0.024242424242424176	0.10909090909090913	0.23030303030303034	0.32727272727272716	0.12121212121212122	0.072727272727272863	0.084848484848484618	0.13333333333333319	0.36363636363636365	0.24242424242424254	0.024242424242424176	0.36363636363636365
826	6	-0.18181818181818177	-0.4363636363636364	-0.36363636363636365	-0.20606060606060606	-0.14545454545454539	0.036363636363636487	-0.096969696969697039	-0.46060606060606057	-0.4242424242424242	-0.048484848484848464	0.18181818181818177	0.4363636363636364	0.36363636363636365	0.20606060606060606	0.14545454545454539	0.036363636363636487	0.096969696969697039	0.46060606060606057	0.4242424242424242	0.048484848484848464	0.46060606060606057
827	7	-0.20606060606060617	-0.50909090909090904	-0.24242424242424232	-0.096969696969697039	-0.19393939393939397	0.084848484848484951	-0.048484848484848575	-0.46060606060606063	-0.39999999999999991	-0.048484848484848464	0.20606060606060617	0.50909090909090904	0.24242424242424232	0.096969696969697039	0.19393939393939397	0.084848484848484951	0.048484848484848575	0.46060606060606063	0.39999999999999991	0.048484848484848464	0.50909090909090904
828	6	-0.18181818181818177	-0.25454545454545441	-0.40000000000000002	-0.23030303030303045	-0.1212121212121211	-0.13333333333333319	-0.19393939393939397	-0.37575757575757573	-0.26666666666666661	-0.024242424242424176	0.18181818181818177	0.25454545454545441	0.40000000000000002	0.23030303030303045	0.1212121212121211	0.13333333333333319	0.19393939393939397	0.37575757575757573	0.26666666666666661	0.024242424242424176	0.40000000000000002
829	7	-0.20606060606060617	-0.30303030303030309	-0.2787878787878787	-0.10909090909090902	-0.16969696969696968	-0.084848484848484951	-0.13333333333333341	-0.41212121212121217	-0.27878787878787881	-0.024242424242424176	0.20606060606060617	0.30303030303030309	0.2787878787878787	0.10909090909090902	0.16969696969696968	0.084848484848484951	0.13333333333333341	0.41212121212121217	0.27878787878787881	0.024242424242424176	0.41212121212121217
830	7	-0.24242424242424232	-0.53333333333333321	-0.31515151515151507	-0.16969696969696968	-0.24242424242424254	0	-0.13333333333333341	-0.48484848484848486	-0.44848484848484838	-0.048484848484848464	0.24242424242424232	0.53333333333333321	0.31515151515151507	0.16969696969696968	0.24242424242424254	0	0.13333333333333341	0.48484848484848486	0.44848484848484838	0.048484848484848464	0.53333333333333321
831	8	-0.26666666666666661	-0.60606060606060597	-0.15757575757575748	-0.024242424242424176	-0.30303030303030309	0.060606060606060663	-0.072727272727272863	-0.50909090909090893	-0.44848484848484838	-0.048484848484848464	0.26666666666666661	0.60606060606060597	0.15757575757575748	0.024242424242424176	0.30303030303030309	0.060606060606060663	0.072727272727272863	0.50909090909090893	0.44848484848484838	0.048484848484848464	0.60606060606060597
832	3	0.12121212121212122	0.2787878787878787	-0.13333333333333341	-0.048484848484848575	0.19393939393939386	-0.096969696969697039	-0.084848484848484951	0.25454545454545452	0.20606060606060606	0.060606060606060552	0.12121212121212122	0.2787878787878787	0.13333333333333341	0.048484848484848575	0.19393939393939386	0.096969696969697039	0.084848484848484951	0.25454545454545452	0.20606060606060606	0.060606060606060552	0.2787878787878787
833	4	0.08484848484848484	0.15757575757575759	-0.012121212121212088	0.060606060606060663	0.14545454545454539	-0.036363636363636487	-0.012121212121212088	0.23030303030303023	0.19393939393939386	0.060606060606060552	0.08484848484848484	0.15757575757575759	0.012121212121212088	0.060606060606060663	0.14545454545454539	0.036363636363636487	0.012121212121212088	0.23030303030303023	0.19393939393939386	0.060606060606060552	0.23030303030303023
834	4	0.036363636363636376	0.048484848484848464	-0.08484848484848484	-0.060606060606060552	0.060606060606060552	0.060606060606060774	-0.024242424242424288	0.20606060606060594	0.10909090909090913	0.060606060606060552	0.036363636363636376	0.048484848484848464	0.08484848484848484	0.060606060606060552	0.060606060606060552	0.060606060606060774	0.024242424242424288	0.20606060606060594	0.10909090909090913	0.060606060606060552	0.20606060606060594
835	5	0	-0.048484848484848464	0.048484848484848464	0.048484848484848464	0.024242424242424176	0.13333333333333341	0.072727272727272863	0.19393939393939397	0.10909090909090902	0.060606060606060552	0	0.048484848484848464	0.048484848484848464	0.048484848484848464	0.024242424242424176	0.13333333333333341	0.072727272727272863	0.19393939393939397	0.10909090909090902	0.060606060606060552	0.19393939393939397
836	4	0.060606060606060552	0.1454545454545455	-0.12121212121212122	-0.060606060606060663	0.096969696969696817	-0.084848484848484951	-0.072727272727272863	0.24242424242424232	0.20606060606060606	0.060606060606060552	0.060606060606060552	0.1454545454545455	0.12121212121212122	0.060606060606060663	0.096969696969696817	0.084848484848484951	0.072727272727272863	0.24242424242424232	0.20606060606060606	0.060606060606060552	0.24242424242424232
837	5	0.024242424242424065	0.072727272727272863	-0.012121212121212088	0.036363636363636376	0.060606060606060552	-0.036363636363636487	-0.012121212121212088	0.24242424242424232	0.21818181818181803	0.060606060606060552	0.024242424242424065	0.072727272727272863	0.012121212121212088	0.036363636363636376	0.060606060606060552	0.036363636363636487	0.012121212121212088	0.24242424242424232	0.21818181818181803	0.060606060606060552	0.24242424242424232
838	5	-0.036363636363636265	-0.08484848484848484	-0.060606060606060663	-0.060606060606060552	-0.024242424242424176	0.072727272727272863	-0.01212121212121231	0.16969696969696957	0.096969696969697039	0.060606060606060552	0.036363636363636265	0.08484848484848484	0.060606060606060663	0.060606060606060552	0.024242424242424176	0.072727272727272863	0.01212121212121231	0.16969696969696957	0.096969696969697039	0.060606060606060552	0.16969696969696957
839	6	-0.07272727272727264	-0.15757575757575748	0.08484848484848484	0.060606060606060663	-0.048484848484848575	0.13333333333333341	0.072727272727272863	0.18181818181818166	0.12121212121212122	0.060606060606060552	0.07272727272727264	0.15757575757575748	0.08484848484848484	0.060606060606060663	0.048484848484848575	0.13333333333333341	0.072727272727272863	0.18181818181818166	0.12121212121212122	0.060606060606060552	0.18181818181818166
840	4	0.23030303030303023	0.10909090909090902	-0.21818181818181814	-0.10909090909090902	0.16969696969696979	-0.012121212121212088	-0.036363636363636376	-0.024242424242424288	0.024242424242424176	0.012121212121212088	0.23030303030303023	0.10909090909090902	0.21818181818181814	0.10909090909090902	0.16969696969696979	0.012121212121212088	0.036363636363636376	0.024242424242424288	0.024242424242424176	0.012121212121212088	0.23030303030303023
841	5	0.19393939393939397	0.036363636363636376	-0.08484848484848484	0.012121212121212088	0.13333333333333341	0.036363636363636154	0.024242424242424399	-0.012121212121212088	0.060606060606060552	0.012121212121212088	0.19393939393939397	0.036363636363636376	0.08484848484848484	0.012121212121212088	0.13333333333333341	0.036363636363636154	0.024242424242424399	0.012121212121212088	0.060606060606060552	0.012121212121212088	0.19393939393939397
842	5	0.1333333333333333	-0.10909090909090902	-0.1696969696969699	-0.10909090909090913	0.08484848484848484	0.18181818181818188	0.060606060606060552	-0.08484848484848484	-0.07272727272727264	0.012121212121212088	0.1333333333333333	0.10909090909090902	0.1696969696969699	0.10909090909090913	0.08484848484848484	0.18181818181818188	0.060606060606060552	0.08484848484848484	0.07272727272727264	0.012121212121212088	0.18181818181818188
843	6	0.096969696969696928	-0.18181818181818177	0	0.036363636363636376	0.036363636363636376	0.24242424242424254	0.14545454545454539	-0.060606060606060552	-0.024242424242424176	0.012121212121212088	0.096969696969696928	0.18181818181818177	0	0.036363636363636376	0.036363636363636376	0.24242424242424254	0.14545454545454539	0.060606060606060552	0.024242424242424176	0.012121212121212088	0.24242424242424254
844	5	0.1333333333333333	0	-0.21818181818181814	-0.12121212121212122	0.096969696969697039	-0.024242424242424399	-0.048484848484848575	-0.024242424242424399	0.036363636363636376	0.012121212121212088	0.1333333333333333	0	0.21818181818181814	0.12121212121212122	0.096969696969697039	0.024242424242424399	0.048484848484848575	0.024242424242424399	0.036363636363636376	0.012121212121212088	0.21818181818181814
845	6	0.096969696969696928	-0.048484848484848575	-0.072727272727272751	0.012121212121212088	0.048484848484848575	0.036363636363636487	0.024242424242424176	-0.01212121212121231	0.072727272727272863	0.012121212121212088	0.096969696969696928	0.048484848484848575	0.072727272727272751	0.012121212121212088	0.048484848484848575	0.036363636363636487	0.024242424242424176	0.01212121212121231	0.072727272727272863	0.012121212121212088	0.096969696969696928
846	6	0.072727272727272751	-0.21818181818181825	-0.13333333333333341	-0.08484848484848484	0	0.1454545454545455	0.024242424242424288	-0.10909090909090913	-0.072727272727272863	0.012121212121212088	0.072727272727272751	0.21818181818181825	0.13333333333333341	0.08484848484848484	0	0.1454545454545455	0.024242424242424288	0.10909090909090913	0.072727272727272863	0.012121212121212088	0.21818181818181825
847	7	0.036363636363636376	-0.29090909090909089	0.07272727272727264	0.096969696969696817	-0.060606060606060552	0.21818181818181825	0.12121212121212122	-0.08484848484848484	-0.024242424242424399	0.012121212121212088	0.036363636363636376	0.29090909090909089	0.07272727272727264	0.096969696969696817	0.060606060606060552	0.21818181818181825	0.12121212121212122	0.08484848484848484	0.024242424242424399	0.012121212121212088	0.29090909090909089
848	4	-0.024242424242424399	0.21818181818181814	-0.21818181818181825	-0.096969696969696928	0.096969696969696928	-0.084848484848484951	-0.13333333333333319	0.16969696969696968	0.084848484848485062	0.024242424242424288	0.024242424242424399	0.21818181818181814	0.21818181818181825	0.096969696969696928	0.096969696969696928	0.084848484848484951	0.13333333333333319	0.16969696969696968	0.084848484848485062	0.024242424242424288	0.21818181818181825
849	5	-0.060606060606060552	0.096969696969697039	-0.09696969696969715	0.012121212121212199	0.060606060606060774	-0.024242424242424399	-0.060606060606060663	0.1575757575757577	0.084848484848484951	0.024242424242424288	0.060606060606060552	0.096969696969697039	0.09696969696969715	0.012121212121212199	0.060606060606060774	0.024242424242424399	0.060606060606060663	0.1575757575757577	0.084848484848484951	0.024242424242424288	0.1575757575757577
850	5	-0.096969696969697039	-0.036363636363636376	-0.1575757575757577	-0.09696969696969715	-0.048484848484848575	0.060606060606060774	-0.084848484848484951	0.096969696969696928	-0.024242424242424399	0.024242424242424176	0.096969696969697039	0.036363636363636376	0.1575757575757577	0.09696969696969715	0.048484848484848575	0.060606060606060774	0.084848484848484951	0.096969696969696928	0.024242424242424399	0.024242424242424176	0.1575757575757577
851	6	-0.13333333333333341	-0.1333333333333333	-0.024242424242424288	0.012121212121212199	-0.07272727272727264	0.13333333333333341	0.012121212121212088	0.096969696969696928	-0.012121212121211977	0.024242424242424176	0.13333333333333341	0.1333333333333333	0.024242424242424288	0.012121212121212199	0.07272727272727264	0.13333333333333341	0.012121212121212088	0.096969696969696928	0.012121212121211977	0.024242424242424176	0.13333333333333341
852	5	-0.07272727272727264	0.07272727272727264	-0.19393939393939408	-0.096969696969696928	0	-0.084848484848484951	-0.13333333333333319	0.14545454545454539	0.07272727272727264	0.024242424242424288	0.07272727272727264	0.07272727272727264	0.19393939393939408	0.096969696969696928	0	0.084848484848484951	0.13333333333333319	0.14545454545454539	0.07272727272727264	0.024242424242424288	0.19393939393939408
853	6	-0.10909090909090902	0	-0.08484848484848484	0	-0.024242424242424399	-0.036363636363636487	-0.07272727272727264	0.1575757575757577	0.096969696969696928	0.024242424242424288	0.10909090909090902	0	0.08484848484848484	0	0.024242424242424399	0.036363636363636487	0.07272727272727264	0.1575757575757577	0.096969696969696928	0.024242424242424288	0.1575757575757577
854	6	-0.1575757575757577	-0.18181818181818188	-0.1212121212121211	-0.08484848484848484	-0.13333333333333341	0.060606060606060774	-0.084848484848484951	0.048484848484848464	-0.048484848484848242	0.024242424242424176	0.1575757575757577	0.18181818181818188	0.1212121212121211	0.08484848484848484	0.13333333333333341	0.060606060606060774	0.084848484848484951	0.048484848484848464	0.048484848484848242	0.024242424242424176	0.18181818181818188
855	7	-0.19393939393939408	-0.25454545454545463	0.024242424242424288	0.036363636363636265	-0.1454545454545455	0.1212121212121211	0	0.072727272727272863	-0.012121212121212088	0.024242424242424176	0.19393939393939408	0.25454545454545463	0.024242424242424288	0.036363636363636265	0.1454545454545455	0.1212121212121211	0	0.072727272727272863	0.012121212121212088	0.024242424242424176	0.25454545454545463
856	5	0.060606060606060552	0.048484848484848464	-0.32727272727272727	-0.18181818181818177	0.096969696969696928	0	-0.096969696969696928	-0.096969696969697039	-0.07272727272727264	-0.024242424242424288	0.060606060606060552	0.048484848484848464	0.32727272727272727	0.18181818181818177	0.096969696969696928	0	0.096969696969696928	0.096969696969697039	0.07272727272727264	0.024242424242424288	0.32727272727272727
857	6	0.024242424242424176	-0.024242424242424176	-0.19393939393939397	-0.060606060606060552	0.048484848484848464	0.048484848484848242	-0.036363636363636487	-0.096969696969696928	-0.048484848484848242	-0.024242424242424288	0.024242424242424176	0.024242424242424176	0.19393939393939397	0.060606060606060552	0.048484848484848464	0.048484848484848242	0.036363636363636487	0.096969696969696928	0.048484848484848242	0.024242424242424288	0.19393939393939397
858	6	-0.024242424242424176	-0.21818181818181814	-0.2666666666666665	-0.1696969696969699	-0.024242424242424288	0.18181818181818188	-0.012121212121212088	-0.20606060606060606	-0.20606060606060617	-0.024242424242424176	0.024242424242424176	0.21818181818181814	0.2666666666666665	0.1696969696969699	0.024242424242424288	0.18181818181818188	0.012121212121212088	0.20606060606060606	0.20606060606060617	0.024242424242424176	0.2666666666666665
859	7	-0.060606060606060552	-0.29090909090909078	-0.096969696969696928	-0.024242424242424288	-0.08484848484848484	0.24242424242424254	0.072727272727272751	-0.19393939393939397	-0.16969696969696968	-0.024242424242424176	0.060606060606060552	0.29090909090909078	0.096969696969696928	0.024242424242424288	0.08484848484848484	0.24242424242424254	0.072727272727272751	0.19393939393939397	0.16969696969696968	0.024242424242424176	0.29090909090909078
860	6	-0.024242424242424176	-0.048484848484848242	-0.31515151515151507	-0.18181818181818166	0.024242424242424065	-0.024242424242424399	-0.1212121212121211	-0.10909090909090924	-0.072727272727272863	-0.024242424242424288	0.024242424242424176	0.048484848484848242	0.31515151515151507	0.18181818181818166	0.024242424242424065	0.024242424242424399	0.1212121212121211	0.10909090909090924	0.072727272727272863	0.024242424242424288	0.31515151515151507
861	7	-0.060606060606060552	-0.096969696969697039	-0.16969696969696968	-0.048484848484848464	-0.036363636363636265	0.036363636363636487	-0.048484848484848464	-0.10909090909090902	-0.048484848484848242	-0.024242424242424288	0.060606060606060552	0.096969696969697039	0.16969696969696968	0.048484848484848464	0.036363636363636265	0.036363636363636487	0.048484848484848464	0.10909090909090902	0.048484848484848242	0.024242424242424288	0.16969696969696968
862	7	-0.072727272727272751	-0.31515151515151513	-0.21818181818181814	-0.1333333333333333	-0.10909090909090913	0.13333333333333319	-0.060606060606060774	-0.24242424242424232	-0.21818181818181825	-0.024242424242424176	0.072727272727272751	0.31515151515151513	0.21818181818181814	0.1333333333333333	0.10909090909090913	0.13333333333333319	0.060606060606060774	0.24242424242424232	0.21818181818181825	0.024242424242424176	0.31515151515151513
863	8	-0.10909090909090913	-0.38787878787878782	-0.012121212121212199	0.048484848484848464	-0.18181818181818199	0.20606060606060594	0.036363636363636376	-0.23030303030303023	-0.18181818181818177	-0.024242424242424176	0.10909090909090913	0.38787878787878782	0.012121212121212199	0.048484848484848464	0.18181818181818199	0.20606060606060594	0.036363636363636376	0.23030303030303023	0.18181818181818177	0.024242424242424176	0.38787878787878782
864	4	-0.024242424242424176	0.20606060606060606	-0.20606060606060617	-0.1696969696969699	0.15757575757575748	-0.19393939393939397	-0.21818181818181814	0.072727272727272751	0.012121212121212199	0.012121212121212088	0.024242424242424176	0.20606060606060606	0.20606060606060617	0.1696969696969699	0.15757575757575748	0.19393939393939397	0.21818181818181814	0.072727272727272751	0.012121212121212199	0.012121212121212088	0.21818181818181814
865	5	-0.060606060606060552	0.08484848484848484	-0.084848484848485062	-0.060606060606060663	0.10909090909090902	-0.13333333333333319	-0.1454545454545455	0.060606060606060663	0.012121212121212088	0.012121212121212088	0.060606060606060552	0.08484848484848484	0.084848484848485062	0.060606060606060663	0.10909090909090902	0.13333333333333319	0.1454545454545455	0.060606060606060663	0.012121212121212088	0.012121212121212088	0.1454545454545455
866	5	-0.096969696969696817	-0.048484848484848464	-0.1454545454545455	-0.1696969696969699	0.036363636363636265	-0.036363636363636487	-0.16969696969696968	0.012121212121212088	-0.072727272727272863	0.012121212121212088	0.096969696969696817	0.048484848484848464	0.1454545454545455	0.1696969696969699	0.036363636363636265	0.036363636363636487	0.16969696969696968	0.012121212121212088	0.072727272727272863	0.012121212121212088	0.1696969696969699
867	6	-0.13333333333333319	-0.14545454545454539	-0.012121212121212088	-0.060606060606060552	0	0.036363636363636376	-0.07272727272727264	0.012121212121212088	-0.060606060606060552	0.012121212121212088	0.13333333333333319	0.14545454545454539	0.012121212121212088	0.060606060606060552	0	0.036363636363636376	0.07272727272727264	0.012121212121212088	0.060606060606060552	0.012121212121212088	0.14545454545454539
868	5	-0.07272727272727264	0.060606060606060552	-0.18181818181818199	-0.15757575757575748	0.060606060606060552	-0.18181818181818177	-0.20606060606060606	0.060606060606060663	0.012121212121212088	0.012121212121212088	0.07272727272727264	0.060606060606060552	0.18181818181818199	0.15757575757575748	0.060606060606060552	0.18181818181818177	0.20606060606060606	0.060606060606060663	0.012121212121212088	0.012121212121212088	0.20606060606060606
869	6	-0.10909090909090913	-0.012121212121211977	-0.07272727272727264	-0.060606060606060552	0.024242424242424176	-0.13333333333333319	-0.1454545454545455	0.072727272727272751	0.036363636363636154	0.012121212121212088	0.10909090909090913	0.012121212121211977	0.07272727272727264	0.060606060606060552	0.024242424242424176	0.13333333333333319	0.1454545454545455	0.072727272727272751	0.036363636363636154	0.012121212121212088	0.1454545454545455
870	6	-0.15757575757575748	-0.19393939393939386	-0.10909090909090902	-0.16969696969696968	-0.048484848484848575	-0.024242424242424399	-0.15757575757575759	-0.024242424242424288	-0.084848484848484951	0.012121212121212088	0.15757575757575748	0.19393939393939386	0.10909090909090902	0.16969696969696968	0.048484848484848575	0.024242424242424399	0.15757575757575759	0.024242424242424288	0.084848484848484951	0.012121212121212088	0.19393939393939386
871	7	-0.19393939393939386	-0.26666666666666661	0.036363636363636487	-0.048484848484848575	-0.07272727272727264	0.036363636363636376	-0.07272727272727264	0	-0.048484848484848464	0.012121212121212088	0.19393939393939386	0.26666666666666661	0.036363636363636487	0.048484848484848575	0.07272727272727264	0.036363636363636376	0.07272727272727264	0	0.048484848484848464	0.012121212121212088	0.26666666666666661
872	5	0.08484848484848484	0.036363636363636265	-0.31515151515151518	-0.21818181818181814	0.13333333333333341	-0.1333333333333333	-0.18181818181818166	-0.18181818181818166	-0.14545454545454539	-0.036363636363636376	0.08484848484848484	0.036363636363636265	0.31515151515151518	0.21818181818181814	0.13333333333333341	0.1333333333333333	0.18181818181818166	0.18181818181818166	0.14545454545454539	0.036363636363636376	0.31515151515151518
873	6	0.048484848484848464	-0.036363636363636376	-0.18181818181818177	-0.096969696969697039	0.096969696969697039	-0.084848484848485062	-0.12121212121212122	-0.18181818181818188	-0.1212121212121211	-0.036363636363636376	0.048484848484848464	0.036363636363636376	0.18181818181818177	0.096969696969697039	0.096969696969697039	0.084848484848485062	0.12121212121212122	0.18181818181818188	0.1212121212121211	0.036363636363636376	0.18181818181818188
874	6	0	-0.20606060606060594	-0.25454545454545441	-0.23030303030303045	0.060606060606060552	0.060606060606060663	-0.12121212121212122	-0.2787878787878787	-0.25454545454545463	-0.036363636363636265	0	0.20606060606060594	0.25454545454545441	0.23030303030303045	0.060606060606060552	0.060606060606060663	0.12121212121212122	0.2787878787878787	0.25454545454545463	0.036363636363636265	0.2787878787878787
875	7	-0.036363636363636376	-0.2787878787878787	-0.08484848484848484	-0.08484848484848484	0.012121212121212088	0.12121212121212133	-0.036363636363636376	-0.26666666666666672	-0.21818181818181814	-0.036363636363636265	0.036363636363636376	0.2787878787878787	0.08484848484848484	0.08484848484848484	0.012121212121212088	0.12121212121212133	0.036363636363636376	0.26666666666666672	0.21818181818181814	0.036363636363636265	0.2787878787878787
876	6	0	-0.084848484848484951	-0.30303030303030287	-0.20606060606060617	0.060606060606060552	-0.1454545454545455	-0.19393939393939408	-0.18181818181818199	-0.13333333333333341	-0.036363636363636376	0	0.084848484848484951	0.30303030303030287	0.20606060606060617	0.060606060606060552	0.1454545454545455	0.19393939393939408	0.18181818181818199	0.13333333333333341	0.036363636363636376	0.30303030303030287
877	7	-0.036363636363636376	-0.13333333333333319	-0.15757575757575759	-0.07272727272727264	0.01212121212121231	-0.084848484848484729	-0.1212121212121211	-0.18181818181818177	-0.10909090909090913	-0.036363636363636376	0.036363636363636376	0.13333333333333319	0.15757575757575759	0.07272727272727264	0.01212121212121231	0.084848484848484729	0.1212121212121211	0.18181818181818177	0.10909090909090913	0.036363636363636376	0.18181818181818177
878	7	-0.048484848484848464	-0.32727272727272727	-0.20606060606060594	-0.20606060606060594	-0.024242424242424065	0.024242424242424176	-0.1575757575757577	-0.30303030303030309	-0.25454545454545452	-0.036363636363636265	0.048484848484848464	0.32727272727272727	0.20606060606060594	0.20606060606060594	0.024242424242424065	0.024242424242424176	0.1575757575757577	0.30303030303030309	0.25454545454545452	0.036363636363636265	0.32727272727272727
879	8	-0.08484848484848484	-0.39999999999999991	0	-0.024242424242424176	-0.08484848484848484	0.096969696969696928	-0.060606060606060552	-0.29090909090909078	-0.21818181818181814	-0.036363636363636265	0.08484848484848484	0.39999999999999991	0	0.024242424242424176	0.08484848484848484	0.096969696969696928	0.060606060606060552	0.29090909090909078	0.21818181818181814	0.036363636363636265	0.39999999999999991
880	5	-0.18181818181818177	0.10909090909090902	-0.31515151515151518	-0.20606060606060594	0.072727272727272863	-0.19393939393939397	-0.27878787878787881	0	-0.10909090909090913	-0.024242424242424288	0.18181818181818177	0.10909090909090902	0.31515151515151518	0.20606060606060594	0.072727272727272863	0.19393939393939397	0.27878787878787881	0	0.10909090909090913	0.024242424242424288	0.31515151515151518
881	6	-0.21818181818181825	-0.012121212121212088	-0.19393939393939386	-0.09696969696969715	0.036363636363636376	-0.13333333333333319	-0.20606060606060617	0	-0.096969696969697039	-0.024242424242424288	0.21818181818181825	0.012121212121212088	0.19393939393939386	0.09696969696969715	0.036363636363636376	0.13333333333333319	0.20606060606060617	0	0.096969696969697039	0.024242424242424288	0.21818181818181825
882	6	-0.24242424242424232	-0.19393939393939397	-0.24242424242424243	-0.19393939393939386	-0.060606060606060663	-0.048484848484848575	-0.26666666666666661	-0.08484848484848484	-0.23030303030303045	-0.048484848484848464	0.24242424242424232	0.19393939393939397	0.24242424242424243	0.19393939393939386	0.060606060606060663	0.048484848484848575	0.26666666666666661	0.08484848484848484	0.23030303030303045	0.048484848484848464	0.26666666666666661
883	7	-0.27878787878787881	-0.29090909090909089	-0.10909090909090924	-0.08484848484848484	-0.084848484848484951	0.024242424242424288	-0.16969696969696968	-0.07272727272727264	-0.20606060606060617	-0.048484848484848464	0.27878787878787881	0.29090909090909089	0.10909090909090924	0.08484848484848484	0.084848484848484951	0.024242424242424288	0.16969696969696968	0.07272727272727264	0.20606060606060617	0.048484848484848464	0.29090909090909089
884	6	-0.21818181818181825	-0.024242424242424288	-0.27878787878787881	-0.18181818181818177	-0.024242424242424399	-0.19393939393939397	-0.27878787878787881	-0.024242424242424176	-0.12121212121212133	-0.024242424242424288	0.21818181818181825	0.024242424242424288	0.27878787878787881	0.18181818181818177	0.024242424242424399	0.19393939393939397	0.27878787878787881	0.024242424242424176	0.12121212121212133	0.024242424242424288	0.27878787878787881
885	7	-0.25454545454545463	-0.096969696969696928	-0.16969696969696979	-0.08484848484848484	-0.048484848484848464	-0.14545454545454539	-0.21818181818181825	0	-0.084848484848484951	-0.024242424242424288	0.25454545454545463	0.096969696969696928	0.16969696969696979	0.08484848484848484	0.048484848484848464	0.14545454545454539	0.21818181818181825	0	0.084848484848484951	0.024242424242424288	0.25454545454545463
886	7	-0.29090909090909089	-0.32727272727272722	-0.19393939393939397	-0.18181818181818188	-0.1454545454545455	-0.048484848484848575	-0.26666666666666661	-0.13333333333333341	-0.25454545454545463	-0.048484848484848464	0.29090909090909089	0.32727272727272722	0.19393939393939397	0.18181818181818188	0.1454545454545455	0.048484848484848575	0.26666666666666661	0.13333333333333341	0.25454545454545463	0.048484848484848464	0.32727272727272722
887	8	-0.32727272727272727	-0.39999999999999991	-0.048484848484848464	-0.060606060606060552	-0.15757575757575759	0.01212121212121231	-0.18181818181818177	-0.096969696969696928	-0.20606060606060606	-0.048484848484848464	0.32727272727272727	0.39999999999999991	0.048484848484848464	0.060606060606060552	0.15757575757575759	0.01212121212121231	0.18181818181818177	0.096969696969696928	0.20606060606060606	0.048484848484848464	0.39999999999999991
888	6	-0.12121212121212122	-0.060606060606060663	-0.47272727272727277	-0.30303030303030309	0.07272727272727264	-0.1333333333333333	-0.2787878787878787	-0.26666666666666661	-0.26666666666666672	-0.07272727272727264	0.12121212121212122	0.060606060606060663	0.47272727272727277	0.30303030303030309	0.07272727272727264	0.1333333333333333	0.2787878787878787	0.26666666666666661	0.26666666666666672	0.07272727272727264	0.47272727272727277
889	7	-0.15757575757575748	-0.1333333333333333	-0.3393939393939393	-0.18181818181818177	0.024242424242424176	-0.084848484848485062	-0.21818181818181814	-0.2787878787878787	-0.25454545454545452	-0.07272727272727264	0.15757575757575748	0.1333333333333333	0.3393939393939393	0.18181818181818177	0.024242424242424176	0.084848484848485062	0.21818181818181814	0.2787878787878787	0.25454545454545452	0.07272727272727264	0.3393939393939393
890	7	-0.19393939393939386	-0.37575757575757568	-0.40000000000000008	-0.30303030303030298	-0.036363636363636376	0.048484848484848464	-0.25454545454545452	-0.412121212121212	-0.4363636363636364	-0.096969696969697039	0.19393939393939386	0.37575757575757568	0.40000000000000008	0.30303030303030298	0.036363636363636376	0.048484848484848464	0.25454545454545452	0.412121212121212	0.4363636363636364	0.096969696969697039	0.4363636363636364
891	8	-0.23030303030303034	-0.44848484848484838	-0.23030303030303029	-0.15757575757575759	-0.096969696969696928	0.10909090909090913	-0.16969696969696968	-0.41212121212121205	-0.412121212121212	-0.096969696969697039	0.23030303030303034	0.44848484848484838	0.23030303030303029	0.15757575757575759	0.096969696969696928	0.10909090909090913	0.16969696969696968	0.41212121212121205	0.412121212121212	0.096969696969697039	0.44848484848484838
892	7	-0.19393939393939386	-0.14545454545454539	-0.44848484848484854	-0.27878787878787881	0	-0.1575757575757577	-0.30303030303030309	-0.27878787878787881	-0.26666666666666661	-0.07272727272727264	0.19393939393939386	0.14545454545454539	0.44848484848484854	0.27878787878787881	0	0.1575757575757577	0.30303030303030309	0.27878787878787881	0.26666666666666661	0.07272727272727264	0.44848484848484854
893	8	-0.23030303030303034	-0.19393939393939386	-0.30303030303030304	-0.1454545454545455	-0.060606060606060663	-0.096969696969696928	-0.23030303030303023	-0.29090909090909101	-0.25454545454545452	-0.07272727272727264	0.23030303030303034	0.19393939393939386	0.30303030303030304	0.1454545454545455	0.060606060606060663	0.096969696969696928	0.23030303030303023	0.29090909090909101	0.25454545454545452	0.07272727272727264	0.30303030303030304
894	8	-0.23030303030303029	-0.46060606060606052	-0.3393939393939393	-0.26666666666666661	-0.12121212121212122	0	-0.30303030303030309	-0.44848484848484854	-0.44848484848484838	-0.096969696969697039	0.23030303030303029	0.46060606060606052	0.3393939393939393	0.26666666666666661	0.12121212121212122	0	0.30303030303030309	0.44848484848484854	0.44848484848484838	0.096969696969697039	0.46060606060606052
895	9	-0.26666666666666666	-0.53333333333333333	-0.13333333333333336	-0.08484848484848484	-0.19393939393939397	0.072727272727272751	-0.20606060606060594	-0.44848484848484838	-0.42424242424242414	-0.096969696969697039	0.26666666666666666	0.53333333333333333	0.13333333333333336	0.08484848484848484	0.19393939393939397	0.072727272727272751	0.20606060606060594	0.44848484848484838	0.42424242424242414	0.096969696969697039	0.53333333333333333
896	3	0.21818181818181814	0.29090909090909089	0.21818181818181814	0.31515151515151507	0.012121212121212088	-0.096969696969697039	0.07272727272727264	0.1575757575757577	0.24242424242424243	0.08484848484848484	0.21818181818181814	0.29090909090909089	0.21818181818181814	0.31515151515151507	0.012121212121212088	0.096969696969697039	0.07272727272727264	0.1575757575757577	0.24242424242424243	0.08484848484848484	0.31515151515151507
897	4	0.19393939393939397	0.19393939393939386	0.33939393939393936	0.43636363636363623	-0.024242424242424065	-0.060606060606060774	0.1212121212121211	0.13333333333333341	0.21818181818181825	0.08484848484848484	0.19393939393939397	0.19393939393939386	0.33939393939393936	0.43636363636363623	0.024242424242424065	0.060606060606060774	0.1212121212121211	0.13333333333333341	0.21818181818181825	0.08484848484848484	0.43636363636363623
898	4	0.12121212121212122	0.036363636363636376	0.32727272727272716	0.30303030303030287	-0.096969696969696928	0.012121212121212088	0.12121212121212122	0.048484848484848464	0.12121212121212133	0.048484848484848464	0.12121212121212122	0.036363636363636376	0.32727272727272716	0.30303030303030287	0.096969696969696928	0.012121212121212088	0.12121212121212122	0.048484848484848464	0.12121212121212133	0.048484848484848464	0.32727272727272716
899	5	0.09696969696969715	-0.036363636363636487	0.43636363636363629	0.40000000000000002	-0.12121212121212122	0.084848484848484951	0.19393939393939397	0.060606060606060552	0.1333333333333333	0.048484848484848464	0.09696969696969715	0.036363636363636487	0.43636363636363629	0.40000000000000002	0.12121212121212122	0.084848484848484951	0.19393939393939397	0.060606060606060552	0.1333333333333333	0.048484848484848464	0.43636363636363629
900	4	0.13333333333333341	0.15757575757575759	0.2787878787878787	0.32727272727272716	-0.084848484848484729	-0.1212121212121211	0.048484848484848464	0.1333333333333333	0.23030303030303034	0.08484848484848484	0.13333333333333341	0.15757575757575759	0.2787878787878787	0.32727272727272716	0.084848484848484729	0.1212121212121211	0.048484848484848464	0.1333333333333333	0.23030303030303034	0.08484848484848484	0.32727272727272716
901	5	0.10909090909090902	0.08484848484848484	0.38787878787878793	0.43636363636363645	-0.10909090909090902	-0.096969696969696928	0.084848484848484729	0.10909090909090913	0.20606060606060617	0.08484848484848484	0.10909090909090902	0.08484848484848484	0.38787878787878793	0.43636363636363645	0.10909090909090902	0.096969696969696928	0.084848484848484729	0.10909090909090913	0.20606060606060617	0.08484848484848484	0.43636363636363645
902	5	0.024242424242424288	-0.096969696969696928	0.35151515151515156	0.32727272727272716	-0.18181818181818188	0.012121212121211977	0.12121212121212133	0.048484848484848464	0.1212121212121211	0.048484848484848464	0.024242424242424288	0.096969696969696928	0.35151515151515156	0.32727272727272716	0.18181818181818188	0.012121212121211977	0.12121212121212133	0.048484848484848464	0.1212121212121211	0.048484848484848464	0.35151515151515156
903	6	0	-0.16969696969696968	0.47272727272727277	0.4363636363636364	-0.19393939393939397	0.072727272727272863	0.18181818181818177	0.060606060606060552	0.1333333333333333	0.048484848484848464	0	0.16969696969696968	0.47272727272727277	0.4363636363636364	0.19393939393939397	0.072727272727272863	0.18181818181818177	0.060606060606060552	0.1333333333333333	0.048484848484848464	0.47272727272727277
904	4	0.31515151515151507	0.12121212121212133	0.18181818181818177	0.25454545454545441	0.036363636363636376	-0.036363636363636376	0.07272727272727264	-0.12121212121212122	0.072727272727272863	0.012121212121211977	0.31515151515151507	0.12121212121212133	0.18181818181818177	0.25454545454545441	0.036363636363636376	0.036363636363636376	0.07272727272727264	0.12121212121212122	0.072727272727272863	0.012121212121211977	0.31515151515151507
905	5	0.29090909090909078	0.048484848484848464	0.29090909090909078	0.36363636363636365	0.012121212121211977	-0.012121212121211977	0.10909090909090902	-0.10909090909090902	0.1212121212121211	0.012121212121211977	0.29090909090909078	0.048484848484848464	0.29090909090909078	0.36363636363636365	0.012121212121211977	0.012121212121211977	0.10909090909090902	0.10909090909090902	0.1212121212121211	0.012121212121211977	0.36363636363636365
906	5	0.18181818181818199	-0.12121212121212122	0.26666666666666683	0.25454545454545463	-0.048484848484848464	0.10909090909090924	0.18181818181818188	-0.21818181818181803	-0.048484848484848464	-0.024242424242424176	0.18181818181818199	0.12121212121212122	0.26666666666666683	0.25454545454545463	0.048484848484848464	0.10909090909090924	0.18181818181818188	0.21818181818181803	0.048484848484848464	0.024242424242424176	0.26666666666666683
907	6	0.15757575757575759	-0.19393939393939397	0.38787878787878793	0.36363636363636365	-0.08484848484848484	0.16969696969696979	0.24242424242424243	-0.16969696969696968	0.036363636363636376	-0.024242424242424176	0.15757575757575759	0.19393939393939397	0.38787878787878793	0.36363636363636365	0.08484848484848484	0.16969696969696979	0.24242424242424243	0.16969696969696968	0.036363636363636376	0.024242424242424176	0.38787878787878793
908	5	0.21818181818181825	-0.012121212121212088	0.23030303030303045	0.24242424242424232	-0.060606060606060552	-0.060606060606060552	0.048484848484848464	-0.1333333333333333	0.072727272727272863	0.012121212121211977	0.21818181818181825	0.012121212121212088	0.23030303030303045	0.24242424242424232	0.060606060606060552	0.060606060606060552	0.048484848484848464	0.1333333333333333	0.072727272727272863	0.012121212121211977	0.24242424242424232
909	6	0.19393939393939386	-0.08484848484848484	0.35151515151515156	0.36363636363636365	-0.096969696969696817	-0.024242424242424288	0.096969696969697039	-0.1454545454545455	0.096969696969696928	0.012121212121211977	0.19393939393939386	0.08484848484848484	0.35151515151515156	0.36363636363636365	0.096969696969696817	0.024242424242424288	0.096969696969697039	0.1454545454545455	0.096969696969696928	0.012121212121211977	0.36363636363636365
910	6	0.12121212121212122	-0.25454545454545452	0.30303030303030309	0.27878787878787892	-0.1575757575757577	0.084848484848484951	0.15757575757575759	-0.20606060606060594	-0.036363636363636487	-0.024242424242424176	0.12121212121212122	0.25454545454545452	0.30303030303030309	0.27878787878787892	0.1575757575757577	0.084848484848484951	0.15757575757575759	0.20606060606060594	0.036363636363636487	0.024242424242424176	0.30303030303030309
911	7	0.096969696969696928	-0.35151515151515145	0.46060606060606063	0.4242424242424242	-0.20606060606060617	0.1575757575757577	0.23030303030303034	-0.18181818181818177	0.024242424242424288	-0.024242424242424176	0.096969696969696928	0.35151515151515145	0.46060606060606063	0.4242424242424242	0.20606060606060617	0.1575757575757577	0.23030303030303034	0.18181818181818177	0.024242424242424288	0.024242424242424176	0.46060606060606063
912	4	0.08484848484848484	0.21818181818181814	0.15757575757575748	0.29090909090909089	-0.060606060606060552	-0.10909090909090913	-0.012121212121212088	0.060606060606060552	0.096969696969696928	0.024242424242424288	0.08484848484848484	0.21818181818181814	0.15757575757575748	0.29090909090909089	0.060606060606060552	0.10909090909090913	0.012121212121212088	0.060606060606060552	0.096969696969696928	0.024242424242424288	0.29090909090909089
913	5	0.060606060606060663	0.12121212121212122	0.2787878787878787	0.41212121212121205	-0.084848484848484951	-0.07272727272727264	0.036363636363636487	0.048484848484848464	0.084848484848484951	0.024242424242424288	0.060606060606060663	0.12121212121212122	0.2787878787878787	0.41212121212121205	0.084848484848484951	0.07272727272727264	0.036363636363636487	0.048484848484848464	0.084848484848484951	0.024242424242424288	0.41212121212121205
914	5	-0.024242424242424176	-0.012121212121212088	0.25454545454545452	0.26666666666666661	-0.18181818181818188	0.012121212121211977	0.072727272727272863	-0.048484848484848575	-0.012121212121212088	0.012121212121212088	0.024242424242424176	0.012121212121212088	0.25454545454545452	0.26666666666666661	0.18181818181818188	0.012121212121211977	0.072727272727272863	0.048484848484848575	0.012121212121212088	0.012121212121212088	0.26666666666666661
915	6	-0.048484848484848464	-0.084848484848484729	0.36363636363636365	0.36363636363636359	-0.19393939393939386	0.084848484848484951	0.1454545454545455	-0.024242424242424288	0.012121212121212088	0.012121212121212088	0.048484848484848464	0.084848484848484729	0.36363636363636365	0.36363636363636359	0.19393939393939386	0.084848484848484951	0.1454545454545455	0.024242424242424288	0.012121212121212088	0.012121212121212088	0.36363636363636365
916	5	-0.012121212121212199	0.072727272727272751	0.20606060606060606	0.29090909090909095	-0.1575757575757577	-0.12121212121212133	-0.024242424242424176	0.048484848484848464	0.096969696969697039	0.024242424242424288	0.012121212121212199	0.072727272727272751	0.20606060606060606	0.29090909090909095	0.1575757575757577	0.12121212121212133	0.024242424242424176	0.048484848484848464	0.096969696969697039	0.024242424242424288	0.29090909090909095
917	6	-0.036363636363636376	0	0.31515151515151507	0.39999999999999991	-0.16969696969696968	-0.096969696969697039	0.012121212121212088	0.036363636363636376	0.084848484848484729	0.024242424242424288	0.036363636363636376	0	0.31515151515151507	0.39999999999999991	0.16969696969696968	0.096969696969697039	0.012121212121212088	0.036363636363636376	0.084848484848484729	0.024242424242424288	0.39999999999999991
918	6	-0.1333333333333333	-0.15757575757575759	0.26666666666666661	0.27878787878787875	-0.26666666666666672	0.024242424242424399	0.084848484848484951	-0.036363636363636376	0	0.012121212121212088	0.1333333333333333	0.15757575757575759	0.26666666666666661	0.27878787878787875	0.26666666666666672	0.024242424242424399	0.084848484848484951	0.036363636363636376	0	0.012121212121212088	0.27878787878787875
919	7	-0.1575757575757577	-0.23030303030303023	0.38787878787878782	0.38787878787878782	-0.26666666666666661	0.084848484848484729	0.1454545454545455	-0.012121212121212088	0.024242424242424176	0.012121212121212088	0.1575757575757577	0.23030303030303023	0.38787878787878782	0.38787878787878782	0.26666666666666661	0.084848484848484729	0.1454545454545455	0.012121212121212088	0.024242424242424176	0.012121212121212088	0.38787878787878782
920	5	0.18181818181818177	0.048484848484848464	0.12121212121212122	0.23030303030303023	-0.060606060606060552	-0.048484848484848464	0	-0.20606060606060617	-0.048484848484848464	-0.048484848484848575	0.18181818181818177	0.048484848484848464	0.12121212121212122	0.23030303030303023	0.060606060606060552	0.048484848484848464	0	0.20606060606060617	0.048484848484848464	0.048484848484848575	0.23030303030303023
921	6	0.15757575757575759	-0.024242424242424176	0.23030303030303023	0.3393939393939393	-0.096969696969696928	-0.024242424242424399	0.036363636363636376	-0.20606060606060606	-0.01212121212121231	-0.048484848484848575	0.15757575757575759	0.024242424242424176	0.23030303030303023	0.3393939393939393	0.096969696969696928	0.024242424242424399	0.036363636363636376	0.20606060606060606	0.01212121212121231	0.048484848484848575	0.3393939393939393
922	6	0.036363636363636376	-0.19393939393939397	0.19393939393939386	0.21818181818181814	-0.18181818181818177	0.10909090909090913	0.14545454545454539	-0.32727272727272716	-0.18181818181818177	-0.060606060606060552	0.036363636363636376	0.19393939393939397	0.19393939393939386	0.21818181818181814	0.18181818181818177	0.10909090909090913	0.14545454545454539	0.32727272727272716	0.18181818181818177	0.060606060606060552	0.32727272727272716
923	7	0.012121212121212088	-0.2666666666666665	0.31515151515151507	0.32727272727272727	-0.23030303030303023	0.16969696969696979	0.20606060606060594	-0.29090909090909084	-0.10909090909090913	-0.060606060606060552	0.012121212121212088	0.2666666666666665	0.31515151515151507	0.32727272727272727	0.23030303030303023	0.16969696969696979	0.20606060606060594	0.29090909090909084	0.10909090909090913	0.060606060606060552	0.32727272727272727
924	6	0.072727272727272751	-0.072727272727272751	0.15757575757575748	0.20606060606060594	-0.1575757575757577	-0.060606060606060774	-0.012121212121212088	-0.20606060606060606	-0.036363636363636154	-0.048484848484848575	0.072727272727272751	0.072727272727272751	0.15757575757575748	0.20606060606060594	0.1575757575757577	0.060606060606060774	0.012121212121212088	0.20606060606060606	0.036363636363636154	0.048484848484848575	0.20606060606060606
925	7	0.048484848484848575	-0.1454545454545455	0.2787878787878787	0.32727272727272727	-0.20606060606060617	-0.024242424242424399	0.036363636363636376	-0.23030303030303023	-0.024242424242424288	-0.048484848484848575	0.048484848484848575	0.1454545454545455	0.2787878787878787	0.32727272727272727	0.20606060606060617	0.024242424242424399	0.036363636363636376	0.23030303030303023	0.024242424242424288	0.048484848484848575	0.32727272727272727
926	7	-0.036363636363636376	-0.31515151515151518	0.21818181818181814	0.23030303030303034	-0.29090909090909078	0.096969696969697039	0.13333333333333319	-0.30303030303030298	-0.15757575757575759	-0.060606060606060552	0.036363636363636376	0.31515151515151518	0.21818181818181814	0.23030303030303034	0.29090909090909078	0.096969696969697039	0.13333333333333319	0.30303030303030298	0.15757575757575759	0.060606060606060552	0.31515151515151518
927	8	-0.060606060606060552	-0.41212121212121205	0.37575757575757562	0.37575757575757573	-0.35151515151515145	0.16969696969696979	0.20606060606060594	-0.29090909090909078	-0.10909090909090902	-0.060606060606060552	0.060606060606060552	0.41212121212121205	0.37575757575757562	0.37575757575757573	0.35151515151515145	0.16969696969696979	0.20606060606060594	0.29090909090909078	0.10909090909090902	0.060606060606060552	0.41212121212121205
928	4	0.10909090909090913	0.19393939393939386	0.1454545454545455	0.18181818181818177	-0.012121212121212088	-0.19393939393939397	-0.084848484848484951	-0.012121212121212088	0.048484848484848464	0.012121212121212199	0.10909090909090913	0.19393939393939386	0.1454545454545455	0.18181818181818177	0.012121212121212088	0.19393939393939397	0.084848484848484951	0.012121212121212088	0.048484848484848464	0.012121212121212199	0.19393939393939397
929	5	0.08484848484848484	0.096969696969696928	0.26666666666666672	0.30303030303030309	-0.048484848484848464	-0.15757575757575759	-0.036363636363636487	-0.024242424242424288	0.036363636363636265	0.012121212121212199	0.08484848484848484	0.096969696969696928	0.26666666666666672	0.30303030303030309	0.048484848484848464	0.15757575757575759	0.036363636363636487	0.024242424242424288	0.036363636363636265	0.012121212121212199	0.30303030303030309
930	5	0	-0.060606060606060663	0.24242424242424254	0.20606060606060606	-0.13333333333333319	-0.084848484848484951	-0.024242424242424399	-0.1333333333333333	-0.08484848484848484	0	0	0.060606060606060663	0.24242424242424254	0.20606060606060606	0.13333333333333319	0.084848484848484951	0.024242424242424399	0.1333333333333333	0.08484848484848484	0	0.24242424242424254
931	6	-0.024242424242424288	-0.1333333333333333	0.35151515151515156	0.30303030303030309	-0.15757575757575759	-0.012121212121212088	0.048484848484848464	-0.10909090909090913	-0.060606060606060663	0	0.024242424242424288	0.1333333333333333	0.35151515151515156	0.30303030303030309	0.15757575757575759	0.012121212121212088	0.048484848484848464	0.10909090909090913	0.060606060606060663	0	0.35151515151515156
932	5	0.012121212121212199	0.048484848484848464	0.19393939393939397	0.19393939393939408	-0.10909090909090902	-0.21818181818181825	-0.10909090909090924	-0.036363636363636265	0.036363636363636376	0.012121212121212199	0.012121212121212199	0.048484848484848464	0.19393939393939397	0.19393939393939408	0.10909090909090902	0.21818181818181825	0.10909090909090924	0.036363636363636265	0.036363636363636376	0.012121212121212199	0.21818181818181825
933	6	-0.012121212121212199	-0.024242424242424288	0.30303030303030309	0.30303030303030309	-0.13333333333333319	-0.19393939393939397	-0.072727272727272863	-0.048484848484848464	0.024242424242424288	0.012121212121212199	0.012121212121212199	0.024242424242424288	0.30303030303030309	0.30303030303030309	0.13333333333333319	0.19393939393939397	0.072727272727272863	0.048484848484848464	0.024242424242424288	0.012121212121212199	0.30303030303030309
934	6	-0.10909090909090913	-0.20606060606060606	0.25454545454545441	0.20606060606060606	-0.21818181818181825	-0.084848484848484951	-0.024242424242424176	-0.1333333333333333	-0.084848484848485062	0	0.10909090909090913	0.20606060606060606	0.25454545454545441	0.20606060606060606	0.21818181818181825	0.084848484848484951	0.024242424242424176	0.1333333333333333	0.084848484848485062	0	0.25454545454545441
935	7	-0.13333333333333341	-0.2787878787878787	0.37575757575757562	0.31515151515151529	-0.23030303030303034	-0.024242424242424065	0.036363636363636487	-0.10909090909090902	-0.060606060606060552	0	0.13333333333333341	0.2787878787878787	0.37575757575757562	0.31515151515151529	0.23030303030303034	0.024242424242424065	0.036363636363636487	0.10909090909090902	0.060606060606060552	0	0.37575757575757562
936	5	0.18181818181818177	0.024242424242424176	0.10909090909090902	0.15757575757575759	0.01212121212121231	-0.15757575757575759	-0.07272727272727264	-0.29090909090909101	-0.12121212121212133	-0.060606060606060663	0.18181818181818177	0.024242424242424176	0.10909090909090902	0.15757575757575759	0.01212121212121231	0.15757575757575759	0.07272727272727264	0.29090909090909101	0.12121212121212133	0.060606060606060663	0.29090909090909101
937	6	0.15757575757575759	-0.048484848484848464	0.21818181818181814	0.26666666666666672	-0.01212121212121231	-0.13333333333333341	-0.036363636363636487	-0.29090909090909089	-0.08484848484848484	-0.060606060606060663	0.15757575757575759	0.048484848484848464	0.21818181818181814	0.26666666666666672	0.01212121212121231	0.13333333333333341	0.036363636363636487	0.29090909090909089	0.08484848484848484	0.060606060606060663	0.29090909090909089
938	6	0.036363636363636376	-0.21818181818181814	0.18181818181818177	0.16969696969696968	-0.08484848484848484	-0.01212121212121231	0.024242424242424176	-0.42424242424242431	-0.27878787878787881	-0.072727272727272863	0.036363636363636376	0.21818181818181814	0.18181818181818177	0.16969696969696968	0.08484848484848484	0.01212121212121231	0.024242424242424176	0.42424242424242431	0.27878787878787881	0.072727272727272863	0.42424242424242431
939	7	0.012121212121212088	-0.29090909090909078	0.30303030303030287	0.27878787878787892	-0.12121212121212122	0.048484848484848464	0.08484848484848484	-0.38787878787878782	-0.20606060606060594	-0.072727272727272863	0.012121212121212088	0.29090909090909078	0.30303030303030287	0.27878787878787892	0.12121212121212122	0.048484848484848464	0.08484848484848484	0.38787878787878782	0.20606060606060594	0.072727272727272863	0.38787878787878782
940	6	0.072727272727272751	-0.12121212121212122	0.14545454545454561	0.14545454545454539	-0.084848484848484729	-0.18181818181818177	-0.096969696969696928	-0.30303030303030309	-0.12121212121212122	-0.060606060606060663	0.072727272727272751	0.12121212121212122	0.14545454545454561	0.14545454545454539	0.084848484848484729	0.18181818181818177	0.096969696969696928	0.30303030303030309	0.12121212121212122	0.060606060606060663	0.30303030303030309
941	7	0.048484848484848575	-0.19393939393939386	0.26666666666666661	0.26666666666666661	-0.1212121212121211	-0.1454545454545455	-0.048484848484848575	-0.32727272727272722	-0.10909090909090902	-0.060606060606060663	0.048484848484848575	0.19393939393939386	0.26666666666666661	0.26666666666666661	0.1212121212121211	0.1454545454545455	0.048484848484848575	0.32727272727272722	0.10909090909090902	0.060606060606060663	0.32727272727272722
942	7	-0.036363636363636376	-0.36363636363636376	0.20606060606060594	0.16969696969696957	-0.19393939393939408	-0.036363636363636376	0	-0.41212121212121217	-0.26666666666666661	-0.072727272727272863	0.036363636363636376	0.36363636363636376	0.20606060606060594	0.16969696969696957	0.19393939393939408	0.036363636363636376	0	0.41212121212121217	0.26666666666666661	0.072727272727272863	0.41212121212121217
943	8	-0.060606060606060552	-0.46060606060606052	0.36363636363636376	0.31515151515151502	-0.24242424242424254	0.036363636363636265	0.072727272727272751	-0.39999999999999991	-0.2181818181818182	-0.072727272727272863	0.060606060606060552	0.46060606060606052	0.36363636363636376	0.31515151515151502	0.24242424242424254	0.036363636363636265	0.072727272727272751	0.39999999999999991	0.2181818181818182	0.072727272727272863	0.46060606060606052
944	5	-0.036363636363636376	0.10909090909090902	0.08484848484848484	0.16969696969696968	-0.096969696969696928	-0.21818181818181825	-0.15757575757575759	-0.12121212121212122	-0.096969696969696817	-0.024242424242424288	0.036363636363636376	0.10909090909090902	0.08484848484848484	0.16969696969696968	0.096969696969696928	0.21818181818181825	0.15757575757575759	0.12121212121212122	0.096969696969696817	0.024242424242424288	0.21818181818181825
945	6	-0.060606060606060552	0.012121212121212088	0.20606060606060606	0.29090909090909078	-0.12121212121212122	-0.18181818181818188	-0.10909090909090924	-0.1212121212121211	-0.096969696969697039	-0.024242424242424288	0.060606060606060552	0.012121212121212088	0.20606060606060606	0.29090909090909078	0.12121212121212122	0.18181818181818188	0.10909090909090924	0.1212121212121211	0.096969696969697039	0.024242424242424288	0.29090909090909078
946	6	-0.15757575757575759	-0.1454545454545455	0.16969696969696968	0.18181818181818166	-0.23030303030303034	-0.096969696969697039	-0.084848484848484951	-0.24242424242424232	-0.24242424242424232	-0.036363636363636376	0.15757575757575759	0.1454545454545455	0.16969696969696968	0.18181818181818166	0.23030303030303034	0.096969696969697039	0.084848484848484951	0.24242424242424232	0.24242424242424232	0.036363636363636376	0.24242424242424232
947	7	-0.18181818181818177	-0.21818181818181814	0.2787878787878787	0.27878787878787881	-0.24242424242424243	-0.024242424242424065	-0.012121212121212088	-0.20606060606060617	-0.20606060606060606	-0.036363636363636376	0.18181818181818177	0.21818181818181814	0.2787878787878787	0.27878787878787881	0.24242424242424243	0.024242424242424065	0.012121212121212088	0.20606060606060617	0.20606060606060606	0.036363636363636376	0.27878787878787881
948	6	-0.1454545454545455	-0.024242424242424176	0.12121212121212122	0.16969696969696957	-0.19393939393939408	-0.23030303030303034	-0.16969696969696979	-0.1333333333333333	-0.096969696969696928	-0.024242424242424288	0.1454545454545455	0.024242424242424176	0.12121212121212122	0.16969696969696957	0.19393939393939408	0.23030303030303034	0.16969696969696979	0.1333333333333333	0.096969696969696928	0.024242424242424288	0.23030303030303034
949	7	-0.16969696969696968	-0.096969696969697039	0.23030303030303023	0.2787878787878787	-0.20606060606060617	-0.20606060606060617	-0.13333333333333341	-0.13333333333333341	-0.096969696969697039	-0.024242424242424288	0.16969696969696968	0.096969696969697039	0.23030303030303023	0.2787878787878787	0.20606060606060617	0.20606060606060617	0.13333333333333341	0.13333333333333341	0.096969696969697039	0.024242424242424288	0.2787878787878787
950	7	-0.2787878787878787	-0.27878787878787881	0.16969696969696957	0.16969696969696968	-0.31515151515151518	-0.084848484848484951	-0.07272727272727264	-0.23030303030303023	-0.23030303030303023	-0.036363636363636376	0.2787878787878787	0.27878787878787881	0.16969696969696957	0.16969696969696968	0.31515151515151518	0.084848484848484951	0.07272727272727264	0.23030303030303023	0.23030303030303023	0.036363636363636376	0.31515151515151518
951	8	-0.30303030303030309	-0.35151515151515161	0.29090909090909084	0.27878787878787875	-0.31515151515151518	-0.024242424242424176	-0.012121212121212199	-0.19393939393939386	-0.19393939393939386	-0.036363636363636376	0.30303030303030309	0.35151515151515161	0.29090909090909084	0.27878787878787875	0.31515151515151518	0.024242424242424176	0.012121212121212199	0.19393939393939386	0.19393939393939386	0.036363636363636376	0.35151515151515161
952	6	0.012121212121212088	-0.060606060606060552	0.024242424242424176	0.12121212121212122	-0.096969696969697039	-0.18181818181818199	-0.15757575757575748	-0.412121212121212	-0.26666666666666683	-0.096969696969696928	0.012121212121212088	0.060606060606060552	0.024242424242424176	0.12121212121212122	0.096969696969697039	0.18181818181818199	0.15757575757575748	0.412121212121212	0.26666666666666683	0.096969696969696928	0.412121212121212
953	7	-0.012121212121212088	-0.1333333333333333	0.1333333333333333	0.23030303030303023	-0.1333333333333333	-0.15757575757575748	-0.12121212121212122	-0.42424242424242431	-0.24242424242424243	-0.096969696969696928	0.012121212121212088	0.1333333333333333	0.1333333333333333	0.23030303030303023	0.1333333333333333	0.15757575757575748	0.12121212121212122	0.42424242424242431	0.24242424242424243	0.096969696969696928	0.42424242424242431
954	7	-0.14545454545454539	-0.32727272727272727	0.08484848484848484	0.1212121212121211	-0.23030303030303023	-0.024242424242424176	-0.048484848484848464	-0.56969696969696959	-0.46060606060606046	-0.10909090909090902	0.14545454545454539	0.32727272727272727	0.08484848484848484	0.1212121212121211	0.23030303030303023	0.024242424242424176	0.048484848484848464	0.56969696969696959	0.46060606060606046	0.10909090909090902	0.56969696969696959
955	8	-0.16969696969696968	-0.39999999999999986	0.206060606060606	0.23030303030303029	-0.27878787878787875	0.036363636363636487	0.012121212121212088	-0.5454545454545453	-0.39999999999999997	-0.10909090909090902	0.16969696969696968	0.39999999999999986	0.206060606060606	0.23030303030303029	0.27878787878787875	0.036363636363636487	0.012121212121212088	0.5454545454545453	0.39999999999999997	0.10909090909090902	0.5454545454545453
956	7	-0.10909090909090902	-0.16969696969696968	0.048484848484848464	0.096969696969696817	-0.19393939393939397	-0.19393939393939408	-0.16969696969696979	-0.412121212121212	-0.25454545454545441	-0.096969696969696928	0.10909090909090902	0.16969696969696968	0.048484848484848464	0.096969696969696817	0.19393939393939397	0.19393939393939408	0.16969696969696979	0.412121212121212	0.25454545454545441	0.096969696969696928	0.412121212121212
957	8	-0.13333333333333319	-0.24242424242424232	0.16969696969696968	0.2181818181818182	-0.24242424242424254	-0.15757575757575748	-0.12121212121212122	-0.44848484848484843	-0.25454545454545452	-0.096969696969696928	0.13333333333333319	0.24242424242424232	0.16969696969696968	0.2181818181818182	0.24242424242424254	0.15757575757575748	0.12121212121212122	0.44848484848484843	0.25454545454545452	0.096969696969696928	0.44848484848484843
958	8	-0.23030303030303029	-0.43636363636363629	0.096969696969697039	0.10909090909090913	-0.3393939393939393	-0.036363636363636265	-0.060606060606060663	-0.5454545454545453	-0.43636363636363629	-0.10909090909090902	0.23030303030303029	0.43636363636363629	0.096969696969697039	0.10909090909090913	0.3393939393939393	0.036363636363636265	0.060606060606060663	0.5454545454545453	0.43636363636363629	0.10909090909090902	0.5454545454545453
959	9	-0.25454545454545446	-0.53333333333333333	0.25454545454545452	0.25454545454545457	-0.39999999999999991	0.036363636363636487	0.012121212121212088	-0.5454545454545453	-0.39999999999999991	-0.10909090909090902	0.25454545454545446	0.53333333333333333	0.25454545454545452	0.25454545454545457	0.39999999999999991	0.036363636363636487	0.012121212121212088	0.5454545454545453	0.39999999999999991	0.10909090909090902	0.5454545454545453
960	4	0.26666666666666672	0.412121212121212	0.2787878787878787	0.27878787878787881	0.10909090909090902	-0.096969696969697039	-0.01212121212121231	0.24242424242424254	0.23030303030303034	0.012121212121212088	0.26666666666666672	0.412121212121212	0.2787878787878787	0.27878787878787881	0.10909090909090902	0.096969696969697039	0.01212121212121231	0.24242424242424254	0.23030303030303034	0.012121212121212088	0.412121212121212
961	5	0.23030303030303045	0.31515151515151507	0.39999999999999991	0.38787878787878782	0.060606060606060552	-0.048484848484848464	0.048484848484848464	0.21818181818181825	0.20606060606060606	0.012121212121212088	0.23030303030303045	0.31515151515151507	0.39999999999999991	0.38787878787878782	0.060606060606060552	0.048484848484848464	0.048484848484848464	0.21818181818181825	0.20606060606060606	0.012121212121212088	0.39999999999999991
962	5	0.1454545454545455	0.16969696969696968	0.36363636363636354	0.29090909090909089	-0.024242424242424288	0.036363636363636487	0.024242424242424065	0.1696969696969699	0.10909090909090913	0	0.1454545454545455	0.16969696969696968	0.36363636363636354	0.29090909090909089	0.024242424242424288	0.036363636363636487	0.024242424242424065	0.1696969696969699	0.10909090909090913	0	0.36363636363636354
963	6	0.10909090909090902	0.096969696969697039	0.49696969696969701	0.40000000000000008	-0.060606060606060552	0.12121212121212133	0.13333333333333341	0.18181818181818188	0.12121212121212122	0	0.10909090909090902	0.096969696969697039	0.49696969696969701	0.40000000000000008	0.060606060606060552	0.12121212121212133	0.13333333333333341	0.18181818181818188	0.12121212121212122	0	0.49696969696969701
964	5	0.15757575757575759	0.2666666666666665	0.32727272727272727	0.29090909090909078	0.024242424242424399	-0.10909090909090913	-0.024242424242424065	0.20606060606060617	0.20606060606060617	0.012121212121212088	0.15757575757575759	0.2666666666666665	0.32727272727272727	0.29090909090909078	0.024242424242424399	0.10909090909090913	0.024242424242424065	0.20606060606060617	0.20606060606060617	0.012121212121212088	0.32727272727272727
965	6	0.12121212121212122	0.19393939393939397	0.4363636363636364	0.38787878787878782	-0.01212121212121231	-0.07272727272727264	0.024242424242424176	0.20606060606060606	0.20606060606060606	0.012121212121212088	0.12121212121212122	0.19393939393939397	0.4363636363636364	0.38787878787878782	0.01212121212121231	0.07272727272727264	0.024242424242424176	0.20606060606060606	0.20606060606060606	0.012121212121212088	0.4363636363636364
966	6	0.024242424242424288	0.024242424242424176	0.40000000000000002	0.29090909090909089	-0.096969696969697039	0.048484848484848575	0.036363636363636487	0.1333333333333333	0.096969696969696928	0	0.024242424242424288	0.024242424242424176	0.40000000000000002	0.29090909090909089	0.096969696969697039	0.048484848484848575	0.036363636363636487	0.1333333333333333	0.096969696969696928	0	0.40000000000000002
967	7	-0.012121212121212088	-0.048484848484848464	0.5454545454545453	0.412121212121212	-0.1212121212121211	0.12121212121212122	0.1333333333333333	0.16969696969696968	0.1333333333333333	0	0.012121212121212088	0.048484848484848464	0.5454545454545453	0.412121212121212	0.1212121212121211	0.12121212121212122	0.1333333333333333	0.16969696969696968	0.1333333333333333	0	0.5454545454545453
968	5	0.37575757575757573	0.23030303030303023	0.23030303030303023	0.23030303030303023	0.13333333333333341	-0.048484848484848464	0.012121212121212088	-0.048484848484848242	0.036363636363636376	-0.07272727272727264	0.37575757575757573	0.23030303030303023	0.23030303030303023	0.23030303030303023	0.13333333333333341	0.048484848484848464	0.012121212121212088	0.048484848484848242	0.036363636363636376	0.07272727272727264	0.37575757575757573
969	6	0.33939393939393941	0.15757575757575759	0.36363636363636354	0.35151515151515161	0.096969696969696928	-0.01212121212121231	0.060606060606060552	-0.036363636363636265	0.084848484848484951	-0.07272727272727264	0.33939393939393941	0.15757575757575759	0.36363636363636354	0.35151515151515161	0.096969696969696928	0.01212121212121231	0.060606060606060552	0.036363636363636265	0.084848484848484951	0.07272727272727264	0.36363636363636354
970	6	0.21818181818181814	0	0.31515151515151496	0.23030303030303023	0.048484848484848575	0.14545454545454539	0.10909090909090902	-0.13333333333333341	-0.08484848484848484	-0.084848484848484951	0.21818181818181814	0	0.31515151515151496	0.23030303030303023	0.048484848484848575	0.14545454545454539	0.10909090909090902	0.13333333333333341	0.08484848484848484	0.084848484848484951	0.31515151515151496
971	7	0.18181818181818177	-0.072727272727272751	0.48484848484848464	0.37575757575757568	0	0.21818181818181814	0.20606060606060594	-0.08484848484848484	0	-0.084848484848484951	0.18181818181818177	0.072727272727272751	0.48484848484848464	0.37575757575757568	0	0.21818181818181814	0.20606060606060594	0.08484848484848484	0	0.084848484848484951	0.48484848484848464
972	6	0.25454545454545446	0.10909090909090913	0.26666666666666661	0.21818181818181814	0.048484848484848575	-0.084848484848484951	-0.024242424242424176	-0.048484848484848575	0.048484848484848686	-0.07272727272727264	0.25454545454545446	0.10909090909090913	0.26666666666666661	0.21818181818181814	0.048484848484848575	0.084848484848484951	0.024242424242424176	0.048484848484848575	0.048484848484848686	0.07272727272727264	0.26666666666666661
973	7	0.21818181818181814	0.036363636363636376	0.412121212121212	0.3515151515151515	0	-0.036363636363636376	0.036363636363636154	-0.036363636363636376	0.096969696969697039	-0.07272727272727264	0.21818181818181814	0.036363636363636376	0.412121212121212	0.3515151515151515	0	0.036363636363636376	0.036363636363636154	0.036363636363636376	0.096969696969697039	0.07272727272727264	0.412121212121212
974	7	0.1333333333333333	-0.12121212121212122	0.36363636363636359	0.23030303030303029	-0.048484848484848464	0.10909090909090902	0.072727272727272751	-0.1333333333333333	-0.060606060606060552	-0.084848484848484951	0.1333333333333333	0.12121212121212122	0.36363636363636359	0.23030303030303029	0.048484848484848464	0.10909090909090902	0.072727272727272751	0.1333333333333333	0.060606060606060552	0.084848484848484951	0.36363636363636359
975	8	0.096969696969696928	-0.21818181818181814	0.56969696969696959	0.41212121212121211	-0.10909090909090913	0.19393939393939386	0.18181818181818177	-0.084848484848484729	0.024242424242424176	-0.084848484848484951	0.096969696969696928	0.21818181818181814	0.56969696969696959	0.41212121212121211	0.10909090909090913	0.19393939393939386	0.18181818181818177	0.084848484848484729	0.024242424242424176	0.084848484848484951	0.56969696969696959
976	5	0.1212121212121211	0.3393939393939393	0.21818181818181803	0.25454545454545452	0.024242424242424399	-0.1212121212121211	-0.084848484848484951	0.1575757575757577	0.096969696969696928	-0.036363636363636376	0.1212121212121211	0.3393939393939393	0.21818181818181803	0.25454545454545452	0.024242424242424399	0.1212121212121211	0.084848484848484951	0.1575757575757577	0.096969696969696928	0.036363636363636376	0.3393939393939393
977	6	0.08484848484848484	0.24242424242424232	0.33939393939393936	0.36363636363636354	-0.012121212121212088	-0.07272727272727264	-0.024242424242424399	0.1454545454545455	0.084848484848484951	-0.036363636363636376	0.08484848484848484	0.24242424242424232	0.33939393939393936	0.36363636363636354	0.012121212121212088	0.07272727272727264	0.024242424242424399	0.1454545454545455	0.084848484848484951	0.036363636363636376	0.36363636363636354
978	6	-0.012121212121212088	0.096969696969696928	0.29090909090909089	0.25454545454545452	-0.14545454545454539	0.024242424242424176	-0.036363636363636487	0.060606060606060552	-0.036363636363636376	-0.048484848484848575	0.012121212121212088	0.096969696969696928	0.29090909090909089	0.25454545454545452	0.14545454545454539	0.024242424242424176	0.036363636363636487	0.060606060606060552	0.036363636363636376	0.048484848484848575	0.29090909090909089
979	7	-0.048484848484848353	0.024242424242424176	0.42424242424242409	0.36363636363636354	-0.16969696969696979	0.10909090909090913	0.072727272727272751	0.08484848484848484	-0.012121212121212199	-0.048484848484848575	0.048484848484848353	0.024242424242424176	0.42424242424242409	0.36363636363636354	0.16969696969696979	0.10909090909090913	0.072727272727272751	0.08484848484848484	0.012121212121212199	0.048484848484848575	0.42424242424242409
980	6	0	0.18181818181818199	0.25454545454545452	0.25454545454545452	-0.060606060606060552	-0.12121212121212133	-0.084848484848484951	0.13333333333333341	0.084848484848484729	-0.036363636363636376	0	0.18181818181818199	0.25454545454545452	0.25454545454545452	0.060606060606060552	0.12121212121212133	0.084848484848484951	0.13333333333333341	0.084848484848484729	0.036363636363636376	0.25454545454545452
981	7	-0.036363636363636376	0.10909090909090902	0.36363636363636354	0.35151515151515145	-0.084848484848484951	-0.084848484848484729	-0.036363636363636154	0.14545454545454539	0.096969696969697039	-0.036363636363636376	0.036363636363636376	0.10909090909090902	0.36363636363636354	0.35151515151515145	0.084848484848484951	0.084848484848484729	0.036363636363636154	0.14545454545454539	0.096969696969697039	0.036363636363636376	0.36363636363636354
982	7	-0.14545454545454539	-0.060606060606060663	0.31515151515151507	0.24242424242424232	-0.21818181818181825	0.048484848484848464	-0.012121212121212088	0.036363636363636265	-0.036363636363636376	-0.048484848484848575	0.14545454545454539	0.060606060606060663	0.31515151515151507	0.24242424242424232	0.21818181818181825	0.048484848484848464	0.012121212121212088	0.036363636363636265	0.036363636363636376	0.048484848484848575	0.31515151515151507
983	8	-0.18181818181818177	-0.1333333333333333	0.46060606060606063	0.36363636363636348	-0.23030303030303034	0.12121212121212133	0.08484848484848484	0.08484848484848484	0.012121212121212088	-0.048484848484848575	0.18181818181818177	0.1333333333333333	0.46060606060606063	0.36363636363636348	0.23030303030303034	0.12121212121212133	0.08484848484848484	0.08484848484848484	0.012121212121212088	0.048484848484848575	0.46060606060606063
984	6	0.20606060606060606	0.1575757575757577	0.14545454545454539	0.18181818181818171	0.048484848484848464	-0.072727272727272751	-0.07272727272727264	-0.12121212121212122	-0.07272727272727264	-0.12121212121212133	0.20606060606060606	0.1575757575757577	0.14545454545454539	0.18181818181818171	0.048484848484848464	0.072727272727272751	0.07272727272727264	0.12121212121212122	0.07272727272727264	0.12121212121212133	0.20606060606060606
985	7	0.16969696969696968	0.08484848484848484	0.27878787878787875	0.30303030303030293	0	-0.036363636363636265	-0.024242424242424176	-0.12121212121212122	-0.036363636363636265	-0.12121212121212133	0.16969696969696968	0.08484848484848484	0.27878787878787875	0.30303030303030293	0	0.036363636363636265	0.024242424242424176	0.12121212121212122	0.036363636363636265	0.12121212121212133	0.30303030303030293
986	7	0.036363636363636376	-0.096969696969696928	0.2181818181818182	0.16969696969696962	-0.096969696969696817	0.13333333333333341	0.036363636363636265	-0.25454545454545446	-0.23030303030303023	-0.13333333333333319	0.036363636363636376	0.096969696969696928	0.2181818181818182	0.16969696969696962	0.096969696969696817	0.13333333333333341	0.036363636363636265	0.25454545454545446	0.23030303030303023	0.13333333333333319	0.25454545454545446
987	8	0	-0.16969696969696968	0.38787878787878788	0.31515151515151507	-0.15757575757575748	0.20606060606060606	0.1333333333333333	-0.21818181818181814	-0.15757575757575759	-0.13333333333333319	0	0.16969696969696968	0.38787878787878788	0.31515151515151507	0.15757575757575748	0.20606060606060606	0.1333333333333333	0.21818181818181814	0.15757575757575759	0.13333333333333319	0.38787878787878788
988	7	0.072727272727272807	0.048484848484848464	0.16969696969696968	0.15757575757575759	-0.036363636363636376	-0.096969696969696928	-0.096969696969696817	-0.10909090909090913	-0.048484848484848464	-0.12121212121212133	0.072727272727272807	0.048484848484848464	0.16969696969696968	0.15757575757575759	0.036363636363636376	0.096969696969696928	0.096969696969696817	0.10909090909090913	0.048484848484848464	0.12121212121212133	0.16969696969696968
989	8	0.036363636363636376	-0.024242424242424288	0.31515151515151513	0.29090909090909089	-0.096969696969697039	-0.048484848484848575	-0.036363636363636487	-0.10909090909090913	-0.012121212121212088	-0.12121212121212133	0.036363636363636376	0.024242424242424288	0.31515151515151513	0.29090909090909089	0.096969696969697039	0.048484848484848575	0.036363636363636487	0.10909090909090913	0.012121212121212088	0.12121212121212133	0.31515151515151513
990	8	-0.060606060606060663	-0.20606060606060606	0.25454545454545441	0.15757575757575759	-0.19393939393939386	0.10909090909090913	0.012121212121212088	-0.24242424242424238	-0.19393939393939397	-0.13333333333333319	0.060606060606060663	0.20606060606060606	0.25454545454545441	0.15757575757575759	0.19393939393939386	0.10909090909090913	0.012121212121212088	0.24242424242424238	0.19393939393939397	0.13333333333333319	0.25454545454545441
991	9	-0.096969696969697039	-0.30303030303030293	0.46060606060606046	0.33939393939393936	-0.26666666666666655	0.19393939393939397	0.1212121212121211	-0.206060606060606	-0.12121212121212122	-0.13333333333333319	0.096969696969697039	0.30303030303030293	0.46060606060606046	0.33939393939393936	0.26666666666666655	0.19393939393939397	0.1212121212121211	0.206060606060606	0.12121212121212122	0.13333333333333319	0.46060606060606046
992	5	0.1333333333333333	0.32727272727272722	0.23030303030303023	0.14545454545454539	0.07272727272727264	-0.21818181818181814	-0.15757575757575759	0.060606060606060663	0.036363636363636487	-0.048484848484848464	0.1333333333333333	0.32727272727272722	0.23030303030303023	0.14545454545454539	0.07272727272727264	0.21818181818181814	0.15757575757575759	0.060606060606060663	0.036363636363636487	0.048484848484848464	0.32727272727272722
993	6	0.096969696969696928	0.23030303030303023	0.35151515151515134	0.25454545454545452	0.024242424242424176	-0.16969696969696979	-0.096969696969697039	0.048484848484848464	0.024242424242424176	-0.048484848484848464	0.096969696969696928	0.23030303030303023	0.35151515151515134	0.25454545454545452	0.024242424242424176	0.16969696969696979	0.096969696969697039	0.048484848484848464	0.024242424242424176	0.048484848484848464	0.35151515151515134
994	6	0	0.060606060606060552	0.30303030303030309	0.16969696969696968	-0.072727272727272751	-0.084848484848484729	-0.13333333333333341	-0.048484848484848575	-0.096969696969696928	-0.060606060606060552	0	0.060606060606060552	0.30303030303030309	0.16969696969696968	0.072727272727272751	0.084848484848484729	0.13333333333333341	0.048484848484848575	0.096969696969696928	0.060606060606060552	0.30303030303030309
995	7	-0.036363636363636376	-0.012121212121212199	0.43636363636363645	0.2787878787878787	-0.10909090909090902	0	-0.024242424242424176	-0.024242424242424288	-0.072727272727272751	-0.060606060606060552	0.036363636363636376	0.012121212121212199	0.43636363636363645	0.2787878787878787	0.10909090909090902	0	0.024242424242424176	0.024242424242424288	0.072727272727272751	0.060606060606060552	0.43636363636363645
996	6	0.012121212121212199	0.16969696969696968	0.26666666666666672	0.15757575757575759	-0.012121212121212088	-0.23030303030303034	-0.16969696969696979	0.024242424242424176	0.012121212121211977	-0.048484848484848464	0.012121212121212199	0.16969696969696968	0.26666666666666672	0.15757575757575759	0.012121212121212088	0.23030303030303034	0.16969696969696979	0.024242424242424176	0.012121212121211977	0.048484848484848464	0.26666666666666672
997	7	-0.024242424242424288	0.096969696969697039	0.37575757575757585	0.25454545454545452	-0.048484848484848575	-0.19393939393939386	-0.12121212121212133	0.036363636363636376	0.024242424242424176	-0.048484848484848464	0.024242424242424288	0.096969696969697039	0.37575757575757585	0.25454545454545452	0.048484848484848575	0.19393939393939386	0.12121212121212133	0.036363636363636376	0.024242424242424176	0.048484848484848464	0.37575757575757585
998	7	-0.1333333333333333	-0.096969696969696928	0.32727272727272716	0.14545454545454539	-0.1454545454545455	-0.07272727272727264	-0.12121212121212122	-0.08484848484848484	-0.10909090909090924	-0.060606060606060552	0.1333333333333333	0.096969696969696928	0.32727272727272716	0.14545454545454539	0.1454545454545455	0.07272727272727264	0.12121212121212122	0.08484848484848484	0.10909090909090924	0.060606060606060552	0.32727272727272716
999	8	-0.16969696969696957	-0.16969696969696968	0.47272727272727277	0.2666666666666665	-0.16969696969696968	0	-0.024242424242424288	-0.036363636363636376	-0.060606060606060663	-0.060606060606060552	0.16969696969696957	0.16969696969696968	0.47272727272727277	0.2666666666666665	0.16969696969696968	0	0.024242424242424288	0.036363636363636376	0.060606060606060663	0.060606060606060552	0.47272727272727277
1000	6	0.21818181818181814	0.1454545454545455	0.15757575757575759	0.10909090909090902	0.096969696969696928	-0.21818181818181814	-0.14545454545454539	-0.23030303030303023	-0.15757575757575748	-0.13333333333333341	0.21818181818181814	0.1454545454545455	0.15757575757575759	0.10909090909090902	0.096969696969696928	0.21818181818181814	0.14545454545454539	0.23030303030303023	0.15757575757575748	0.13333333333333341	0.23030303030303023
1001	7	0.18181818181818177	0.072727272727272751	0.29090909090909078	0.23030303030303023	0.060606060606060552	-0.18181818181818199	-0.096969696969697039	-0.23030303030303023	-0.12121212121212122	-0.13333333333333341	0.18181818181818177	0.072727272727272751	0.29090909090909078	0.23030303030303023	0.060606060606060552	0.18181818181818199	0.096969696969697039	0.23030303030303023	0.12121212121212122	0.13333333333333341	0.29090909090909078
1002	7	0.048484848484848464	-0.10909090909090902	0.23030303030303023	0.096969696969696928	0	-0.024242424242424288	-0.08484848484848484	-0.37575757575757573	-0.31515151515151507	-0.1454545454545455	0.048484848484848464	0.10909090909090902	0.23030303030303023	0.096969696969696928	0	0.024242424242424288	0.08484848484848484	0.37575757575757573	0.31515151515151507	0.1454545454545455	0.37575757575757573
1003	8	0.012121212121212088	-0.18181818181818177	0.39999999999999991	0.24242424242424238	-0.048484848484848353	0.048484848484848464	0.012121212121212088	-0.33939393939393936	-0.24242424242424232	-0.1454545454545455	0.012121212121212088	0.18181818181818177	0.39999999999999991	0.24242424242424238	0.048484848484848353	0.048484848484848464	0.012121212121212088	0.33939393939393936	0.24242424242424232	0.1454545454545455	0.39999999999999991
1004	7	0.084848484848484895	0.012121212121212199	0.18181818181818177	0.096969696969696928	0.012121212121212088	-0.25454545454545463	-0.18181818181818177	-0.23030303030303045	-0.14545454545454539	-0.13333333333333341	0.084848484848484895	0.012121212121212199	0.18181818181818177	0.096969696969696928	0.012121212121212088	0.25454545454545463	0.18181818181818177	0.23030303030303045	0.14545454545454539	0.13333333333333341	0.25454545454545463
1005	8	0.048484848484848464	-0.060606060606060663	0.32727272727272722	0.23030303030303034	-0.036363636363636376	-0.20606060606060606	-0.12121212121212122	-0.23030303030303023	-0.10909090909090924	-0.13333333333333341	0.048484848484848464	0.060606060606060663	0.32727272727272722	0.23030303030303034	0.036363636363636376	0.20606060606060606	0.12121212121212122	0.23030303030303023	0.10909090909090924	0.13333333333333341	0.32727272727272722
1006	8	-0.04848484848484852	-0.24242424242424232	0.26666666666666666	0.072727272727272696	-0.096969696969696928	-0.060606060606060663	-0.12121212121212122	-0.37575757575757568	-0.29090909090909078	-0.1454545454545455	0.04848484848484852	0.24242424242424232	0.26666666666666666	0.072727272727272696	0.096969696969696928	0.060606060606060663	0.12121212121212122	0.37575757575757568	0.29090909090909078	0.1454545454545455	0.37575757575757568
1007	9	-0.084848484848484895	-0.33939393939393941	0.47272727272727266	0.25454545454545452	-0.15757575757575759	0.024242424242424176	-0.012121212121212088	-0.3393939393939393	-0.2181818181818182	-0.1454545454545455	0.084848484848484895	0.33939393939393941	0.47272727272727266	0.25454545454545452	0.15757575757575759	0.024242424242424176	0.012121212121212088	0.3393939393939393	0.2181818181818182	0.1454545454545455	0.47272727272727266
1008	6	-0.048484848484848464	0.21818181818181814	0.14545454545454539	0.1333333333333333	-0.024242424242424176	-0.25454545454545452	-0.24242424242424254	-0.036363636363636487	-0.12121212121212133	-0.096969696969696928	0.048484848484848464	0.21818181818181814	0.14545454545454539	0.1333333333333333	0.024242424242424176	0.25454545454545452	0.24242424242424254	0.036363636363636487	0.12121212121212133	0.096969696969696928	0.25454545454545452
1009	7	-0.08484848484848484	0.1212121212121211	0.26666666666666661	0.24242424242424243	-0.060606060606060663	-0.20606060606060594	-0.18181818181818199	-0.036363636363636265	-0.12121212121212122	-0.096969696969696928	0.08484848484848484	0.1212121212121211	0.26666666666666661	0.24242424242424243	0.060606060606060663	0.20606060606060594	0.18181818181818199	0.036363636363636265	0.12121212121212122	0.096969696969696928	0.26666666666666661
1010	7	-0.19393939393939397	-0.072727272727272751	0.20606060606060606	0.14545454545454539	-0.20606060606060594	-0.10909090909090913	-0.23030303030303034	-0.16969696969696968	-0.29090909090909089	-0.13333333333333319	0.19393939393939397	0.072727272727272751	0.20606060606060606	0.14545454545454539	0.20606060606060594	0.10909090909090913	0.23030303030303034	0.16969696969696968	0.29090909090909089	0.13333333333333319	0.29090909090909089
1011	8	-0.23030303030303023	-0.14545454545454539	0.33939393939393925	0.25454545454545452	-0.23030303030303034	-0.024242424242424288	-0.12121212121212133	-0.1333333333333333	-0.25454545454545452	-0.13333333333333319	0.23030303030303023	0.14545454545454539	0.33939393939393925	0.25454545454545452	0.23030303030303034	0.024242424242424288	0.12121212121212133	0.1333333333333333	0.25454545454545452	0.13333333333333319	0.33939393939393925
1012	7	-0.18181818181818182	0.072727272727272751	0.16969696969696968	0.1333333333333333	-0.10909090909090902	-0.25454545454545463	-0.24242424242424243	-0.060606060606060663	-0.1333333333333333	-0.096969696969696928	0.18181818181818182	0.072727272727272751	0.16969696969696968	0.1333333333333333	0.10909090909090902	0.25454545454545463	0.24242424242424243	0.060606060606060663	0.1333333333333333	0.096969696969696928	0.25454545454545463
1013	8	-0.2181818181818182	0	0.2787878787878787	0.23030303030303029	-0.13333333333333341	-0.21818181818181825	-0.19393939393939397	-0.036363636363636376	-0.10909090909090913	-0.096969696969696928	0.2181818181818182	0	0.2787878787878787	0.23030303030303029	0.13333333333333341	0.21818181818181825	0.19393939393939397	0.036363636363636376	0.10909090909090913	0.096969696969696928	0.2787878787878787
1014	8	-0.3393939393939393	-0.21818181818181814	0.21818181818181814	0.10909090909090902	-0.27878787878787892	-0.08484848484848484	-0.20606060606060606	-0.19393939393939386	-0.29090909090909089	-0.13333333333333319	0.3393939393939393	0.21818181818181814	0.21818181818181814	0.10909090909090902	0.27878787878787892	0.08484848484848484	0.20606060606060606	0.19393939393939386	0.29090909090909089	0.13333333333333319	0.3393939393939393
1015	9	-0.37575757575757568	-0.29090909090909089	0.36363636363636359	0.23030303030303029	-0.29090909090909101	-0.012121212121212088	-0.10909090909090902	-0.1333333333333333	-0.23030303030303023	-0.13333333333333319	0.37575757575757568	0.29090909090909089	0.36363636363636359	0.23030303030303029	0.29090909090909101	0.012121212121212088	0.10909090909090902	0.1333333333333333	0.23030303030303023	0.13333333333333319	0.37575757575757568
1016	7	-0.012121212121212088	0.036363636363636487	0.024242424242424288	0.04848484848484852	0	-0.25454545454545452	-0.26666666666666661	-0.33939393939393936	-0.31515151515151518	-0.18181818181818188	0.012121212121212088	0.036363636363636487	0.024242424242424288	0.04848484848484852	0	0.25454545454545452	0.26666666666666661	0.33939393939393936	0.31515151515151518	0.18181818181818188	0.33939393939393936
1017	8	-0.048484848484848408	-0.036363636363636376	0.15757575757575759	0.16969696969696968	-0.048484848484848464	-0.21818181818181814	-0.21818181818181825	-0.3515151515151515	-0.29090909090909101	-0.18181818181818188	0.048484848484848408	0.036363636363636376	0.15757575757575759	0.16969696969696968	0.048484848484848464	0.21818181818181814	0.21818181818181825	0.3515151515151515	0.29090909090909101	0.18181818181818188	0.3515151515151515
1018	8	-0.19393939393939391	-0.26666666666666661	0.08484848484848484	0.024242424242424232	-0.15757575757575748	-0.048484848484848464	-0.2181818181818182	-0.53333333333333321	-0.53333333333333321	-0.21818181818181825	0.19393939393939391	0.26666666666666661	0.08484848484848484	0.024242424242424232	0.15757575757575748	0.048484848484848464	0.2181818181818182	0.53333333333333321	0.53333333333333321	0.21818181818181825	0.53333333333333321
1019	9	-0.23030303030303029	-0.33939393939393936	0.25454545454545452	0.16969696969696971	-0.21818181818181809	0.024242424242424176	-0.12121212121212116	-0.50909090909090904	-0.47272727272727272	-0.21818181818181825	0.23030303030303029	0.33939393939393936	0.25454545454545452	0.16969696969696971	0.21818181818181809	0.024242424242424176	0.12121212121212116	0.50909090909090904	0.47272727272727272	0.21818181818181825	0.50909090909090904
1020	8	-0.15757575757575759	-0.060606060606060552	0.036363636363636431	0.024242424242424232	-0.08484848484848484	-0.2787878787878787	-0.29090909090909101	-0.32727272727272727	-0.29090909090909078	-0.18181818181818188	0.15757575757575759	0.060606060606060552	0.036363636363636431	0.024242424242424232	0.08484848484848484	0.2787878787878787	0.29090909090909101	0.32727272727272727	0.29090909090909078	0.18181818181818188	0.32727272727272727
1021	9	-0.19393939393939391	-0.13333333333333319	0.18181818181818177	0.15757575757575759	-0.14545454545454539	-0.23030303030303045	-0.23030303030303023	-0.33939393939393936	-0.26666666666666672	-0.18181818181818188	0.19393939393939391	0.13333333333333319	0.18181818181818177	0.15757575757575759	0.14545454545454539	0.23030303030303045	0.23030303030303023	0.33939393939393936	0.26666666666666672	0.18181818181818188	0.33939393939393936
1022	9	-0.30303030303030298	-0.36363636363636365	0.10909090909090907	-0.012121212121212088	-0.25454545454545452	-0.072727272727272751	-0.24242424242424238	-0.52121212121212113	-0.49696969696969695	-0.21818181818181825	0.30303030303030298	0.36363636363636365	0.10909090909090907	0.012121212121212088	0.25454545454545452	0.072727272727272751	0.24242424242424238	0.52121212121212113	0.49696969696969695	0.21818181818181825	0.52121212121212113
1023	10	-0.33939393939393936	-0.46060606060606057	0.31515151515151513	0.16969696969696968	-0.32727272727272716	0.012121212121212088	-0.13333333333333336	-0.49696969696969689	-0.43636363636363629	-0.21818181818181825	0.33939393939393936	0.46060606060606057	0.31515151515151513	0.16969696969696968	0.32727272727272716	0.012121212121212088	0.13333333333333336	0.49696969696969689	0.43636363636363629	0.21818181818181825	0.49696969696969689
